Collision Id,	Report Number,	Report Version,	Is Preliminary,	NCIC Code,Crash Date Time,	Crash Time Description,	Beat,City Id,	City Code,	City Name,County Code,	City Is Active,	City Is Incorporated,	Collision Type Code,Collision Type Description,	Collision Type Other Desc,	Day Of Week,	DispatchNotified,	HasPhotographs,	HitRun,	IsAttachmentsMailed,	IsDeleted,	IsHighwayRelated,	IsTowAway,	JudicialDistrict,	MotorVehicleInvolvedWithCode,	MotorVehicleInvolvedWithDesc,MotorVehicleInvolvedWithOtherDesc,	NumberInjured,	NumberKilled,Weather 1, Weather 2, Road Condition 1, Road Condition 2, Special Condition,LightingCode, LightingDescription,Latitude,Longitude,MilepostDirection,MilepostDistance,MilepostMarker,MilepostUnitOfMeasure,	PedestrianActionCode,PedestrianActionDesc,PreparedDate,	Primary Collision Factor Code,Primary Collision Factor Violation,PrimaryCollisionFactorIsCited,	PrimaryCollisionPartyNumber,	PrimaryRoad,	ReportingDistrict,	ReportingDistrictCode,ReviewedDate,	RoadwaySurfaceCode,SecondaryDirection,	SecondaryDistance,	SecondaryRoad,	SecondaryUnitOfMeasure,	SketchDesc,	TrafficControlDeviceCode,CreatedDate,	ModifiedDate,IsCountyRoad,IsFreeway,CHP555Version,	IsAdditonalObjectStruck,NotificationDate,	NotificationTimeDescription,	HasDigitalMediaFiles,	EvidenceNumber,	IsLocationReferToNarrative,	IsAOIOneSameAsLocation
1406602,9340-2021-00307,1,False,9340,1/31/2021 11:10:00 PM,2310,282,1368,4313,San Jose,43,True,True,E,HIT OBJECT,,Sunday,NotApplicable,False,,,False,True,True,Santa Clara Superior,I,FIXED OBJECT,RAISED CURB,1.0,0.0,CLEAR,, NO UNUSUAL CONDITIONS,, ,D,DARK-NO STREET LIGHTS,37.317555,-121.97425,,,,,A,NO PEDESTRIANS INVOLVED,1/31/2021 12:00:00 AM,A,22350,False,1.0,I-280 N/B TO SARATOGA AVENUE,,,2/11/2021 7:24:26 AM,A,S,20.0,Saratoga Ave,F,,D,2/11/2021 7:24:56 AM,2/11/2021 7:24:56 AM,,True,2,,,,,,,
1406095,9340-2021-00332,1,False,9340,2/3/2021 4:50:00 PM,1650,681,1368,4313,San Jose,43,True,True,C,REAR END,,Wednesday,NotApplicable,False,,,False,True,False,Santa Clara Superior,C,OTHER MOTOR VEHICLE,,1.0,0.0,CLEAR,, NO UNUSUAL CONDITIONS,, ,A,DAYLIGHT,37.35513,-121.83837,,,,,A,NO PEDESTRIANS INVOLVED,2/3/2021 12:00:00 AM,A,22350,False,3.0,I-680 S/B FROM CAPITOL EXPRESSWAY,,,2/10/2021 11:34:56 AM,A,S,100.0,CAPITOL EXPRESSWAY,F,,A,2/10/2021 11:35:23 AM,2/10/2021 11:35:23 AM,,True,2,,,,,,,
1406075,9340-2021-00333,1,False,9340,2/3/2021 6:00:00 PM,1800,110,1368,4313,San Jose,43,True,True,C,REAR END,,Wednesday,NotApplicable,False,M,,False,True,False,Santa Clara Superior,C,OTHER MOTOR VEHICLE,,0.0,0.0,CLEAR,, NO UNUSUAL CONDITIONS,, ,C,DARK-STREET LIGHTS,37.32815,-121.83977,,,,,A,NO PEDESTRIANS INVOLVED,2/3/2021 12:00:00 AM,A,22350,False,2.0,US101 S/B,,,2/10/2021 11:17:41 AM,A,N,1.0,TULLY RD.,M,,D,2/10/2021 11:18:08 AM,2/10/2021 11:18:08 AM,,True,2,,,,,,,
1405956,9340-2021-00273,1,False,9340,1/29/2021 12:55:00 AM,55,681,1368,4313,San Jose,43,True,True,C,REAR END,,Friday,NotApplicable,False,,,False,True,True,Santa Clara Superior,C,OTHER MOTOR VEHICLE,,0.0,0.0,RAINING,, FLOODED*,, ,C,DARK-STREET LIGHTS,37.392823,-121.871942,,,,,A,NO PEDESTRIANS INVOLVED,1/29/2021 12:00:00 AM,A,22350,False,1.0,I-680 S/B,,,2/10/2021 10:05:01 AM,B,S,960.0,Hostetter Rd,F,,D,2/10/2021 10:05:31 AM,2/10/2021 10:05:31 AM,,True,2,,,,,,,
1405759,9340-2021-00328,1,False,9340,2/2/2021 7:00:00 PM,1900,281,1368,4313,San Jose,43,True,True,C,REAR END,,Tuesday,NotApplicable,False,M,,False,True,False,Santa Clara Superior,C,OTHER MOTOR VEHICLE,,0.0,0.0,CLOUDY,, NO UNUSUAL CONDITIONS,, ,C,DARK-STREET LIGHTS,37.3287,-121.8708,,,,,A,NO PEDESTRIANS INVOLVED,2/2/2021 12:00:00 AM,A,22350,False,1.0,I-280 N/B,,,2/10/2021 7:32:04 AM,B,S,115.0,11th St,F,,D,2/10/2021 7:32:38 AM,2/10/2021 7:32:38 AM,,True,2,,,,,,,
1405438,9725-2021-00128,1,False,9725,2/4/2021 9:50:00 AM,950,015,1368,4313,San Jose,43,True,True,C,REAR END,,Thursday,NotApplicable,False,,,False,True,False,Santa Clara Superior,C,OTHER MOTOR VEHICLE,,1.0,0.0,CLEAR,, NO UNUSUAL CONDITIONS,, ,A,DAYLIGHT,37.25513,-121.79242,,,,,A,NO PEDESTRIANS INVOLVED,2/4/2021 12:00:00 AM,A,22350,False,1.0,US 101 N/B,,,2/9/2021 2:05:32 PM,A,S,0.1,Blossom Hill Rd,M,,D,2/9/2021 2:06:20 PM,2/9/2021 2:06:20 PM,,True,2,,,,,,,
1405412,9340-2021-00326,1,False,9340,2/2/2021 1:50:00 PM,1350,281,1368,4313,San Jose,43,True,True,E,HIT OBJECT,,Tuesday,NotApplicable,False,,,False,True,False,Santa Clara Superior,J,OTHER OBJECT,METAL DEBRIS,0.0,0.0,CLOUDY,RAINING, NO UNUSUAL CONDITIONS,, ,A,DAYLIGHT,37.3359,-121.8577,,,,,A,NO PEDESTRIANS INVOLVED,2/2/2021 12:00:00 AM,C,,,,I-280 S/B,,,2/9/2021 1:49:07 PM,B,N,100.0,McLaughlin Ave,F,,D,2/9/2021 1:49:34 PM,2/9/2021 1:49:34 PM,,True,2,,,,,,,
1405405,9340-2021-00159,1,False,9725,1/21/2021 12:38:00 PM,1238,904,1368,4313,San Jose,43,True,True,C,REAR END,,Thursday,NotApplicable,False,,,False,True,False,Santa Clara Superior,C,OTHER MOTOR VEHICLE,,0.0,0.0,CLEAR,, CONSTRUCTION-REPAIR ZONE,, Courtesy Report,A,DAYLIGHT,37.256884,-121.795441,,,,,A,NO PEDESTRIANS INVOLVED,1/21/2021 12:00:00 AM,A,22350,False,1.0,US 101 N/B FROM BLOSSOm HILL RD. E/B,,,2/9/2021 1:42:11 PM,A,S,50.0,BLOSSOM HILL RD.,F,,D,2/9/2021 1:44:44 PM,2/9/2021 1:44:44 PM,,True,2,,,,,,,
1405373,9340-2021-00336,1,False,9340,2/3/2021 4:55:00 PM,1655,083,1368,4313,San Jose,43,True,True,C,REAR END,,Wednesday,NotApplicable,False,,,False,True,False,Santa Clara Superior,C,OTHER MOTOR VEHICLE,,0.0,0.0,CLEAR,, NO UNUSUAL CONDITIONS,, ,A,DAYLIGHT,37.2526,-121.9417,,,,,A,NO PEDESTRIANS INVOLVED,2/3/2021 12:00:00 AM,A,22350,False,1.0,SR-85 S/B,,,2/9/2021 1:27:51 PM,A,S,2824.0,Bascom Ave,F,,D,2/9/2021 1:28:21 PM,2/9/2021 1:28:21 PM,,True,2,,,,,,,
1405353,9340-2021-00331,1,False,9340,2/1/2021 12:25:00 PM,1225,681,1368,4313,San Jose,43,True,True,B,SIDE SWIPE,,Monday,NotApplicable,False,M,,False,True,False,Santa Clara Superior,C,OTHER MOTOR VEHICLE,,0.0,0.0,CLEAR,, NO UNUSUAL CONDITIONS,, ,A,DAYLIGHT,37.271132,-121.782602,,,,,A,NO PEDESTRIANS INVOLVED,2/1/2021 12:00:00 AM,A,21658(a),False,1.0, I-680 S/B TO US-101 S/B,,,2/9/2021 1:09:49 PM,A,S,955.0,KING RD.,F,REFER TO PG. #3,D,2/9/2021 1:10:07 PM,2/9/2021 1:10:07 PM,,True,2,,,,,,,
1405285,9340-2021-00327,1,False,9340,2/2/2021 6:30:00 PM,1830,281,1368,4313,San Jose,43,True,True,E,HIT OBJECT,,Tuesday,NotApplicable,False,,,False,True,True,Santa Clara Superior,I,FIXED OBJECT,CONCRETE BARRIER,0.0,0.0,CLOUDY,, NO UNUSUAL CONDITIONS,, ,C,DARK-STREET LIGHTS,37.3241,-121.8914,,,,,A,NO PEDESTRIANS INVOLVED,2/2/2021 12:00:00 AM,A,22350,False,1.0,I-280 N/B,,,2/9/2021 11:54:20 AM,B,S,480.0,SR-87,F,,D,2/9/2021 11:54:48 AM,2/9/2021 11:54:48 AM,,True,2,,,,,,,
1405271,9340-2021-00132,1,False,9340,1/17/2021 1:40:00 PM,1340,110,1368,4313,San Jose,43,True,True,B,SIDE SWIPE,,Sunday,NotApplicable,False,,,False,True,False,Santa Clara Superior,C,OTHER MOTOR VEHICLE,,0.0,0.0,CLEAR,, NO UNUSUAL CONDITIONS,, ,A,DAYLIGHT,37.303166,-121.816266,,,,,A,NO PEDESTRIANS INVOLVED,1/17/2021 12:00:00 AM,A,22107,False,,US 101 N/B,,,2/9/2021 11:37:16 AM,A,S,5.0,CAPITAL EXPY,F,,D,2/9/2021 11:37:44 AM,2/9/2021 11:37:44 AM,,True,2,,,,,,,
1405268,9340-2021-00202,1,False,9340,1/21/2021 10:30:00 AM,1030,087,1368,4313,San Jose,43,True,True,E,HIT OBJECT,,Thursday,Yes,False,,,False,True,True,Santa Clara Superior,I,FIXED OBJECT,CONCRETE WALL,0.0,0.0,CLEAR,, NO UNUSUAL CONDITIONS,, ,A,DAYLIGHT,37.322017,-121.890878,,,,,A,NO PEDESTRIANS INVOLVED,1/21/2021 12:00:00 AM,C,,,,SR-87 N/B ,,,2/9/2021 11:35:29 AM,A,N,1355.0,I-280,F,REFER TO PG. #4,D,2/9/2021 11:35:49 AM,2/9/2021 11:35:49 AM,,True,2,,,,,,,
1405265,9340-2021-00317,1,False,9340,2/2/2021 8:30:00 AM,830,087,1368,4313,San Jose,43,True,True,E,HIT OBJECT,,Tuesday,NotApplicable,False,,,False,True,True,Santa Clara Superior,J,OTHER OBJECT,CONCRETE BARRIER,0.0,0.0,CLOUDY,RAINING, NO UNUSUAL CONDITIONS,, ,A,DAYLIGHT,37.295766,-121.873551,,,,,A,NO PEDESTRIANS INVOLVED,2/2/2021 12:00:00 AM,A,22107,False,1.0,SR-87 S/B,,,2/9/2021 11:32:03 AM,B,N,500.0,Curtner Ave,F,,D,2/9/2021 11:32:32 AM,2/9/2021 11:32:32 AM,,True,2,,,,,,,
1405186,9340-2021-00312,1,False,9340,2/1/2021 3:45:00 PM,1545,230,1368,4313,San Jose,43,True,True,B,SIDE SWIPE,,Monday,NotApplicable,False,,,False,True,True,Santa Clara Superior,C,OTHER MOTOR VEHICLE,,0.0,0.0,CLEAR,, NO UNUSUAL CONDITIONS,, ,A,DAYLIGHT,37.41835,-121.965554,,,,,A,NO PEDESTRIANS INVOLVED,2/1/2021 12:00:00 AM,A,22350,False,1.0,SR-237 E/B,,,2/9/2021 10:35:09 AM,A,W,1700.0,N. FIRST STREET,F,,D,2/9/2021 10:35:47 AM,2/9/2021 10:35:47 AM,,True,2,,,,,,,
1405149,9340-2021-00298,1,False,9340,1/31/2021 4:40:00 AM,440,281,1368,4313,San Jose,43,True,True,E,HIT OBJECT,,Sunday,NotApplicable,False,,,False,True,True,Santa Clara Superior,I,FIXED OBJECT,metal guardrail,0.0,0.0,CLEAR,, NO UNUSUAL CONDITIONS,, ,B,DUSK-DAWN,37.3377,-121.855,,,,,A,NO PEDESTRIANS INVOLVED,1/31/2021 12:00:00 AM,A,22107,False,1.0,I-280 s/b to US-101 SB ,,,2/9/2021 10:10:29 AM,A,N,1050.0,US- 101,F,,D,2/9/2021 10:10:56 AM,2/9/2021 10:10:56 AM,,True,2,,,,,,,
1405101,9340-2021-00299,1,False,9340,1/31/2021 11:40:00 AM,1140,172,1368,4313,San Jose,43,True,True,B,SIDE SWIPE,,Sunday,NotApplicable,False,M,,False,True,False,Santa Clara Superior,C,OTHER MOTOR VEHICLE,,0.0,0.0,CLEAR,, NO UNUSUAL CONDITIONS,, ,A,DAYLIGHT,37.3049,-121.9407,,,,,A,NO PEDESTRIANS INVOLVED,1/31/2021 12:00:00 AM,A,22107,False,1.0,SR-17 northbound,,,2/9/2021 9:22:43 AM,A,N,3700.0,Hamilton Ave,F,,D,2/9/2021 9:23:09 AM,2/9/2021 9:23:09 AM,,True,2,,,,,,,
1404668,9340-2021-00292,1,False,9340,1/30/2021 2:45:00 PM,1445,110,1368,4313,San Jose,43,True,True,C,REAR END,,Saturday,NotApplicable,False,M,,False,True,False,Santa Clara Superior,C,OTHER MOTOR VEHICLE,,0.0,0.0,CLEAR,, NO UNUSUAL CONDITIONS,, ,A,DAYLIGHT,37.353014,-121.867184,,,,,A,NO PEDESTRIANS INVOLVED,1/30/2021 12:00:00 AM,A,22350,False,1.0,US-101 S/B TO MCKEE ROAD,,,2/8/2021 3:15:36 PM,A,S,35.0,McKee Rd,F,,A,2/8/2021 3:16:04 PM,2/8/2021 3:16:04 PM,,True,2,,,,,,,
1404662,9340-2021-00266,1,False,9340,1/28/2021 4:40:00 PM,1640,282,1368,4313,San Jose,43,True,True,E,HIT OBJECT,,Thursday,Yes,False,M,,False,True,True,Santa Clara Superior,I,FIXED OBJECT,Dirt Embankment,1.0,0.0,RAINING,, NO UNUSUAL CONDITIONS,, ,A,DAYLIGHT,37.31799,-121.97457,,,,,A,NO PEDESTRIANS INVOLVED,1/28/2021 12:00:00 AM,A,22107,False,1.0,I-280 N/B to Saratoga Ave W/B,,,2/8/2021 3:05:22 PM,B,N,60.0,Saratoga Ave,F,,A,2/8/2021 3:06:02 PM,2/8/2021 3:06:02 PM,,True,2,,,,,,,
1404652,9340-2021-00256,1,False,9340,1/28/2021 5:00:00 AM,500,110,1368,4313,San Jose,43,True,True,E,HIT OBJECT,,Thursday,NotApplicable,False,,,False,True,True,Santa Clara Superior,I,FIXED OBJECT,METERING LIGHT POLE,0.0,0.0,RAINING,, NO UNUSUAL CONDITIONS,, ,C,DARK-STREET LIGHTS,37.302947,-121.815912,,,,,A,NO PEDESTRIANS INVOLVED,1/28/2021 12:00:00 AM,A,22350,False,1.0,US 101 N/B ,,,2/8/2021 2:54:02 PM,B,S,150.0,Capitol Expy,F,,A,2/8/2021 2:54:30 PM,2/8/2021 2:54:30 PM,,True,2,,,,,,,
1404596,9340-2021-00295,1,False,9340,1/30/2021 4:40:00 PM,1640,088,1368,4313,San Jose,43,True,True,H,OTHER,tire/wheel,Saturday,NotApplicable,False,,,False,True,False,Santa Clara Superior,A,NON-COLLISION,,0.0,0.0,CLOUDY,, NO UNUSUAL CONDITIONS,, ,A,DAYLIGHT,37.32866,-121.94091,,,,,A,NO PEDESTRIANS INVOLVED,1/30/2021 12:00:00 AM,C,,,,I-880 S/B,,,2/8/2021 2:07:01 PM,A,N,2000.0,Stevens Creek Blvd,F,,D,2/8/2021 2:07:29 PM,2/8/2021 2:07:29 PM,,True,2,,,,,,,
1404560,9340-2021-00267,1,False,9340,1/28/2021 5:35:00 PM,1735,087,1368,4313,San Jose,43,True,True,B,SIDE SWIPE,,Thursday,NotApplicable,True,M,,False,True,True,Santa Clara Superior,C,OTHER MOTOR VEHICLE,,1.0,0.0,RAINING,, NO UNUSUAL CONDITIONS,, ,C,DARK-STREET LIGHTS,37.3141,-121.8872,,,,,A,NO PEDESTRIANS INVOLVED,1/28/2021 12:00:00 AM,A,21658(a),False,1.0,SR-87 SOUTHBOUND,,,2/8/2021 1:37:10 PM,B,S,550.0,Willow St,F,,D,2/8/2021 1:37:47 PM,2/8/2021 1:37:47 PM,,True,2,,,,,,,
1404511,9340-2021-00300,1,False,9340,1/30/2021 4:00:00 PM,1600,681,1368,4313,San Jose,43,True,True,C,REAR END,,Saturday,NotApplicable,False,,,False,True,False,Santa Clara Superior,C,OTHER MOTOR VEHICLE,,0.0,0.0,CLEAR,, NO UNUSUAL CONDITIONS,, ,A,DAYLIGHT,37.362818,-121.843142,,,,,A,NO PEDESTRIANS INVOLVED,1/30/2021 12:00:00 AM,A,22350,False,1.0,I-680 S/B,,,2/8/2021 12:50:57 PM,A,N,1200.0,Alum Rock Ave,F,,D,2/8/2021 12:51:28 PM,2/8/2021 12:51:28 PM,,True,2,,,,,,,
1404501,9340-2021-00294,1,False,9340,1/30/2021 4:40:00 PM,1640,110,1368,4313,San Jose,43,True,True,E,HIT OBJECT,,Saturday,NotApplicable,False,,,False,True,True,Santa Clara Superior,J,OTHER OBJECT,DIRT EMBANKMENT,0.0,0.0,CLEAR,, NO UNUSUAL CONDITIONS,, ,A,DAYLIGHT,37.281099,-121.807169,,,,,A,NO PEDESTRIANS INVOLVED,1/30/2021 12:00:00 AM,A,22107,False,1.0,US-101 N/B TO HELLYER AVE.,,,2/8/2021 12:42:27 PM,A,S,310.0,Hellyer Ave,F,,D,2/8/2021 12:42:55 PM,2/8/2021 12:42:55 PM,,True,2,,,,,,,
1404490,9340-2021-00288,1,False,9340,1/30/2021 7:30:00 AM,730,110,1368,4313,San Jose,43,True,True,B,SIDE SWIPE,,Saturday,NotApplicable,False,,,False,True,False,Santa Clara Superior,C,OTHER MOTOR VEHICLE,,0.0,0.0,CLOUDY,, NO UNUSUAL CONDITIONS,, ,A,DAYLIGHT,37.31494,-121.827868,,,,,A,NO PEDESTRIANS INVOLVED,1/30/2021 12:00:00 AM,D,,,,US101 N/B,,,2/8/2021 12:35:22 PM,A,S,500.0,Tully Rd,F,,D,2/8/2021 12:35:50 PM,2/8/2021 12:35:50 PM,,True,2,,,,,,,
1404456,9340-2021-00252,1,False,9340,1/28/2021 4:15:00 AM,415,110,1368,4313,San Jose,43,True,True,E,HIT OBJECT,,Thursday,NotApplicable,False,,,False,True,True,Santa Clara Superior,I,FIXED OBJECT,Metal Guard Rail,0.0,0.0,CLOUDY,RAINING, NO UNUSUAL CONDITIONS,, ,D,DARK-NO STREET LIGHTS,37.358163,-121.870558,,,,,A,NO PEDESTRIANS INVOLVED,1/28/2021 12:00:00 AM,A,22350,False,1.0,US101 N/B,,,2/8/2021 12:06:54 PM,B,N,1848.0,McKee Rd,F,,D,2/8/2021 12:07:29 PM,2/8/2021 12:07:29 PM,,True,2,,,,,,,
1404455,9340-2021-00264,1,False,9340,1/28/2021 3:40:00 PM,1540,281,1368,4313,San Jose,43,True,True,B,SIDE SWIPE,,Thursday,NotApplicable,False,,,False,True,False,Santa Clara Superior,C,OTHER MOTOR VEHICLE,,0.0,0.0,CLOUDY,RAINING, NO UNUSUAL CONDITIONS,, ,A,DAYLIGHT,37.33365,-121.86133,,,,,A,NO PEDESTRIANS INVOLVED,1/28/2021 12:00:00 AM,A,22107,False,1.0,I-280 S/B,,,2/8/2021 12:02:44 PM,B,S,500.0,11th St,F,,D,2/8/2021 12:03:19 PM,2/8/2021 12:03:19 PM,,True,2,,,,,,,
1404173,9340-2021-00287,1,False,9340,1/29/2021 8:45:00 PM,2045,110,1368,4313,San Jose,43,True,True,C,REAR END,,Friday,NotApplicable,False,,,False,True,False,Santa Clara Superior,C,OTHER MOTOR VEHICLE,,0.0,0.0,CLOUDY,, NO UNUSUAL CONDITIONS,, ,C,DARK-STREET LIGHTS,37.335,-121.8502,,,,,A,NO PEDESTRIANS INVOLVED,1/29/2021 12:00:00 AM,A,22350,False,1.0,US-101 S/B TO STORY ROAD,,,2/8/2021 9:28:21 AM,A,N,50.0,Story Rd,F,,D,2/8/2021 9:28:49 AM,2/8/2021 9:28:49 AM,,True,2,,,,,,,
1404145,9340-2021-00301,1,False,9340,1/29/2021 10:39:00 AM,1039,110,1368,4313,San Jose,43,True,True,B,SIDE SWIPE,,Friday,NotApplicable,False,,,False,True,False,Santa Clara Superior,C,OTHER MOTOR VEHICLE,,0.0,0.0,CLEAR,, NO UNUSUAL CONDITIONS,, ,A,DAYLIGHT,37.359007,-121.872076,,,,,A,NO PEDESTRIANS INVOLVED,1/29/2021 12:00:00 AM,A,22107,False,,US101 N/B,,,2/8/2021 9:14:31 AM,A,S,1500.0,Taylor St O/C,F,,D,2/8/2021 9:14:58 AM,2/8/2021 9:14:58 AM,,True,2,,,,,,,
1404116,9340-2021-00276,1,False,9340,1/29/2021 12:50:00 AM,50,110,1368,4313,San Jose,43,True,True,E,HIT OBJECT,,Friday,Yes,False,M,,False,True,True,Santa Clara Superior,I,FIXED OBJECT,CONCRETE BARRIER,0.0,0.0,RAINING,, NO UNUSUAL CONDITIONS,, ,C,DARK-STREET LIGHTS,37.361055,-121.877015,,,,,A,NO PEDESTRIANS INVOLVED,1/29/2021 12:00:00 AM,A,23152(a),True,1.0,US101 N/B,,,2/8/2021 8:58:10 AM,B,S,80.0,Taylor St,F,,D,2/8/2021 8:58:49 AM,2/8/2021 8:58:49 AM,,True,2,,,,,,,
1404107,9340-2021-00282,1,False,9340,1/29/2021 5:30:00 AM,530,087,1368,4313,San Jose,43,True,True,C,REAR END,,Friday,Yes,False,,,False,True,True,Santa Clara Superior,C,OTHER MOTOR VEHICLE,,1.0,0.0,CLOUDY,, NO UNUSUAL CONDITIONS,, ,C,DARK-STREET LIGHTS,37.308274,-121.88177,,,,,A,NO PEDESTRIANS INVOLVED,1/29/2021 12:00:00 AM,A,22107,False,1.0,SR-87 N/B,,,2/8/2021 8:53:41 AM,B,N,600.0,Almaden Expy,F,,D,2/8/2021 8:54:28 AM,2/8/2021 8:54:28 AM,,True,2,,,,,,,
1403759,9340-2021-00245,1,False,9340,1/27/2021 3:15:00 PM,1515,681,1368,4313,San Jose,43,True,True,E,HIT OBJECT,,Wednesday,NotApplicable,False,,,False,True,True,Santa Clara Superior,I,FIXED OBJECT,TREE,1.0,0.0,RAINING,WIND, NO UNUSUAL CONDITIONS,, ,A,DAYLIGHT,37.3401,-121.8505,,,,,A,NO PEDESTRIANS INVOLVED,1/27/2021 12:00:00 AM,A,22107,False,1.0,I-680 NORTHBOUND,,,2/6/2021 2:32:16 PM,B,N,250.0,US-101,F,,D,2/6/2021 2:32:58 PM,2/6/2021 2:32:58 PM,,True,2,,,,,,,
1403547,9340-2021-00275,1,False,9340,1/28/2021 3:40:00 PM,1540,088,1368,4313,San Jose,43,True,True,C,REAR END,,Thursday,Yes,False,M,,False,True,True,Santa Clara Superior,C,OTHER MOTOR VEHICLE,,0.0,0.0,CLOUDY,RAINING, NO UNUSUAL CONDITIONS,, ,A,DAYLIGHT,37.327992,-121.940876,,,,,A,NO PEDESTRIANS INVOLVED,1/28/2021 12:00:00 AM,A,23152(f),True,1.0,I-880 S/B,,,2/5/2021 3:16:36 PM,B,N,100.0,Stevens Creek Blvd,F,,D,2/5/2021 3:17:15 PM,2/5/2021 3:17:15 PM,,True,2,,,,,,,
1403480,9340-2021-00277,1,False,9340,1/29/2021 7:47:00 AM,747,282,1368,4313,San Jose,43,True,True,C,REAR END,,Friday,NotApplicable,False,,,False,True,True,Santa Clara Superior,C,OTHER MOTOR VEHICLE,,0.0,0.0,CLOUDY,, NO UNUSUAL CONDITIONS,, ,A,DAYLIGHT,37.3178,-121.9502,,,,,A,NO PEDESTRIANS INVOLVED,1/29/2021 12:00:00 AM,A,22350,False,1.0,I-280 N/B,,,2/5/2021 2:07:00 PM,B,N,1000.0,I-880,F,,D,2/5/2021 2:07:32 PM,2/5/2021 2:07:32 PM,,True,2,,,,,,,
1403470,9340-2021-00284,1,False,9340,1/29/2021 7:30:00 AM,730,087,1368,4313,San Jose,43,True,True,E,HIT OBJECT,,Friday,NotApplicable,False,M,,False,True,True,Santa Clara Superior,J,OTHER OBJECT,METAL GUARDRAIL,0.0,0.0,CLEAR,, NO UNUSUAL CONDITIONS,, ,A,DAYLIGHT,37.333705,-121.897311,,,,,A,NO PEDESTRIANS INVOLVED,1/29/2021 12:00:00 AM,A,22107,False,1.0,SR-87 S/B,,,2/5/2021 1:57:02 PM,B,N,1800.0,Park Ave,F,,D,2/5/2021 1:57:40 PM,2/5/2021 1:57:40 PM,,True,2,,,,,,,
1403451,9340-2021-00279,1,False,9340,1/29/2021 9:45:00 AM,945,089,1368,4313,San Jose,43,True,True,C,REAR END,,Friday,NotApplicable,False,,,False,True,False,Santa Clara Superior,C,OTHER MOTOR VEHICLE,,0.0,0.0,CLEAR,, NO UNUSUAL CONDITIONS,, ,A,DAYLIGHT,37.364012,-121.902115,,,,,A,NO PEDESTRIANS INVOLVED,1/29/2021 12:00:00 AM,A,21658(a),False,1.0,I-880 S/B,,,2/5/2021 1:35:33 PM,A,N,60.0,US101,F,,D,2/5/2021 1:36:14 PM,2/5/2021 1:36:14 PM,,True,2,,,,,,,
1403328,9340-2021-00269,1,False,9340,1/28/2021 5:08:00 AM,508,230,1368,4313,San Jose,43,True,True,E,HIT OBJECT,,Thursday,Yes,False,,,False,True,False,Santa Clara Superior,I,FIXED OBJECT,chain linked fence,1.0,0.0,CLOUDY,RAINING, NO UNUSUAL CONDITIONS,, ,D,DARK-NO STREET LIGHTS,37.4216,-121.935,,,,,A,NO PEDESTRIANS INVOLVED,1/28/2021 12:00:00 AM,A,22350,False,1.0,SR-237 W/B,,,2/5/2021 10:43:32 AM,B,E,500.0,Zanker Rd,F,,D,2/5/2021 10:44:18 AM,2/5/2021 10:44:18 AM,,True,2,,,,,,,
1403296,9340-2021-00283,1,False,9340,1/28/2021 7:40:00 AM,740,281,1368,4313,San Jose,43,True,True,C,REAR END,,Thursday,NotApplicable,False,,,False,True,True,Santa Clara Superior,C,OTHER MOTOR VEHICLE,,1.0,0.0,CLOUDY,, NO UNUSUAL CONDITIONS,, ,A,DAYLIGHT,37.333611,-121.861477,,,,,A,NO PEDESTRIANS INVOLVED,1/28/2021 12:00:00 AM,A,22350,False,1.0,I-280 S/B,,,2/5/2021 10:15:33 AM,B,S,355.0,7TH ST.,F,REFER TO PG. #4,A,2/5/2021 10:16:15 AM,2/5/2021 10:16:15 AM,,True,2,,,,,,,
1403059,9340-2021-00213,1,False,9340,1/25/2021 6:28:00 PM,1828,088,1368,4313,San Jose,43,True,True,C,REAR END,,Monday,Yes,False,F,,False,True,True,Santa Clara Superior,C,OTHER MOTOR VEHICLE,,1.0,0.0,CLEAR,, NO UNUSUAL CONDITIONS,, ,D,DARK-NO STREET LIGHTS,37.3381,-121.9319,,,,,A,NO PEDESTRIANS INVOLVED,1/25/2021 12:00:00 AM,A,22350,False,1.0,I-880 N/B,,,2/5/2021 7:17:16 AM,A,S,190.0,Park Ave,F,,D,2/5/2021 7:18:42 AM,2/5/2021 7:18:42 AM,,True,2,,,,,,,
1403034,9340-2021-00263,1,False,9340,1/28/2021 1:20:00 PM,1320,281,1368,4313,San Jose,43,True,True,B,SIDE SWIPE,,Thursday,Yes,False,,,False,True,True,Santa Clara Superior,C,OTHER MOTOR VEHICLE,,1.0,0.0,CLOUDY,RAINING, NO UNUSUAL CONDITIONS,, ,A,DAYLIGHT,37.32496,-121.886,,,,,A,NO PEDESTRIANS INVOLVED,1/28/2021 12:00:00 AM,A,22107,False,1.0,I-280 S/B,,,2/5/2021 6:30:57 AM,B,N,500.0,2nd St,F,,D,2/5/2021 6:31:41 AM,2/5/2021 6:31:41 AM,,True,2,,,,,,,