Collision Id,	Report Number,	Report Version,	Is Preliminary,	NCIC Code,Crash Date Time,	Crash Time Description,	Beat,City Id,	City Code,	City Name,County Code,	City Is Active,	City Is Incorporated,	Collision Type Code,Collision Type Description,	Collision Type Other Desc,	Day Of Week,	DispatchNotified,	HasPhotographs,	HitRun,	IsAttachmentsMailed,	IsDeleted,	IsHighwayRelated,	IsTowAway,	JudicialDistrict,	MotorVehicleInvolvedWithCode,	MotorVehicleInvolvedWithDesc,MotorVehicleInvolvedWithOtherDesc,	NumberInjured,	NumberKilled,Weather 1, Weather 2, Road Condition 1, Road Condition 2, Special Condition,LightingCode, LightingDescription,Latitude,Longitude,MilepostDirection,MilepostDistance,MilepostMarker,MilepostUnitOfMeasure,	PedestrianActionCode,PedestrianActionDesc,PreparedDate,	Primary Collision Factor Code,Primary Collision Factor Violation,PrimaryCollisionFactorIsCited,	PrimaryCollisionPartyNumber,	PrimaryRoad,	ReportingDistrict,	ReportingDistrictCode,ReviewedDate,	RoadwaySurfaceCode,SecondaryDirection,	SecondaryDistance,	SecondaryRoad,	SecondaryUnitOfMeasure,	SketchDesc,	TrafficControlDeviceCode,CreatedDate,	ModifiedDate,IsCountyRoad,IsFreeway,CHP555Version,	IsAdditonalObjectStruck,NotificationDate,	NotificationTimeDescription,	HasDigitalMediaFiles,	EvidenceNumber,	IsLocationReferToNarrative,	IsAOIOneSameAsLocation
1430794,9340-2021-00711,1,False,9340,3/10/2021 7:48:00 AM,748,120,1368,4313,San Jose,43,True,True,E,HIT OBJECT,,Wednesday,NotApplicable,False,,,False,True,True,Santa Clara Superior,I,FIXED OBJECT,RAISED CONCRETE CURB,0.0,0.0,RAINING,, NO UNUSUAL CONDITIONS,, ,A,DAYLIGHT,37.3873,-121.9759,,,,,A,NO PEDESTRIANS INVOLVED,3/10/2021 12:00:00 AM,A,22350,False,1.0,US-101 N/B TO GREAT AMERICA PARKWAY,,,3/19/2021 7:35:12 AM,B,S,28.0,Great America Pky,F,,A,3/19/2021 7:35:47 AM,3/19/2021 7:35:47 AM,,True,2,,,,,,,
1430514,9340-2021-00759,1,False,9340,3/11/2021 9:45:00 PM,2145,281,1368,4313,San Jose,43,True,True,C,REAR END,,Thursday,Yes,False,M,,False,True,True,Santa Clara Superior,C,OTHER MOTOR VEHICLE,,1.0,0.0,CLOUDY,, NO UNUSUAL CONDITIONS,, ,D,DARK-NO STREET LIGHTS,37.3278,-121.878,,,,,A,NO PEDESTRIANS INVOLVED,3/11/2021 12:00:00 AM,A,22350,False,1.0,I-280 N/B,,,3/18/2021 4:55:41 PM,A,N,500.0,7th St,F,,D,3/18/2021 4:56:24 PM,3/18/2021 4:56:24 PM,,True,2,,,,,,,
1430349,9340-2021-00731,1,False,9340,3/11/2021 1:50:00 AM,150,282,1368,4313,San Jose,43,True,True,E,HIT OBJECT,,Thursday,NotApplicable,False,M,,False,True,True,Santa Clara Superior,I,FIXED OBJECT,GUARD RAIL,0.0,0.0,RAINING,, NO UNUSUAL CONDITIONS,, ,D,DARK-NO STREET LIGHTS,37.32216,-121.93981,,,,,A,NO PEDESTRIANS INVOLVED,3/11/2021 12:00:00 AM,A,22107,False,1.0,i-280 N/B TO STEVENS CREEK BLVD,,,3/18/2021 2:00:49 PM,B,S,400.0,Stevens Creek Blvd,F,,D,3/18/2021 2:01:20 PM,3/18/2021 2:01:20 PM,,True,2,,,,,,,
1430346,9340-2021-00724,1,False,9340,3/10/2021 1:50:00 PM,1350,120,1368,4313,San Jose,43,True,True,C,REAR END,,Wednesday,NotApplicable,False,,,False,True,True,Santa Clara Superior,C,OTHER MOTOR VEHICLE,,1.0,0.0,RAINING,, NO UNUSUAL CONDITIONS,, ,A,DAYLIGHT,37.3759,-121.936,,,,,A,NO PEDESTRIANS INVOLVED,3/10/2021 12:00:00 AM,A,22350,False,1.0,US-101 N/B TO TRIMBLE RD.,,,3/18/2021 1:57:46 PM,B,S,1300.0,Trimble Rd,F,,D,3/18/2021 1:59:11 PM,3/18/2021 1:59:11 PM,,True,2,,,,,,,
1430342,9340-2021-00723,1,False,9340,3/10/2021 1:49:00 PM,1349,120,1368,4313,San Jose,43,True,True,E,HIT OBJECT,,Wednesday,NotApplicable,False,,,False,True,True,Santa Clara Superior,I,FIXED OBJECT,CONCRETE BARRIER,0.0,0.0,RAINING,, NO UNUSUAL CONDITIONS,, ,A,DAYLIGHT,37.3759,-121.936,,,,,A,NO PEDESTRIANS INVOLVED,3/10/2021 12:00:00 AM,A,22350,False,1.0,US-101 N/B TO TRIMBLE RD.,,,3/18/2021 1:53:48 PM,B,S,1200.0,Trimble Rd,F,,D,3/18/2021 1:54:18 PM,3/18/2021 1:54:18 PM,,True,2,,,,,,,
1430164,9340-2021-00748,1,False,9340,3/11/2021 5:40:00 PM,1740,088,1368,4313,San Jose,43,True,True,C,REAR END,,Thursday,NotApplicable,False,,,False,True,False,Santa Clara Superior,C,OTHER MOTOR VEHICLE,,0.0,0.0,CLEAR,, NO UNUSUAL CONDITIONS,, ,B,DUSK-DAWN,37.346,-121.922,,,,,A,NO PEDESTRIANS INVOLVED,3/11/2021 12:00:00 AM,A,22350,False,1.0,I-880 N/B,,,3/18/2021 11:24:31 AM,A,S,1500.0,Coleman Ave,F,,D,3/18/2021 11:25:29 AM,3/18/2021 11:25:29 AM,,True,2,,,,,,,
1430159,9340-2021-00749,1,False,9340,3/11/2021 5:05:00 PM,1705,120,1368,4313,San Jose,43,True,True,C,REAR END,,Thursday,NotApplicable,False,,,False,True,True,Santa Clara Superior,C,OTHER MOTOR VEHICLE,,0.0,0.0,CLEAR,, NO UNUSUAL CONDITIONS,, ,A,DAYLIGHT,37.37231,-121.920895,,,,,A,NO PEDESTRIANS INVOLVED,3/11/2021 12:00:00 AM,A,22350,False,1.0,US101 S/B,,,3/18/2021 11:20:41 AM,A,N,350.0,Brokaw Rd,F,,D,3/18/2021 11:21:13 AM,3/18/2021 11:21:13 AM,,True,2,,,,,,,
1430114,9340-2021-00741,1,False,9340,3/11/2021 12:45:00 PM,1245,088,1368,4313,San Jose,43,True,True,B,SIDE SWIPE,,Thursday,NotApplicable,False,,,False,True,False,Santa Clara Superior,C,OTHER MOTOR VEHICLE,,0.0,0.0,CLEAR,, NO UNUSUAL CONDITIONS,, ,A,DAYLIGHT,37.360005,-121.905324,,,,,A,NO PEDESTRIANS INVOLVED,3/11/2021 12:00:00 AM,A,21658(a),False,1.0,I-880 N/B,,,3/18/2021 10:48:45 AM,A,S,214.0,N. First St.,F,,D,3/18/2021 10:49:14 AM,3/18/2021 10:49:14 AM,,True,2,,,,,,,
1430065,9340-2021-00752,1,False,9340,3/11/2021 5:25:00 PM,1725,281,1368,4313,San Jose,43,True,True,C,REAR END,,Thursday,NotApplicable,False,,,False,True,False,Santa Clara Superior,C,OTHER MOTOR VEHICLE,,1.0,0.0,CLEAR,, NO UNUSUAL CONDITIONS,, ,D,DARK-NO STREET LIGHTS,37.321806,-121.897525,,,,,A,NO PEDESTRIANS INVOLVED,3/11/2021 12:00:00 AM,A,22350,False,1.0,I-280 S/B (FROM BIRD AVENUE),,,3/18/2021 10:21:51 AM,A,S,30.0,BIRD AVENUE,F,,D,3/18/2021 10:22:26 AM,3/18/2021 10:22:26 AM,,True,2,,,,,,,
1429918,9340-2021-00735,1,False,9340,3/10/2021 11:50:00 AM,1150,120,1368,4313,San Jose,43,True,True,B,SIDE SWIPE,,Wednesday,NotApplicable,False,,,False,True,True,Santa Clara Superior,C,OTHER MOTOR VEHICLE,,1.0,0.0,RAINING,hail, NO UNUSUAL CONDITIONS,, ,A,DAYLIGHT,37.372869,-121.92461,,,,,A,NO PEDESTRIANS INVOLVED,3/10/2021 12:00:00 AM,A,22350,False,1.0,US 101 S/B,,,3/18/2021 8:39:52 AM,B,S,1000.0,SR 87,F,,D,3/18/2021 8:40:34 AM,3/18/2021 8:40:34 AM,,True,2,,,,,,,
1429845,9340-2021-00663,1,False,9340,3/5/2021 5:00:00 PM,1700,281,1368,4313,San Jose,43,True,True,C,REAR END,,Friday,NotApplicable,False,,,False,True,False,Santa Clara Superior,C,OTHER MOTOR VEHICLE,,1.0,0.0,CLEAR,, NO UNUSUAL CONDITIONS,, ,A,DAYLIGHT,37.316676,-121.921793,,,,,A,NO PEDESTRIANS INVOLVED,3/5/2021 12:00:00 AM,A,22350,False,1.0,I-280 S/B,,,3/18/2021 7:13:26 AM,A,N,1950.0,Meridian Ave,F,,D,3/18/2021 7:13:56 AM,3/18/2021 7:13:56 AM,,True,2,,,,,,,
1429843,9340-2021-00756,1,False,9340,3/10/2021 5:10:00 PM,1710,110,1368,4313,San Jose,43,True,True,C,REAR END,,Wednesday,NotApplicable,False,M,,False,True,False,Santa Clara Superior,C,OTHER MOTOR VEHICLE,,0.0,0.0,CLOUDY,RAINING, NO UNUSUAL CONDITIONS,, ,A,DAYLIGHT,37.35445,-121.86653,,,,,A,NO PEDESTRIANS INVOLVED,3/10/2021 12:00:00 AM,A,22350,False,1.0,US-101 S/B,,,3/18/2021 7:11:02 AM,A,N,200.0,Mckee Road,F,,D,3/18/2021 7:11:30 AM,3/18/2021 7:11:30 AM,,True,2,,,,,,,
1429840,9340-2021-00728,1,False,9340,3/10/2021 7:05:00 PM,1905,083,1368,4313,San Jose,43,True,True,E,HIT OBJECT,,Wednesday,NotApplicable,False,M,,False,True,False,Santa Clara Superior,J,OTHER OBJECT,SOFA,0.0,0.0,CLOUDY,, NO UNUSUAL CONDITIONS,, ,D,DARK-NO STREET LIGHTS,37.151423,-121.503761,,,,,A,NO PEDESTRIANS INVOLVED,3/10/2021 12:00:00 AM,A,23114(a),False,1.0,SR-85 S/B,,,3/18/2021 7:06:55 AM,B,N,2200.0,Blossom Hill Rd,F,,D,3/18/2021 7:07:26 AM,3/18/2021 7:07:26 AM,,True,2,,,,,,,
1429838,9340-2021-00727,1,False,9340,3/10/2021 6:27:00 PM,1827,110,1368,4313,San Jose,43,True,True,C,REAR END,,Wednesday,NotApplicable,False,,,False,True,True,Santa Clara Superior,C,OTHER MOTOR VEHICLE,,1.0,0.0,CLOUDY,, NO UNUSUAL CONDITIONS,, ,C,DARK-STREET LIGHTS,37.2625,-121.800595,,,,,A,NO PEDESTRIANS INVOLVED,3/10/2021 12:00:00 AM,A,22350,False,1.0,US-101 S/B,,,3/18/2021 7:05:18 AM,B,N,1500.0,Blossom Hill Road,F,,D,3/18/2021 7:05:53 AM,3/18/2021 7:05:53 AM,,True,2,,,,,,,
1429531,9340-2021-00736,1,False,9340,3/10/2021 12:00:00 PM,1200,120,1368,4313,San Jose,43,True,True,E,HIT OBJECT,,Wednesday,NotApplicable,False,,,False,True,False,Santa Clara Superior,I,FIXED OBJECT,METAL GUARDRAIL,0.0,0.0,RAINING,, NO UNUSUAL CONDITIONS,, ,A,DAYLIGHT,37.370527,-121.912646,,,,,A,NO PEDESTRIANS INVOLVED,3/10/2021 12:00:00 AM,A,22350,False,1.0,US 101 S/B,,,3/17/2021 3:23:13 PM,B,S,500.0,FIRST ST.,F,,D,3/17/2021 3:23:45 PM,3/17/2021 3:23:45 PM,,True,2,,,,,,,
1429527,9340-2021-00721,1,False,9340,3/10/2021 12:08:00 PM,1208,681,1368,4313,San Jose,43,True,True,E,HIT OBJECT,,Wednesday,NotApplicable,False,,,False,True,True,Santa Clara Superior,I,FIXED OBJECT,METAL GUARD RAIL,1.0,0.0,CLOUDY,RAINING, NO UNUSUAL CONDITIONS,, ,A,DAYLIGHT,37.410655,-121.879244,,,,,A,NO PEDESTRIANS INVOLVED,3/10/2021 12:00:00 AM,A,22350,False,1.0,I-680 N/B,,,3/17/2021 3:19:43 PM,B,S,0.26,LANDESS AVENUE,M,,D,3/17/2021 3:20:15 PM,3/17/2021 3:20:15 PM,,True,2,,,,,,,
1429518,9340-2021-00738,1,False,9340,3/10/2021 11:46:00 AM,1146,087,1368,4313,San Jose,43,True,True,C,REAR END,,Wednesday,NotApplicable,False,M,,False,True,False,Santa Clara Superior,C,OTHER MOTOR VEHICLE,,0.0,0.0,RAINING,hail, NO UNUSUAL CONDITIONS,, On-Duty Emergency Vehicle,A,DAYLIGHT,37.357181,-121.83393,,,,,A,NO PEDESTRIANS INVOLVED,3/10/2021 12:00:00 AM,A,22350,False,1.0,SR-87 N/B,,,3/17/2021 3:06:20 PM,C,S,150.0,Skyport Dr,F,REFER TO PG. #3,D,3/17/2021 3:06:43 PM,3/17/2021 3:06:43 PM,,True,2,,,,,,,
1429373,9340-2021-00718,1,False,9340,3/10/2021 11:45:00 AM,1145,087,1368,4313,San Jose,43,True,True,C,REAR END,,Wednesday,NotApplicable,False,,,False,True,False,Santa Clara Superior,C,OTHER MOTOR VEHICLE,,0.0,0.0,RAINING,hail, NO UNUSUAL CONDITIONS,, ,A,DAYLIGHT,37.368281,-121.923945,,,,,A,NO PEDESTRIANS INVOLVED,3/10/2021 12:00:00 AM,A,22350,False,1.0,SR-87 N/B,,,3/17/2021 1:15:18 PM,C,S,55.0,Skyport Dr,F,REFER TO PG. #4,D,3/17/2021 1:15:43 PM,3/17/2021 1:15:43 PM,,True,2,,,,,,,
1450651,9340-2021-01080,1,False,9340,4/9/2021 6:55:00 PM,1855,110,1368,4313,San Jose,43,True,True,C,REAR END,,Friday,NotApplicable,False,,,False,True,True,Santa Clara Superior,C,OTHER MOTOR VEHICLE,,0.0,0.0,CLEAR,, NO UNUSUAL CONDITIONS,, ,A,DAYLIGHT,37.323628,-121.836235,,,,,A,NO PEDESTRIANS INVOLVED,4/9/2021 12:00:00 AM,A,22350,False,1.0,US101 N/B,,,4/14/2021 3:08:56 PM,A,N,2290.0,Tully Rd,F,,D,4/14/2021 3:09:25 PM,4/14/2021 3:09:25 PM,,True,2,,,,,,,
1450600,9340-2021-01070,1,False,9340,4/8/2021 6:00:00 PM,1800,088,1368,4313,San Jose,43,True,True,C,REAR END,,Thursday,NotApplicable,False,,,False,True,False,Santa Clara Superior,C,OTHER MOTOR VEHICLE,,2.0,0.0,CLEAR,, NO UNUSUAL CONDITIONS,, ,A,DAYLIGHT,37.3477,-121.9195,,,,,A,NO PEDESTRIANS INVOLVED,4/8/2021 12:00:00 AM,A,22350,False,1.0,I-880 N/B,,,4/14/2021 2:18:54 PM,A,S,530.0,Coleman Ave,F,,D,4/14/2021 2:19:30 PM,4/14/2021 2:19:30 PM,,True,2,,,,,,,
1450487,9340-2021-01083,1,False,9340,4/9/2021 9:45:00 PM,2145,681,1368,4313,San Jose,43,True,True,E,HIT OBJECT,,Friday,Yes,False,M,,False,True,True,Santa Clara Superior,I,FIXED OBJECT,DIRT EMBANKMENT,0.0,0.0,CLEAR,, NO UNUSUAL CONDITIONS,, ,D,DARK-NO STREET LIGHTS,37.3847,-121.8615,,,,,A,NO PEDESTRIANS INVOLVED,4/10/2021 12:00:00 AM,A,23152(a),True,1.0,I-680 N/B TO BERRYESSA RD,,,4/14/2021 1:01:11 PM,A,S,300.0,Berryessa Rd,F,,D,4/14/2021 1:02:21 PM,4/14/2021 1:02:21 PM,,True,2,,,,,,,
1450455,9340-2021-01086,1,False,9340,4/9/2021 9:50:00 PM,2150,088,1368,4313,San Jose,43,True,True,B,SIDE SWIPE,,Friday,NotApplicable,False,,,False,True,False,Santa Clara Superior,C,OTHER MOTOR VEHICLE,,0.0,0.0,CLEAR,, NO UNUSUAL CONDITIONS,, ,C,DARK-STREET LIGHTS,37.336649,-121.933698,,,,,A,NO PEDESTRIANS INVOLVED,4/9/2021 12:00:00 AM,A,22107,False,1.0,I-880 S/B,,,4/14/2021 12:41:21 PM,A,N,2000.0,Bascom Ave,F,,D,4/14/2021 12:41:49 PM,4/14/2021 12:41:49 PM,,True,2,,,,,,,
1450446,9340-2021-01116,1,False,9340,4/14/2021 2:10:00 AM,210,110,1368,4313,San Jose,43,True,True,E,HIT OBJECT,,Wednesday,Yes,False,,,False,True,True,Santa Clara Superior,I,FIXED OBJECT,STREET LIGHT POLE,0.0,0.0,CLEAR,, NO UNUSUAL CONDITIONS,, ,C,DARK-STREET LIGHTS,37.353463,-121.865755,,,,,A,NO PEDESTRIANS INVOLVED,4/14/2021 12:00:00 AM,A,23152(a),True,1.0,US-101 S/B TO ALUM ROCK AVE.,,,4/14/2021 12:24:02 PM,A,N,1685.0,Alum Rock Ave,F,,D,4/14/2021 12:24:42 PM,4/14/2021 12:24:42 PM,,True,2,,,,,,,
1450278,9340-2021-01074,1,False,9340,4/9/2021 11:56:00 AM,1156,089,1368,4313,San Jose,43,True,True,B,SIDE SWIPE,,Friday,NotApplicable,False,,,False,True,True,Santa Clara Superior,C,OTHER MOTOR VEHICLE,,0.0,0.0,CLEAR,, CONSTRUCTION-REPAIR ZONE,, ,A,DAYLIGHT,37.3691,-121.9022,,,,,A,NO PEDESTRIANS INVOLVED,4/9/2021 12:00:00 AM,A,21658(a),False,1.0,I-880 S/B,,,4/14/2021 10:21:51 AM,A,N,1000.0,Old Bayshore Hwy,F,,A,4/14/2021 10:23:02 AM,4/14/2021 10:23:02 AM,,True,2,,,,,,,
1450107,9340-2021-01062,1,False,9340,4/8/2021 12:04:00 AM,4,110,1368,4313,San Jose,43,True,True,E,HIT OBJECT,,Thursday,Yes,False,,,False,True,True,Santa Clara Superior,I,FIXED OBJECT,LIGHT POLE,0.0,0.0,CLEAR,, NO UNUSUAL CONDITIONS,, ,C,DARK-STREET LIGHTS,37.325,-121.8355,,,,,A,NO PEDESTRIANS INVOLVED,4/8/2021 12:00:00 AM,A,23152(a),False,1.0,US101 N/B,,,4/14/2021 8:29:44 AM,A,N,2028.0,Tully Rd,F,,D,4/14/2021 8:30:23 AM,4/14/2021 8:30:23 AM,,True,2,,,,,,,
1450068,9340-2021-01067,1,False,9340,4/8/2021 4:30:00 PM,1630,083,1368,4313,San Jose,43,True,True,C,REAR END,,Thursday,NotApplicable,False,,,False,True,True,Santa Clara Superior,C,OTHER MOTOR VEHICLE,,0.0,0.0,CLEAR,, NO UNUSUAL CONDITIONS,, ,A,DAYLIGHT,37.251021,-121.891192,,,,,A,NO PEDESTRIANS INVOLVED,4/8/2021 12:00:00 AM,A,22350,False,1.0,SR-85 S/B,,,4/14/2021 8:08:53 AM,A,N,4000.0,ALMADEN EXPRESSWAY,F,,D,4/14/2021 8:09:57 AM,4/14/2021 8:09:57 AM,,True,2,,,,,,,
1450048,9340-2021-01051,2,False,9340,4/6/2021 2:20:00 PM,1420,110,1368,4313,San Jose,43,True,True,C,REAR END,,Tuesday,NotApplicable,False,,,False,True,False,Santa Clara Superior,C,OTHER MOTOR VEHICLE,,0.0,0.0,CLEAR,, NO UNUSUAL CONDITIONS,, ,A,DAYLIGHT,37.318699,-121.83326,,,,,A,NO PEDESTRIANS INVOLVED,4/6/2021 12:00:00 AM,A,22350,False,1.0,US101 S/B,,,4/14/2021 7:50:09 AM,A,N,360.0,Tully Rd,F,,D,4/14/2021 7:50:40 AM,5/12/2021 3:48:09 PM,,True,2,,,,,,,
1449579,9340-2021-01107,1,False,9340,4/9/2021 5:45:00 PM,1745,087,1368,4313,San Jose,43,True,True,B,SIDE SWIPE,,Friday,NotApplicable,False,M,,False,True,True,Santa Clara Superior,C,OTHER MOTOR VEHICLE,,0.0,0.0,CLEAR,, NO UNUSUAL CONDITIONS,, ,A,DAYLIGHT,37.312466,-121.885072,,,,,A,NO PEDESTRIANS INVOLVED,4/9/2021 12:00:00 AM,A,22107,False,1.0,SR-87 N/B,,,4/13/2021 1:55:02 PM,A,N,1000.0,Alma Avenue,F,,D,4/13/2021 1:55:33 PM,4/13/2021 1:55:33 PM,,True,2,,,,,,,
1449550,9340-2021-01076,1,False,9340,4/9/2021 11:15:00 AM,1115,083,1368,4313,San Jose,43,True,True,E,HIT OBJECT,,Friday,NotApplicable,False,,,False,True,True,Santa Clara Superior,I,FIXED OBJECT,CONCRETE WALL,2.0,0.0,CLEAR,, NO UNUSUAL CONDITIONS,, ,A,DAYLIGHT,37.2491,-121.8339,,,,,A,NO PEDESTRIANS INVOLVED,4/9/2021 12:00:00 AM,A,22107,False,1.0,SR-85 S/B,,,4/13/2021 1:38:56 PM,A,S,700.0,Blossom Hill Rd,F,,A,4/13/2021 1:39:47 PM,4/13/2021 1:39:47 PM,,True,2,,,,,,,
1449319,9340-2021-01081,1,False,9340,4/9/2021 2:15:00 PM,1415,230,1368,4313,San Jose,43,True,True,C,REAR END,,Friday,NotApplicable,False,,,False,True,True,Santa Clara Superior,C,OTHER MOTOR VEHICLE,,1.0,0.0,CLEAR,, NO UNUSUAL CONDITIONS,, ,A,DAYLIGHT,37.418948,-121.962916,,,,,A,NO PEDESTRIANS INVOLVED,4/9/2021 12:00:00 AM,A,22350,False,1.0,SR-237 E/B,,,4/13/2021 10:45:07 AM,A,W,1000.0,1st St,F,,D,4/13/2021 10:45:58 AM,4/13/2021 10:45:58 AM,,True,2,,,,,,,
1449289,9340-2021-01069,1,False,9340,4/8/2021 5:05:00 PM,1705,083,1368,4313,San Jose,43,True,True,C,REAR END,,Thursday,NotApplicable,False,,,False,True,False,Santa Clara Superior,C,OTHER MOTOR VEHICLE,,0.0,0.0,CLEAR,, NO UNUSUAL CONDITIONS,, ,A,DAYLIGHT,37.256989,-121.875872,,,,,A,NO PEDESTRIANS INVOLVED,4/8/2021 12:00:00 AM,A,22350,False,1.0,SR-85 N/B TO ALMADEN EXPRESSWAY,,,4/13/2021 10:30:28 AM,A,S,20.0,ALMADEN EXPRESSWAY,F,,D,4/13/2021 10:31:04 AM,4/13/2021 10:31:04 AM,,True,2,,,,,,,
1448829,9340-2021-00982,1,False,9340,3/31/2021 2:00:00 AM,200,089,1368,4313,San Jose,43,True,True,E,HIT OBJECT,,Wednesday,Yes,False,,,False,True,True,Santa Clara Superior,I,FIXED OBJECT,CONCRETE CENTER DIVIDE,1.0,0.0,CLEAR,, NO UNUSUAL CONDITIONS,, ,C,DARK-STREET LIGHTS,37.41006,-121.91114,,,,,A,NO PEDESTRIANS INVOLVED,3/31/2021 12:00:00 AM,A,22107,False,1.0,I-880 N/B,,,4/12/2021 9:46:35 PM,A,S,1950.0,Great Mall Pky,F,,D,4/12/2021 9:47:28 PM,4/12/2021 9:47:28 PM,,True,2,,,,,,,
1448826,9340-2021-01073,1,False,9340,4/8/2021 5:00:00 PM,1700,281,1368,4313,San Jose,43,True,True,C,REAR END,,Thursday,NotApplicable,False,M,,False,True,True,Santa Clara Superior,C,OTHER MOTOR VEHICLE,,0.0,0.0,CLEAR,, NO UNUSUAL CONDITIONS,, ,A,DAYLIGHT,37.3277,-121.875,,,,,A,NO PEDESTRIANS INVOLVED,4/8/2021 12:00:00 AM,A,22350,False,1.0,I-280 SOUTHBOUND,,,4/12/2021 8:49:22 PM,A,N,170.0,7TH STREET,F,,D,4/12/2021 8:49:51 PM,4/12/2021 8:49:51 PM,,True,2,,,,,,,
1448824,9340-2021-01042,1,False,9340,4/5/2021 3:50:00 PM,1550,087,1368,4313,San Jose,43,True,True,C,REAR END,,Monday,NotApplicable,False,,,False,True,True,Santa Clara Superior,C,OTHER MOTOR VEHICLE,,3.0,0.0,CLEAR,, NO UNUSUAL CONDITIONS,, ,A,DAYLIGHT,37.323349,-121.892133,,,,,A,NO PEDESTRIANS INVOLVED,4/5/2021 12:00:00 AM,A,22350,False,1.0,SR-87 S/B,,,4/12/2021 8:25:47 PM,A,S,50.0,I-280,F,,D,4/12/2021 8:26:28 PM,4/12/2021 8:26:28 PM,,True,2,,,,,,,
1448823,9340-2021-01045,1,False,9340,4/3/2021 11:30:00 PM,2330,120,1368,4313,San Jose,43,True,True,E,HIT OBJECT,,Saturday,NotApplicable,False,,,False,True,True,Santa Clara Superior,I,FIXED OBJECT,DIRT EMBANKMENT,1.0,0.0,CLEAR,, NO UNUSUAL CONDITIONS,, ,C,DARK-STREET LIGHTS,37.2265,-121.5644,,,,,A,NO PEDESTRIANS INVOLVED,4/4/2021 12:00:00 AM,A,22350,False,1.0,US101 N/B,,,4/12/2021 8:22:07 PM,A,S,90.0,Trimble Rd,F,,A,4/12/2021 8:22:30 PM,4/12/2021 8:22:30 PM,,True,2,,,,,,,
1448822,9340-2021-01030,1,False,9340,4/3/2021 7:35:00 PM,1935,281,1368,4313,San Jose,43,True,True,B,SIDE SWIPE,,Saturday,NotApplicable,False,,,False,True,True,Santa Clara Superior,I,FIXED OBJECT,CENTER DIVIDER,0.0,0.0,CLEAR,, NO UNUSUAL CONDITIONS,, ,B,DUSK-DAWN,37.316852,-121.923209,,,,,A,NO PEDESTRIANS INVOLVED,4/3/2021 12:00:00 AM,A,22107,False,1.0,I-280 S/B,,,4/12/2021 8:19:10 PM,A,S,100.0,LEIGH AVENUE,F,,D,4/12/2021 8:20:29 PM,4/12/2021 8:20:29 PM,,True,2,,,,,,,
1448698,9340-2021-01071,1,False,9340,4/8/2021 5:10:00 PM,1710,088,1368,4313,San Jose,43,True,True,C,REAR END,,Thursday,NotApplicable,False,,,False,True,False,Santa Clara Superior,C,OTHER MOTOR VEHICLE,,0.0,0.0,CLEAR,, NO UNUSUAL CONDITIONS,, ,A,DAYLIGHT,37.34201,-121.92651,,,,,A,NO PEDESTRIANS INVOLVED,4/8/2021 12:00:00 AM,A,22350,False,1.0,I-880 N/B,,,4/12/2021 3:11:19 PM,A,S,100.0,The Alameda,F,,D,4/12/2021 3:12:06 PM,4/12/2021 3:12:06 PM,,True,2,,,,,,,
1448676,9340-2021-01068,1,False,9340,4/8/2021 5:15:00 PM,1715,281,1368,4313,San Jose,43,True,True,C,REAR END,,Thursday,NotApplicable,False,M,,False,True,False,Santa Clara Superior,C,OTHER MOTOR VEHICLE,,0.0,0.0,CLEAR,, NO UNUSUAL CONDITIONS,, ,A,DAYLIGHT,37.328965,-121.870768,,,,,A,NO PEDESTRIANS INVOLVED,4/8/2021 12:00:00 AM,A,22350,False,1.0,I-280 N/B to 11th Street,,,4/12/2021 2:57:49 PM,A,S,30.0,11th Street,F,,A,4/12/2021 2:58:22 PM,4/12/2021 2:58:22 PM,,True,2,,,,,,,
1448613,9340-2021-01065,1,False,9340,4/8/2021 2:40:00 PM,1440,120,1368,4313,San Jose,43,True,True,C,REAR END,,Thursday,NotApplicable,False,,,False,True,True,Santa Clara Superior,C,OTHER MOTOR VEHICLE,,0.0,0.0,CLEAR,, NO UNUSUAL CONDITIONS,, ,A,DAYLIGHT,37.381887,-121.963441,,,,,A,NO PEDESTRIANS INVOLVED,4/8/2021 12:00:00 AM,A,22350,False,1.0,US101 S/B,,,4/12/2021 2:11:48 PM,A,S,211.0,Montague Expy,F,,D,4/12/2021 2:12:18 PM,4/12/2021 2:12:18 PM,,True,2,,,,,,,