Collision Id,	Report Number,	Report Version,	Is Preliminary,	NCIC Code,Crash Date Time,	Crash Time Description,	Beat,City Id,	City Code,	City Name,County Code,	City Is Active,	City Is Incorporated,	Collision Type Code,Collision Type Description,	Collision Type Other Desc,	Day Of Week,	DispatchNotified,	HasPhotographs,	HitRun,	IsAttachmentsMailed,	IsDeleted,	IsHighwayRelated,	IsTowAway,	JudicialDistrict,	MotorVehicleInvolvedWithCode,	MotorVehicleInvolvedWithDesc,MotorVehicleInvolvedWithOtherDesc,	NumberInjured,	NumberKilled,Weather 1, Weather 2, Road Condition 1, Road Condition 2, Special Condition,LightingCode, LightingDescription,Latitude,Longitude,MilepostDirection,MilepostDistance,MilepostMarker,MilepostUnitOfMeasure,	PedestrianActionCode,PedestrianActionDesc,PreparedDate,	Primary Collision Factor Code,Primary Collision Factor Violation,PrimaryCollisionFactorIsCited,	PrimaryCollisionPartyNumber,	PrimaryRoad,	ReportingDistrict,	ReportingDistrictCode,ReviewedDate,	RoadwaySurfaceCode,SecondaryDirection,	SecondaryDistance,	SecondaryRoad,	SecondaryUnitOfMeasure,	SketchDesc,	TrafficControlDeviceCode,CreatedDate,	ModifiedDate,IsCountyRoad,IsFreeway,CHP555Version,	IsAdditonalObjectStruck,NotificationDate,	NotificationTimeDescription,	HasDigitalMediaFiles,	EvidenceNumber,	IsLocationReferToNarrative,	IsAOIOneSameAsLocation
1498597,9340-2021-10283,1,False,9340,6/1/2021 8:30:00 AM,830,120,1368,4313,San Jose,43,True,True,F,OVERTURNED,DIRT FIELD,Tuesday,NotApplicable,False,,,False,True,True,SANTA CLARA SUPERIOR COURT SANTA CLARA COURTHOUSE,A,NON-COLLISION,DIRT FIELD,0.0,0.0,CLEAR,, NO UNUSUAL CONDITIONS,, ,A,DAYLIGHT,37.376312,-121.940792,,,,,A,NO PEDESTRIANS INVOLVED,6/1/2021 8:30:00 AM,A,VC 22107,False,,US-101 S/B,,,6/16/2021 12:00:00 AM,A,S,258.0,DE LA CRUZ BLVD.,F,,D,6/16/2021 12:56:48 PM,6/16/2021 12:56:48 PM,False,True,4,,,,,,,
1498459,9725-2021-10136,1,False,9725,6/6/2021 6:20:00 PM,1820,015,1368,4313,San Jose,43,True,True,C,REAR END,,Sunday,NotApplicable,False,M,,False,True,False,SANTA CLARA SUPERIOR COURT SANTA CLARA COURTHOUSE,C,OTHER MOTOR VEHICLE,,0.0,0.0,CLEAR,, NO UNUSUAL CONDITIONS,, ,A,DAYLIGHT,37.230004,-121.747856,,,,,A,NO PEDESTRIANS INVOLVED,6/6/2021 6:20:00 PM,A,VC 22350,False,,US-101 N/B,,,6/16/2021 12:00:00 AM,A,N,100.0,METCALF RD,F,,D,6/16/2021 11:21:42 AM,6/16/2021 11:21:42 AM,False,True,4,,,,,,,
1498382,9340-2021-10364,1,False,9340,6/8/2021 6:30:00 PM,1830,681,1368,4313,San Jose,43,True,True,C,REAR END,,Tuesday,NotApplicable,False,,,False,True,True,SANTA CLARA SUPERIOR COURT HALL OF JUSTICE,C,OTHER MOTOR VEHICLE,,1.0,0.0,CLEAR,, NO UNUSUAL CONDITIONS,, ,A,DAYLIGHT,37.3814,-121.8598,,,,,A,NO PEDESTRIANS INVOLVED,6/8/2021 6:30:00 PM,A,VC 22350,False,,I-680 S/B,,,6/16/2021 12:00:00 AM,A,S,1000.0,BERRYESSA RD.,F,,A,6/16/2021 10:28:09 AM,6/16/2021 10:28:09 AM,False,True,4,,,,,,,
1498331,9340-2021-10370,1,False,9340,6/8/2021 5:10:00 PM,1710,083,1368,4313,San Jose,43,True,True,C,REAR END,,Tuesday,NotApplicable,False,,,False,True,True,SANTA CLARA SUPERIOR COURT HALL OF JUSTICE,C,OTHER MOTOR VEHICLE,,1.0,0.0,CLEAR,, NO UNUSUAL CONDITIONS,, ,A,DAYLIGHT,37.254187,-121.949723,,,,,A,NO PEDESTRIANS INVOLVED,6/8/2021 5:10:00 PM,A,VC 22350,False,,SR-85 S/B,,,6/16/2021 12:00:00 AM,A,S,400.0,BASCOM AVE,F,,D,6/16/2021 9:42:24 AM,6/16/2021 9:42:24 AM,False,True,4,,,,,,,
1498299,9340-2021-10372,2,False,9340,6/8/2021 5:01:00 PM,1701,110,1368,4313,San Jose,43,True,True,C,REAR END,,Tuesday,NotApplicable,False,,,False,True,False,SANTA CLARA SUPERIOR COURT HALL OF JUSTICE,C,OTHER MOTOR VEHICLE,,0.0,0.0,CLEAR,, NO UNUSUAL CONDITIONS,, ,A,DAYLIGHT,37.279666,-121.807277,,,,,A,NO PEDESTRIANS INVOLVED,6/8/2021 5:01:00 PM,A,VC 22350,False,,US-101 S/B,,,6/16/2021 12:00:00 AM,A,S,2250.0,HELLYER AVE,F,,D,6/16/2021 9:22:58 AM,6/16/2021 9:28:52 AM,False,True,4,,,,,,,
1498269,9340-2021-10355,1,False,9340,6/7/2021 8:50:00 PM,2050,681,1368,4313,San Jose,43,True,True,E,HIT OBJECT,,Monday,NotApplicable,False,,,False,True,False,SANTA CLARA SUPERIOR COURT HALL OF JUSTICE,I,FIXED OBJECT,CONCRETE CENTER DIVIDE,1.0,0.0,CLEAR,, NO UNUSUAL CONDITIONS,, ,C,DARK-STREET LIGHTS,37.354943,-121.838351,,,,,A,NO PEDESTRIANS INVOLVED,6/7/2021 8:50:00 PM,A,VC 22107,False,,I-680,,,6/16/2021 12:00:00 AM,A,S,250.0,CAPITOL EXPRESSWAY,F,,D,6/16/2021 9:05:35 AM,6/16/2021 9:05:35 AM,False,True,4,,,,,,,
1498219,9340-2021-10338,1,False,9340,6/6/2021 12:56:00 PM,1256,110,1368,4313,San Jose,43,True,True,C,REAR END,,Sunday,Yes,False,F,,False,True,True,SANTA CLARA SUPERIOR COURT HALL OF JUSTICE,C,OTHER MOTOR VEHICLE,,2.0,0.0,CLEAR,, NO UNUSUAL CONDITIONS,, ,A,DAYLIGHT,37.25741,-121.79632,,,,,A,NO PEDESTRIANS INVOLVED,6/6/2021 12:56:00 PM,A,VC 22350,False,,US-101 N/B,,,6/16/2021 12:00:00 AM,A,N,25.0,BLOSSOM HILL ROAD,F,,D,6/16/2021 8:42:46 AM,6/16/2021 8:42:46 AM,False,True,4,,,,,,,
1497877,9340-2021-10362,1,False,9340,6/8/2021 4:25:00 PM,1625,282,1368,4313,San Jose,43,True,True,C,REAR END,,Tuesday,NotApplicable,False,,,False,True,False,SANTA CLARA SUPERIOR COURT DOWNTOWN SUPERIOR COURT,C,OTHER MOTOR VEHICLE,,0.0,0.0,CLEAR,, NO UNUSUAL CONDITIONS,, ,A,DAYLIGHT,37.31839,-121.99066,,,,,A,NO PEDESTRIANS INVOLVED,6/8/2021 4:25:00 PM,A,VC 22350,False,,I-280 S/B,,,6/15/2021 12:00:00 AM,A,S,800.0,LAWRENCE EXPY,F,,D,6/15/2021 9:32:03 PM,6/15/2021 9:32:03 PM,False,True,4,,,,,,,
1497874,9340-2021-10368,1,False,9340,6/8/2021 4:15:00 PM,1615,281,1368,4313,San Jose,43,True,True,C,REAR END,,Tuesday,NotApplicable,False,,,False,True,False,SANTA CLARA SUPERIOR COURT HALL OF JUSTICE,C,OTHER MOTOR VEHICLE,,0.0,0.0,CLEAR,, NO UNUSUAL CONDITIONS,, ,A,DAYLIGHT,37.317239,-121.93383,,,,,A,NO PEDESTRIANS INVOLVED,6/8/2021 4:15:00 PM,A,VC 22350,False,,I-280 S/B,,,6/15/2021 12:00:00 AM,A,N,500.0,BASCOM AVE,F,,D,6/15/2021 8:37:10 PM,6/15/2021 8:37:10 PM,False,True,4,,,,,,,
1497871,9340-2021-10371,1,False,9340,6/8/2021 3:30:00 PM,1530,110,1368,4313,San Jose,43,True,True,C,REAR END,,Tuesday,NotApplicable,False,,,False,True,False,SANTA CLARA SUPERIOR COURT HALL OF JUSTICE,C,OTHER MOTOR VEHICLE,,0.0,0.0,CLEAR,, NO UNUSUAL CONDITIONS,, ,A,DAYLIGHT,37.336606,-121.846975,,,,,A,NO PEDESTRIANS INVOLVED,6/8/2021 3:30:00 PM,A,VC 22350,False,,US-101 N/B TO STORY RD. EB,,,6/15/2021 12:00:00 AM,A,S,10.0,STORY RD.,F,,D,6/15/2021 8:29:00 PM,6/15/2021 8:29:00 PM,False,True,4,,,,,,,
1497870,9340-2021-10361,1,False,9340,6/8/2021 2:20:00 PM,1420,681,1368,4313,San Jose,43,True,True,B,SIDE SWIPE,,Tuesday,NotApplicable,False,,,False,True,False,SANTA CLARA SUPERIOR COURT HALL OF JUSTICE,C,OTHER MOTOR VEHICLE,,0.0,0.0,CLEAR,, NO UNUSUAL CONDITIONS,, ,A,DAYLIGHT,37.3646,-121.8441,,,,,A,NO PEDESTRIANS INVOLVED,6/8/2021 2:20:00 PM,A,VC 21658(a),False,,I-680 S/B,,,6/15/2021 12:00:00 AM,A,S,1200.0,MCKEE RD,F,,A,6/15/2021 7:59:52 PM,6/15/2021 7:59:52 PM,False,True,4,,,,,,,
1497828,9340-2021-10350,1,False,9340,6/7/2021 2:40:00 PM,1440,281,1368,4313,San Jose,43,True,True,C,REAR END,,Monday,NotApplicable,False,,,False,True,False,SANTA CLARA SUPERIOR COURT HALL OF JUSTICE,C,OTHER MOTOR VEHICLE,,1.0,0.0,CLEAR,, NO UNUSUAL CONDITIONS,, ,A,DAYLIGHT,37.33028,-121.867482,,,,,A,NO PEDESTRIANS INVOLVED,6/7/2021 2:40:00 PM,A,VC 22350,False,,I-280 N/B,,,6/15/2021 12:00:00 AM,A,S,1000.0,11TH ST.,F,,D,6/15/2021 4:47:52 PM,6/15/2021 4:47:52 PM,False,True,4,,,,,,,
1497761,9340-2021-10317,1,False,9340,6/4/2021 3:45:00 PM,1545,083,1368,4313,San Jose,43,True,True,E,HIT OBJECT,,Friday,NotApplicable,False,,,False,True,True,SANTA CLARA SUPERIOR COURT DOWNTOWN SUPERIOR COURT,I,FIXED OBJECT,CONCRETE WALL,1.0,0.0,CLEAR,, NO UNUSUAL CONDITIONS,, ,A,DAYLIGHT,37.243493,-121.806318,,,,,A,NO PEDESTRIANS INVOLVED,6/4/2021 3:45:00 PM,C,,,,SR-85 N/B,,,6/15/2021 12:00:00 AM,A,N,10.0,COTTLE ROAD,F,,D,6/15/2021 3:28:28 PM,6/15/2021 3:28:28 PM,False,True,4,,,,,,,
1497726,9340-2021-10342,1,False,9340,6/6/2021 7:34:00 PM,1934,083,1368,4313,San Jose,43,True,True,B,SIDE SWIPE,,Sunday,NotApplicable,False,,,False,True,True,SANTA CLARA SUPERIOR COURT HALL OF JUSTICE,C,OTHER MOTOR VEHICLE,,0.0,0.0,CLEAR,, NO UNUSUAL CONDITIONS,, ,A,DAYLIGHT,37.254644,-121.844626,,,,,A,NO PEDESTRIANS INVOLVED,6/6/2021 7:34:00 PM,A,VC 22107,False,,SR-85 N/B,,,6/15/2021 12:00:00 AM,A,N,500.0,CANOAS CREEK,F,,D,6/15/2021 2:51:44 PM,6/15/2021 2:51:44 PM,False,True,4,True,,,,,,
1497724,9340-2021-10359,1,False,9340,6/8/2021 10:00:00 AM,1000,088,1368,4313,San Jose,43,True,True,E,HIT OBJECT,,Tuesday,NotApplicable,False,,,False,True,False,SANTA CLARA SUPERIOR COURT HALL OF JUSTICE,I,FIXED OBJECT,CONCRETE MEDIAN WALL,1.0,0.0,CLEAR,, NO UNUSUAL CONDITIONS,, ,A,DAYLIGHT,36.36026,-121.90536,,,,,A,NO PEDESTRIANS INVOLVED,6/8/2021 10:00:00 AM,A,VC 22107,False,,I-880 S/B,,,6/15/2021 12:00:00 AM,A,N,765.0,N. FIRST ST.,F,,D,6/15/2021 2:49:40 PM,6/15/2021 2:49:40 PM,False,True,4,,,,,,,
1497715,9340-2021-10358,1,False,9340,6/8/2021 7:45:00 AM,745,281,1368,4313,San Jose,43,True,True,B,SIDE SWIPE,,Tuesday,NotApplicable,False,,,False,True,False,SANTA CLARA SUPERIOR COURT HALL OF JUSTICE,C,OTHER MOTOR VEHICLE,,0.0,0.0,CLEAR,, NO UNUSUAL CONDITIONS,, ,A,DAYLIGHT,37.317259,-121.931939,,,,,A,NO PEDESTRIANS INVOLVED,6/8/2021 7:45:00 AM,A,VC 22350,False,,I-280 N/B,,,6/15/2021 12:00:00 AM,A,S,1500.0,STEVENS CREEK BLVD.,F,,D,6/15/2021 2:42:05 PM,6/15/2021 2:42:05 PM,False,True,4,,,,,,,
1497711,9340-2021-10360,1,False,9340,6/8/2021 9:50:00 AM,950,087,1368,4313,San Jose,43,True,True,C,REAR END,,Tuesday,NotApplicable,False,,,False,True,False,SANTA CLARA SUPERIOR COURT HALL OF JUSTICE,C,OTHER MOTOR VEHICLE,,0.0,0.0,CLEAR,, NO UNUSUAL CONDITIONS,, ,A,DAYLIGHT,37.299052,-121.874679,,,,,A,NO PEDESTRIANS INVOLVED,6/8/2021 9:50:00 AM,A,VC 22350,False,,SR-87 N/B FROM CURTNER AVE.,,,6/15/2021 12:00:00 AM,A,N,175.0,CURTNER AVE.,F,,D,6/15/2021 2:38:20 PM,6/15/2021 2:38:20 PM,False,True,4,,,,,,,
1497675,9725-2021-00279,2,False,9725,3/17/2021 11:42:00 PM,2342,015,1368,4313,San Jose,43,True,True,C,REAR END,,Wednesday,Yes,True,,,False,True,True,San Jose Superior,C,OTHER MOTOR VEHICLE,,0.0,1.0,CLEAR,, NO UNUSUAL CONDITIONS,, Fatal,C,DARK-STREET LIGHTS,37.23658,-121.75894,,,,,A,NO PEDESTRIANS INVOLVED,3/17/2021 12:00:00 AM,A,23152(a),False,1.0,US-101 N/B,,,1/6/2022 4:35:11 PM,A,N,0.6,Metcalf Road,M,,D,6/15/2021 2:14:13 PM,1/6/2022 4:35:30 PM,,True,2,,,,,,,
1497628,9340-2021-10249,1,False,9340,5/29/2021 1:10:00 AM,110,110,1368,4313,San Jose,43,True,True,C,REAR END,,Saturday,Yes,False,,,False,True,True,SANTA CLARA SUPERIOR COURT DOWNTOWN SUPERIOR COURT,C,OTHER MOTOR VEHICLE,,0.0,0.0,CLEAR,, NO UNUSUAL CONDITIONS,, ,D,DARK-NO STREET LIGHTS,37.310269,-121.823704,,,,,A,NO PEDESTRIANS INVOLVED,5/29/2021 1:10:00 AM,A,VC 23152(a),True,,US-101 S/B ,,,6/15/2021 12:00:00 AM,A,N,3250.0,CAPITOL EXPY,F,,D,6/15/2021 1:43:06 PM,6/15/2021 1:43:06 PM,False,True,4,,,,,,,
1497592,9340-2021-10352,1,False,9340,6/7/2021 3:10:00 PM,1510,681,1368,4313,San Jose,43,True,True,B,SIDE SWIPE,,Monday,NotApplicable,False,M,,False,True,False,SANTA CLARA SUPERIOR COURT HALL OF JUSTICE,C,OTHER MOTOR VEHICLE,,0.0,0.0,CLEAR,, NO UNUSUAL CONDITIONS,, ,A,DAYLIGHT,37.336693,-121.85048,,,,,A,NO PEDESTRIANS INVOLVED,6/7/2021 3:10:00 PM,A,VC 22350,False,,I-680 S/B TO US-101 S/B,,,6/15/2021 12:00:00 AM,A,S,200.0,US-101,F,,D,6/15/2021 1:27:51 PM,6/15/2021 1:27:51 PM,False,True,4,,,,,,,
1497578,9340-2021-10351,1,False,9340,6/7/2021 2:45:00 PM,1445,281,1368,4313,San Jose,43,True,True,C,REAR END,,Monday,NotApplicable,False,,,False,True,False,SANTA CLARA SUPERIOR COURT HALL OF JUSTICE,C,OTHER MOTOR VEHICLE,,0.0,0.0,CLEAR,, NO UNUSUAL CONDITIONS,, ,A,DAYLIGHT,37.33028,-121.867482,,,,,A,NO PEDESTRIANS INVOLVED,6/7/2021 2:45:00 PM,A,VC 22350,False,,I-280 N/B,,,6/15/2021 12:00:00 AM,A,S,1000.0,11TH ST.,F,,D,6/15/2021 1:18:23 PM,6/15/2021 1:18:23 PM,False,True,4,,,,,,,
1497481,9340-2021-10348,1,False,9340,6/7/2021 5:45:00 AM,545,087,1368,4313,San Jose,43,True,True,B,SIDE SWIPE,,Monday,NotApplicable,False,,,False,True,True,SANTA CLARA SUPERIOR COURT HALL OF JUSTICE,C,OTHER MOTOR VEHICLE,,1.0,0.0,CLEAR,, NO UNUSUAL CONDITIONS,, ,B,DUSK-DAWN,37.367884,-121.92371,,,,,A,NO PEDESTRIANS INVOLVED,6/7/2021 5:45:00 AM,A,VC 21658(A),False,,SR-87 N/B,,,6/15/2021 12:00:00 AM,A,N,10.0,SKYPORT DR.,F,,D,6/15/2021 12:15:11 PM,6/15/2021 12:15:11 PM,False,True,4,,,,,,,
1497079,9340-2021-10309,1,False,9340,6/3/2021 3:20:00 PM,1520,010,1368,4313,San Jose,43,True,True,A,HEAD-ON,,Thursday,NotApplicable,False,,,False,False,False,SANTA CLARA SUPERIOR COURT HALL OF JUSTICE,C,OTHER MOTOR VEHICLE,,0.0,0.0,CLEAR,, NO UNUSUAL CONDITIONS,, ,A,DAYLIGHT,37.378196,-121.830995,,,,,A,NO PEDESTRIANS INVOLVED,6/3/2021 3:20:00 PM,A,VC 22107,False,,CLAREMONT AVE,,,6/15/2021 12:00:00 AM,A,S,10.0,MCKEE RD,F,,A,6/15/2021 7:50:57 AM,6/15/2021 7:50:57 AM,True,False,4,,,,,,,
1496817,9340-2021-10330,1,False,9340,6/6/2021 12:00:00 AM,0,083,1368,4313,San Jose,43,True,True,F,OVERTURNED,,Sunday,Yes,False,,,False,True,True,SANTA CLARA SUPERIOR COURT DOWNTOWN SUPERIOR COURT,A,NON-COLLISION,ASPHALT CONCRETE,0.0,0.0,CLEAR,, NO UNUSUAL CONDITIONS,, ,D,DARK-NO STREET LIGHTS,37.2431,-121.8152,,,,,A,NO PEDESTRIANS INVOLVED,6/6/2021 12:00:00 AM,A,VC 22107,False,,SR-85 S/B,,,6/14/2021 12:00:00 AM,A,N,2000.0,COTTLE ROAD,F,,D,6/14/2021 9:25:17 PM,6/14/2021 9:25:17 PM,False,True,4,,,,,,,
1496814,9340-2021-10325,1,False,9340,6/5/2021 3:00:00 PM,1500,087,1368,4313,San Jose,43,True,True,E,HIT OBJECT,,Saturday,NotApplicable,False,M,,False,True,True,SANTA CLARA SUPERIOR COURT HALL OF JUSTICE,I,FIXED OBJECT,DIRT EMBANKMENT,0.0,0.0,CLEAR,, NO UNUSUAL CONDITIONS,, ,A,DAYLIGHT,37.3242,-121.8916,,,,,A,NO PEDESTRIANS INVOLVED,6/5/2021 3:00:00 PM,A,VC 22350,False,,SR-87 N/B TO N/B I-280,,,6/14/2021 12:00:00 AM,A,E,50.0,I-280,F,,A,6/14/2021 9:08:27 PM,6/14/2021 9:08:27 PM,False,True,4,,,,,,,
1496800,9340-2021-10204,2,False,9340,5/25/2021 6:00:00 PM,1800,110,1368,4313,San Jose,43,True,True,B,SIDE SWIPE,,Tuesday,Yes,False,F,,False,True,True,SANTA CLARA SUPERIOR COURT DOWNTOWN SUPERIOR COURT,C,OTHER MOTOR VEHICLE,,3.0,0.0,CLEAR,, NO UNUSUAL CONDITIONS,, ,A,DAYLIGHT,37.205671,-121.513974,,,,,A,NO PEDESTRIANS INVOLVED,5/25/2021 6:00:00 PM,A,VC 21658(A),False,,US-101 SB,,,8/17/2021 12:00:00 AM,A,S,300.0,ALUM ROCK AVE,F,,D,6/14/2021 7:21:11 PM,8/17/2021 6:11:36 PM,False,True,4,,,,,,,
1496789,9340-2021-10167,1,False,9340,5/22/2021 7:30:00 AM,730,120,1368,4313,San Jose,43,True,True,F,OVERTURNED,,Saturday,Yes,False,,,False,True,True,SANTA CLARA SUPERIOR COURT DOWNTOWN SUPERIOR COURT,A,NON-COLLISION,,1.0,0.0,CLEAR,, NO UNUSUAL CONDITIONS,, ,A,DAYLIGHT,37.375258,-121.942064,,,,,A,NO PEDESTRIANS INVOLVED,5/22/2021 7:30:00 AM,A,VC 22107,False,,US-101 SOUTHBOUND FROM DE LA CRUZ BLVD.,,,6/14/2021 12:00:00 AM,A,S,200.0,DE LA CRUZ BLVD,F,,A,6/14/2021 6:27:49 PM,6/14/2021 6:27:49 PM,False,True,4,,,,,,,
1496633,9340-2021-10245,1,False,9340,5/28/2021 2:50:00 PM,1450,681,1368,4313,San Jose,43,True,True,B,SIDE SWIPE,,Friday,NotApplicable,False,M,,False,True,False,SANTA CLARA SUPERIOR COURT SANTA CLARA COURTHOUSE,C,OTHER MOTOR VEHICLE,,0.0,0.0,CLEAR,, NO UNUSUAL CONDITIONS,, ,A,DAYLIGHT,37.349351,-121.83894,,,,,A,NO PEDESTRIANS INVOLVED,5/28/2021 2:50:00 PM,A,VC 21658(A),False,,I-680 N/B,,,6/14/2021 12:00:00 AM,A,S,1800.0,JACKSON AVE,F,,D,6/14/2021 3:08:37 PM,6/14/2021 3:08:37 PM,False,True,4,,,,,,,
1496615,9340-2021-10340,1,False,9340,6/6/2021 5:50:00 PM,1750,083,1368,4313,San Jose,43,True,True,C,REAR END,,Sunday,NotApplicable,False,,,False,True,True,SANTA CLARA SUPERIOR COURT HALL OF JUSTICE,C,OTHER MOTOR VEHICLE,,0.0,0.0,CLEAR,, NO UNUSUAL CONDITIONS,, ,A,DAYLIGHT,37.250484,-121.836024,,,,,A,NO PEDESTRIANS INVOLVED,6/6/2021 5:50:00 PM,A,VC 22350,False,,SR-85 N/B,,,6/14/2021 12:00:00 AM,A,S,100.0,BLOSSOM HILL RD.,F,,D,6/14/2021 3:01:41 PM,6/14/2021 3:01:41 PM,False,True,4,,,,,,,
1496436,9340-2021-10335,1,False,9340,6/6/2021 12:30:00 PM,1230,120,1368,4313,San Jose,43,True,True,B,SIDE SWIPE,,Sunday,NotApplicable,False,,,False,True,False,SANTA CLARA SUPERIOR COURT HALL OF JUSTICE,C,OTHER MOTOR VEHICLE,,0.0,0.0,CLEAR,, NO UNUSUAL CONDITIONS,, ,A,DAYLIGHT,37.363691,-121.897912,,,,,A,NO PEDESTRIANS INVOLVED,6/6/2021 12:30:00 PM,A,VC 21658(A),False,,US-101,,,6/14/2021 12:00:00 AM,A,S,200.0,N. TENTH ST.,F,,A,6/14/2021 1:07:38 PM,6/14/2021 1:07:38 PM,False,True,4,,,,,,,
1496359,9340-2021-10387,1,False,9340,6/6/2021 12:55:00 PM,1255,110,1368,4313,San Jose,43,True,True,C,REAR END,,Sunday,NotApplicable,False,M,,False,True,True,SANTA CLARA SUPERIOR COURT HALL OF JUSTICE,C,OTHER MOTOR VEHICLE,,0.0,0.0,CLEAR,, NO UNUSUAL CONDITIONS,, ,A,DAYLIGHT,37.25741,-121.79638,,,,,A,NO PEDESTRIANS INVOLVED,6/6/2021 12:55:00 PM,A,VC 22350,False,,US-101 N/B,,,6/14/2021 12:00:00 AM,A,N,10.0,BLOSSOM HILL RD,F,,D,6/14/2021 12:12:54 PM,6/14/2021 12:12:54 PM,False,True,4,,,,,,,
1496349,9340-2021-10337,1,False,9340,6/6/2021 7:45:00 AM,745,087,1368,4313,San Jose,43,True,True,B,SIDE SWIPE,,Sunday,NotApplicable,False,M,,False,True,False,SANTA CLARA SUPERIOR COURT HALL OF JUSTICE,C,OTHER MOTOR VEHICLE,,0.0,0.0,CLEAR,, NO UNUSUAL CONDITIONS,, ,A,DAYLIGHT,37.26533,-121.85917,,,,,A,NO PEDESTRIANS INVOLVED,6/6/2021 7:45:00 AM,A,VC 21658(A),False,,SR-87 S/B,,,6/14/2021 12:00:00 AM,A,S,180.0,BRANHAM LN,F,,D,6/14/2021 12:06:12 PM,6/14/2021 12:06:12 PM,False,True,4,,,,,,,
1496226,9340-2021-10336,1,False,9340,6/6/2021 5:00:00 AM,500,087,1368,4313,San Jose,43,True,True,C,REAR END,,Sunday,NotApplicable,False,M,,False,True,False,SANTA CLARA SUPERIOR COURT HALL OF JUSTICE,C,OTHER MOTOR VEHICLE,,0.0,0.0,CLEAR,, NO UNUSUAL CONDITIONS,, ,C,DARK-STREET LIGHTS,37.29217,-121.8717,,,,,A,NO PEDESTRIANS INVOLVED,6/6/2021 5:00:00 AM,A,VC 22350,False,,SR-87 N/B,,,6/14/2021 12:00:00 AM,A,S,1000.0,CURTNER AVE,F,,D,6/14/2021 10:51:53 AM,6/14/2021 10:51:53 AM,False,True,4,,,,,,,
1496109,9340-2021-10326,1,False,9340,6/5/2021 3:55:00 PM,1555,110,1368,4313,San Jose,43,True,True,E,HIT OBJECT,,Saturday,NotApplicable,False,,,False,True,True,SANTA CLARA SUPERIOR COURT HALL OF JUSTICE,I,FIXED OBJECT,CONCRETE CURB,1.0,0.0,CLEAR,, NO UNUSUAL CONDITIONS,, ,A,DAYLIGHT,37.174757,-121.483764,,,,,A,NO PEDESTRIANS INVOLVED,6/5/2021 3:55:00 PM,A,VC 22107,False,,US-101 NORTHBOUND,,,6/14/2021 12:00:00 AM,A,N,600.0,YERBA BUENA ROAD,F,,D,6/14/2021 9:48:22 AM,6/14/2021 9:48:22 AM,False,True,4,,,,,,,
1495978,9340-2021-10333,1,False,9340,6/5/2021 11:02:00 AM,1102,083,1368,4313,San Jose,43,True,True,C,REAR END,,Saturday,NotApplicable,False,,,False,True,True,SANTA CLARA SUPERIOR COURT HALL OF JUSTICE,C,OTHER MOTOR VEHICLE,,0.0,0.0,CLEAR,, NO UNUSUAL CONDITIONS,, ,A,DAYLIGHT,37.15031,-121.5415,,,,,A,NO PEDESTRIANS INVOLVED,6/5/2021 11:02:00 AM,A,VC 22350,False,,SR-85 SOUTHBOUND,,,6/14/2021 12:00:00 AM,A,S,2500.0,CAMDEN AVE,F,,A,6/14/2021 8:45:47 AM,6/14/2021 8:45:47 AM,False,True,4,,,,,,,
1495384,9340-2021-10322,1,False,9340,6/5/2021 2:45:00 AM,245,281,1368,4313,San Jose,43,True,True,F,OVERTURNED,,Saturday,NotApplicable,False,M,,False,True,True,,A,NON-COLLISION,CONCRETE WALL,0.0,0.0,CLEAR,, NO UNUSUAL CONDITIONS,, ,C,DARK-STREET LIGHTS,37.323511,-121.896351,,,,,A,NO PEDESTRIANS INVOLVED,6/5/2021 2:45:00 AM,A,VC 22107,False,,I-280 N/B TO BIRD AVE.,,,6/11/2021 12:00:00 AM,A,S,700.0,BIRD AVENUE,F,,D,6/11/2021 8:57:41 PM,6/11/2021 8:57:41 PM,False,True,4,,,,,,,
1495369,9340-2021-10321,1,False,9340,6/4/2021 2:50:00 PM,1450,120,1368,4313,San Jose,43,True,True,F,OVERTURNED,,Friday,Yes,False,F,,False,True,False,SANTA CLARA SUPERIOR COURT HALL OF JUSTICE,A,NON-COLLISION,,1.0,0.0,CLEAR,, NO UNUSUAL CONDITIONS,, ,A,DAYLIGHT,37.366149,-121.905823,,,,,A,NO PEDESTRIANS INVOLVED,6/4/2021 2:50:00 PM,A,VC 21658(A),False,,US-101 S/B,,,6/11/2021 12:00:00 AM,A,N,1300.0,I-880,F,,D,6/11/2021 5:47:34 PM,6/11/2021 5:47:34 PM,False,True,4,,,,,,,
1495367,9340-2021-10316,1,False,9340,6/4/2021 1:50:00 PM,1350,281,1368,4313,San Jose,43,True,True,C,REAR END,,Friday,NotApplicable,False,,,False,True,False,SANTA CLARA SUPERIOR COURT HALL OF JUSTICE,C,OTHER MOTOR VEHICLE,,0.0,0.0,CLEAR,, NO UNUSUAL CONDITIONS,, ,A,DAYLIGHT,37.3191,-121.9019,,,,,A,NO PEDESTRIANS INVOLVED,6/4/2021 1:50:00 PM,A,VC 22350,False,,I-280 N/B,,,6/11/2021 12:00:00 AM,A,S,500.0,BIRD AVE,F,,A,6/11/2021 5:42:28 PM,6/11/2021 5:42:28 PM,False,True,4,,,,,,,