Collision Id,	Report Number,	Report Version,	Is Preliminary,	NCIC Code,Crash Date Time,	Crash Time Description,	Beat,City Id,	City Code,	City Name,County Code,	City Is Active,	City Is Incorporated,	Collision Type Code,Collision Type Description,	Collision Type Other Desc,	Day Of Week,	DispatchNotified,	HasPhotographs,	HitRun,	IsAttachmentsMailed,	IsDeleted,	IsHighwayRelated,	IsTowAway,	JudicialDistrict,	MotorVehicleInvolvedWithCode,	MotorVehicleInvolvedWithDesc,MotorVehicleInvolvedWithOtherDesc,	NumberInjured,	NumberKilled,Weather 1, Weather 2, Road Condition 1, Road Condition 2, Special Condition,LightingCode, LightingDescription,Latitude,Longitude,MilepostDirection,MilepostDistance,MilepostMarker,MilepostUnitOfMeasure,	PedestrianActionCode,PedestrianActionDesc,PreparedDate,	Primary Collision Factor Code,Primary Collision Factor Violation,PrimaryCollisionFactorIsCited,	PrimaryCollisionPartyNumber,	PrimaryRoad,	ReportingDistrict,	ReportingDistrictCode,ReviewedDate,	RoadwaySurfaceCode,SecondaryDirection,	SecondaryDistance,	SecondaryRoad,	SecondaryUnitOfMeasure,	SketchDesc,	TrafficControlDeviceCode,CreatedDate,	ModifiedDate,IsCountyRoad,IsFreeway,CHP555Version,	IsAdditonalObjectStruck,NotificationDate,	NotificationTimeDescription,	HasDigitalMediaFiles,	EvidenceNumber,	IsLocationReferToNarrative,	IsAOIOneSameAsLocation
1515880,9340-2021-10665,1,False,9340,7/3/2021 8:10:00 AM,810,089,1368,4313,San Jose,43,True,True,C,REAR END,,Saturday,NotApplicable,False,,,False,True,True,SANTA CLARA SUPERIOR COURT HALL OF JUSTICE,C,OTHER MOTOR VEHICLE,,0.0,0.0,CLEAR,, NO UNUSUAL CONDITIONS,, ,A,DAYLIGHT,37.363257,-121.902446,,,,,A,NO PEDESTRIANS INVOLVED,7/3/2021 8:10:00 AM,A,VC 22350,False,,I-880 S/B,,,7/8/2021 12:00:00 AM,A,S,250.0,US-101,F,,A,7/8/2021 11:42:57 AM,7/8/2021 11:42:57 AM,False,True,4,,,,,,,
1515823,9340-2021-10679,1,False,9340,7/4/2021 2:10:00 AM,210,681,1368,4313,San Jose,43,True,True,C,REAR END,,Sunday,NotApplicable,False,,,False,True,False,SANTA CLARA SUPERIOR COURT DOWNTOWN SUPERIOR COURT,C,OTHER MOTOR VEHICLE,,0.0,0.0,CLEAR,, NO UNUSUAL CONDITIONS,, ,D,DARK-NO STREET LIGHTS,37.340094,-121.85084,,,,,A,NO PEDESTRIANS INVOLVED,7/4/2021 2:10:00 AM,A,VC 22350,False,,I-680 N/B,,,7/8/2021 12:00:00 AM,A,S,200.0,KING ROAD,F,,D,7/8/2021 10:59:10 AM,7/8/2021 10:59:10 AM,False,True,4,,,,,,,
1515486,9340-2021-10628,1,False,9340,6/30/2021 12:00:00 AM,0,281,1368,4313,San Jose,43,True,True,E,HIT OBJECT,,Wednesday,NotApplicable,False,M,,False,True,True,SANTA CLARA SUPERIOR COURT DOWNTOWN SUPERIOR COURT,I,FIXED OBJECT,TREE,0.0,0.0,CLEAR,, NO UNUSUAL CONDITIONS,, ,D,DARK-NO STREET LIGHTS,37.327413,-121.877221,,,,,A,NO PEDESTRIANS INVOLVED,6/30/2021 12:00:00 AM,A,VC 22107,False,,I-280 S/B,,,7/8/2021 12:00:00 AM,A,N,510.0,7TH STREET,F,,D,7/8/2021 7:33:15 AM,7/8/2021 7:33:15 AM,False,True,4,,,,,,,
1515484,9340-2021-10498,1,False,9340,6/18/2021 2:45:00 PM,1445,087,1368,4313,San Jose,43,True,True,C,REAR END,,Friday,Yes,False,,,False,True,False,SANTA CLARA SUPERIOR COURT SANTA CLARA COURTHOUSE,C,OTHER MOTOR VEHICLE,,1.0,0.0,CLEAR,, NO UNUSUAL CONDITIONS,, ,A,DAYLIGHT,37.30093,-121.875933,,,,,A,NO PEDESTRIANS INVOLVED,6/18/2021 2:45:00 PM,A,VC 22350,False,,SR-87 N/B,,,7/8/2021 12:00:00 AM,A,S,200.0,ALMADEN EXPRESSWAY,F,,D,7/8/2021 7:27:13 AM,7/8/2021 7:27:13 AM,False,True,4,,,,,,,
1515480,9340-2021-10521,1,False,9340,6/20/2021 3:04:00 PM,1504,110,1368,4313,San Jose,43,True,True,C,REAR END,,Sunday,Yes,False,M,,False,True,False,SANTA CLARA SUPERIOR COURT SANTA CLARA COURTHOUSE,C,OTHER MOTOR VEHICLE,,0.0,0.0,CLEAR,, NO UNUSUAL CONDITIONS,, ,A,DAYLIGHT,37.317773,-121.832844,,,,,A,NO PEDESTRIANS INVOLVED,6/20/2021 3:04:00 PM,A,VC 23152(a),True,,US-101 SB TO TULLY RD,,,7/8/2021 12:00:00 AM,A,N,80.0,TULLY RD,F,,A,7/8/2021 7:23:08 AM,7/8/2021 7:23:08 AM,False,True,4,,,,,,,
1515212,9340-2021-10664,1,False,9340,7/3/2021 8:05:00 AM,805,089,1368,4313,San Jose,43,True,True,B,SIDE SWIPE,,Saturday,NotApplicable,False,,,False,True,True,SANTA CLARA SUPERIOR COURT HALL OF JUSTICE,C,OTHER MOTOR VEHICLE,,0.0,0.0,CLEAR,, NO UNUSUAL CONDITIONS,, ,A,DAYLIGHT,37.363654,-121.902379,,,,,A,NO PEDESTRIANS INVOLVED,7/3/2021 8:05:00 AM,A,VC 21658(A),False,,I-880 S/B,,,7/7/2021 12:00:00 AM,A,S,120.0,US-101,F,,A,7/7/2021 8:35:03 PM,7/7/2021 8:35:03 PM,False,True,4,,,,,,,
1515210,9340-2021-10657,1,False,9340,7/2/2021 5:10:00 PM,1710,230,1368,4313,San Jose,43,True,True,C,REAR END,,Friday,Yes,False,,,False,True,True,SANTA CLARA SUPERIOR COURT DOWNTOWN SUPERIOR COURT,C,OTHER MOTOR VEHICLE,,1.0,0.0,CLEAR,, NO UNUSUAL CONDITIONS,, ,D,DARK-NO STREET LIGHTS,37.41917,-121.96003,,,,,A,NO PEDESTRIANS INVOLVED,7/2/2021 5:10:00 PM,A,VC 22350,False,,SR-237 E/B,,,7/7/2021 12:00:00 AM,A,W,800.0,NORTH FIRST ST,F,,D,7/7/2021 8:18:17 PM,7/7/2021 8:18:17 PM,False,True,4,,,,,,,
1515208,9340-2021-10660,1,False,9340,7/2/2021 3:25:00 PM,1525,120,1368,4313,San Jose,43,True,True,C,REAR END,,Friday,NotApplicable,False,,,False,True,False,SANTA CLARA SUPERIOR COURT HALL OF JUSTICE,C,OTHER MOTOR VEHICLE,,0.0,0.0,CLEAR,, NO UNUSUAL CONDITIONS,, ,A,DAYLIGHT,37.364197,-121.891693,,,,,A,NO PEDESTRIANS INVOLVED,7/2/2021 3:25:00 PM,A,VC 22350,False,,US-101 S/B,,,7/7/2021 12:00:00 AM,A,N,200.0,OAKLAND RD,F,,D,7/7/2021 8:06:53 PM,7/7/2021 8:06:53 PM,False,True,4,,,,,,,
1515203,9340-2021-10659,1,False,9340,7/2/2021 2:20:00 PM,1420,087,1368,4313,San Jose,43,True,True,B,SIDE SWIPE,,Friday,NotApplicable,False,M,,False,True,False,SANTA CLARA SUPERIOR COURT HALL OF JUSTICE,C,OTHER MOTOR VEHICLE,,0.0,0.0,CLEAR,, NO UNUSUAL CONDITIONS,, Autonomous Vehicle,A,DAYLIGHT,37.324367,-121.892399,,,,,A,NO PEDESTRIANS INVOLVED,7/2/2021 2:20:00 PM,A,VC 22107,False,,SR-87 SOUTHBOUND,,,7/7/2021 12:00:00 AM,A,N,50.0,I-280,F,,D,7/7/2021 7:41:22 PM,7/7/2021 7:41:22 PM,False,True,4,,,,,,,
1515202,9340-2021-10618,1,False,9340,6/29/2021 1:00:00 AM,100,089,1368,4313,San Jose,43,True,True,F,OVERTURNED,,Tuesday,Yes,False,,,False,True,True,SANTA CLARA SUPERIOR COURT HALL OF JUSTICE,I,FIXED OBJECT,CONCRETE CENTER DIVIDE,0.0,0.0,CLEAR,, NO UNUSUAL CONDITIONS,, ,C,DARK-STREET LIGHTS,37.422735,-121.915408,,,,,A,NO PEDESTRIANS INVOLVED,6/29/2021 1:00:00 AM,A,VC 22107,False,,I-880 N/B,,,7/7/2021 12:00:00 AM,A,S,1252.0,SR-237,F,,D,7/7/2021 7:29:45 PM,7/7/2021 7:29:45 PM,False,True,4,,,,,,,
1515197,9340-2021-10615,1,False,9340,6/28/2021 6:14:00 PM,1814,281,1368,4313,San Jose,43,True,True,E,HIT OBJECT,,Monday,NotApplicable,False,,,False,True,False,SANTA CLARA SUPERIOR COURT DOWNTOWN SUPERIOR COURT,I,FIXED OBJECT,HAYBALE,0.0,0.0,CLEAR,, OTHER* - HAYBALE IN #3 LANE,, ,A,DAYLIGHT,37.202182,-121.5179,,,,,A,NO PEDESTRIANS INVOLVED,6/28/2021 6:14:00 PM,A,VC 22350,False,,I-280 SOUTHBOUND,,,7/7/2021 12:00:00 AM,A,N,25.0,US-101,F,,D,7/7/2021 7:03:08 PM,7/7/2021 7:03:08 PM,False,True,4,,,,,,,
1536907,9340-2021-11015,1,False,9340,7/30/2021 8:35:00 PM,2035,083,1368,4313,San Jose,43,True,True,C,REAR END,,Friday,NotApplicable,False,,,False,True,True,SANTA CLARA SUPERIOR COURT HALL OF JUSTICE,C,OTHER MOTOR VEHICLE,,0.0,0.0,CLEAR,, NO UNUSUAL CONDITIONS,, ,D,DARK-NO STREET LIGHTS,37.255474,-121.848519,,,,,A,NO PEDESTRIANS INVOLVED,7/30/2021 8:35:00 PM,A,VC 22350,False,,SR-85 N/B,,,8/4/2021 12:00:00 AM,A,S,2500.0,SANTA TERESA BLVD,F,,D,8/4/2021 4:23:22 PM,8/4/2021 4:23:22 PM,False,True,4,,,,,,,
1536900,9340-2021-11005,1,False,9340,7/30/2021 9:30:00 AM,930,120,1368,4313,San Jose,43,True,True,C,REAR END,,Friday,NotApplicable,False,,,False,True,False,SANTA CLARA SUPERIOR COURT HALL OF JUSTICE,C,OTHER MOTOR VEHICLE,,0.0,0.0,CLEAR,, NO UNUSUAL CONDITIONS,, ,A,DAYLIGHT,37.363583,-121.895498,,,,,A,NO PEDESTRIANS INVOLVED,7/30/2021 9:30:00 AM,A,VC 22350,False,,US-101 N/B,,,8/4/2021 12:00:00 AM,A,N,1000.0,OAKLAND ROAD,F,,D,8/4/2021 4:19:18 PM,8/4/2021 4:19:18 PM,False,True,4,,,,,,,
1536870,9340-2021-11003,1,False,9340,7/30/2021 4:10:00 AM,410,281,1368,4313,San Jose,43,True,True,E,HIT OBJECT,,Friday,Yes,False,,,False,True,True,,I,FIXED OBJECT,GUARDRAIL,0.0,0.0,CLEAR,, NO UNUSUAL CONDITIONS,, ,C,DARK-STREET LIGHTS,37.322057,-121.939785,,,,,A,NO PEDESTRIANS INVOLVED,7/30/2021 4:10:00 AM,A,VC 22350,False,,I-280 N/B TO STEVENS CREEK BLVD,,,8/4/2021 12:00:00 AM,A,S,400.0,STEVENS CREEK BLVD,F,,D,8/4/2021 3:48:07 PM,8/4/2021 3:48:07 PM,False,True,4,,,,,,,
1536853,9340-2021-10990,1,False,9340,7/28/2021 5:20:00 PM,1720,087,1368,4313,San Jose,43,True,True,C,REAR END,,Wednesday,NotApplicable,False,M,,False,True,False,SANTA CLARA SUPERIOR COURT HALL OF JUSTICE,C,OTHER MOTOR VEHICLE,,0.0,0.0,CLEAR,, NO UNUSUAL CONDITIONS,, ,A,DAYLIGHT,37.317034,-121.88957,,,,,A,NO PEDESTRIANS INVOLVED,7/28/2021 5:20:00 PM,A,VC 22350,False,,SR-87 S/B TO ALMA AVE,,,8/4/2021 12:00:00 AM,A,N,715.0,WILLOW ST,F,,D,8/4/2021 3:24:14 PM,8/4/2021 3:24:14 PM,False,True,4,,,,,,,
1536821,9340-2021-10989,1,False,9340,7/28/2021 5:28:00 PM,1728,282,1368,4313,San Jose,43,True,True,C,REAR END,,Wednesday,NotApplicable,False,M,,False,True,False,Santa Clara Superior Court Downtown Superior Court,C,OTHER MOTOR VEHICLE,,0.0,0.0,CLEAR,, NO UNUSUAL CONDITIONS,, ,A,DAYLIGHT,37.317915,-121.984621,,,,,A,NO PEDESTRIANS INVOLVED,7/28/2021 5:28:00 PM,A,VC 22350,False,,I-280 S/B,,,8/4/2021 12:00:00 AM,A,N,1250.0,SARATOGA AVE,F,,D,8/4/2021 3:07:22 PM,8/4/2021 3:07:22 PM,False,True,4,,,,,,,
1536799,9340-2021-10985,1,False,9340,7/28/2021 12:20:00 AM,20,087,1368,4313,San Jose,43,True,True,E,HIT OBJECT,,Wednesday,NotApplicable,False,,,False,True,False,SANTA CLARA SUPERIOR COURT DOWNTOWN SUPERIOR COURT,I,FIXED OBJECT,GUARD RAIL,0.0,0.0,CLEAR,, NO UNUSUAL CONDITIONS,, ,C,DARK-STREET LIGHTS,37.3428,-121.901623,,,,,A,NO PEDESTRIANS INVOLVED,7/28/2021 12:20:00 AM,A,VC 22107,False,,SR-87 S/B,,,8/4/2021 12:00:00 AM,A,N,380.0,COLEMAN AVE,F,,D,8/4/2021 2:49:56 PM,8/4/2021 2:49:56 PM,False,True,4,False,,,,,,
1536781,9340-2021-10988,1,False,9340,7/28/2021 8:20:00 AM,820,089,1368,4313,San Jose,43,True,True,B,SIDE SWIPE,,Wednesday,NotApplicable,False,,,False,True,False,SANTA CLARA SUPERIOR COURT DOWNTOWN SUPERIOR COURT,C,OTHER MOTOR VEHICLE,,0.0,0.0,CLEAR,, NO UNUSUAL CONDITIONS,, ,A,DAYLIGHT,37.36841,-121.90114,,,,,A,NO PEDESTRIANS INVOLVED,7/28/2021 8:20:00 AM,A,VC 22107,False,,I-880 N/B,,,8/4/2021 12:00:00 AM,A,N,375.0,OLD BAYSHORE HWY,F,,A,8/4/2021 2:42:04 PM,8/4/2021 2:42:04 PM,False,True,4,,,,,,,
1536761,9340-2021-10979,1,False,9340,7/27/2021 4:42:00 PM,1642,281,1368,4313,San Jose,43,True,True,C,REAR END,,Tuesday,NotApplicable,False,M,,False,True,False,SANTA CLARA SUPERIOR COURT HALL OF JUSTICE,C,OTHER MOTOR VEHICLE,,0.0,0.0,CLEAR,, NO UNUSUAL CONDITIONS,, ,A,DAYLIGHT,37.328743,-121.87,,,,,A,NO PEDESTRIANS INVOLVED,7/27/2021 4:42:00 PM,A,VC 22350,False,,I-280 S/B,,,8/4/2021 12:00:00 AM,A,S,200.0,11TH ST,F,,D,8/4/2021 2:25:53 PM,8/4/2021 2:25:53 PM,False,True,4,,,,,,,
1536595,9340-2021-10992,1,False,9340,7/28/2021 4:15:00 PM,1615,089,1368,4313,San Jose,43,True,True,C,REAR END,,Wednesday,NotApplicable,False,,,False,True,False,SANTA CLARA SUPERIOR COURT HALL OF JUSTICE,C,OTHER MOTOR VEHICLE,,0.0,0.0,CLEAR,, NO UNUSUAL CONDITIONS,, ,A,DAYLIGHT,37.377919,-121.903662,,,,,A,NO PEDESTRIANS INVOLVED,7/28/2021 4:15:00 PM,A,VC 22350,False,,I-880 S/B,,,8/4/2021 12:00:00 AM,A,S,1500.0,BROKAW ROAD,F,,D,8/4/2021 12:45:12 PM,8/4/2021 12:45:12 PM,False,True,4,,,,,,,
1536545,9340-2021-10971,1,False,9340,7/27/2021 9:40:00 AM,940,110,1368,4313,San Jose,43,True,True,E,HIT OBJECT,VERSUS DEBRIS,Tuesday,NotApplicable,False,,,False,True,False,SANTA CLARA SUPERIOR COURT HALL OF JUSTICE,C,OTHER MOTOR VEHICLE,FALLING WOOD DEBRIS,0.0,0.0,CLEAR,, NO UNUSUAL CONDITIONS,, ,A,DAYLIGHT,37.353397,-121.865107,,,,,A,NO PEDESTRIANS INVOLVED,7/27/2021 9:40:00 AM,A,VC 23114(a),False,,US 101 N/B,,,8/4/2021 12:00:00 AM,A,S,200.0,MCKEE RD.,F,,D,8/4/2021 9:36:09 AM,8/4/2021 9:36:09 AM,False,True,4,,,,,,,
1536510,9340-2021-10963,1,False,9340,7/26/2021 11:55:00 AM,1155,110,1368,4313,San Jose,43,True,True,C,REAR END,,Monday,NotApplicable,False,,,False,True,False,SANTA CLARA SUPERIOR COURT HALL OF JUSTICE,C,OTHER MOTOR VEHICLE,,0.0,0.0,CLEAR,, NO UNUSUAL CONDITIONS,, ,A,DAYLIGHT,37.334682,-121.849017,,,,,A,NO PEDESTRIANS INVOLVED,7/26/2021 11:55:00 AM,A,VC 22350,False,,US 101 S/B FROM STORY RD. E/B,,,8/4/2021 12:00:00 AM,A,S,100.0,STORY RD.,F,,D,8/4/2021 9:17:30 AM,8/4/2021 9:17:30 AM,False,True,4,,,,,,,
1536509,9340-2021-10945,1,False,9340,7/25/2021 6:50:00 AM,650,281,1368,4313,San Jose,43,True,True,E,HIT OBJECT,,Sunday,Yes,False,,,False,True,False,SANTA CLARA SUPERIOR COURT DOWNTOWN SUPERIOR COURT,I,FIXED OBJECT,METAL GUARDRAIL,0.0,0.0,CLEAR,, NO UNUSUAL CONDITIONS,, ,A,DAYLIGHT,37.337352,-121.855112,,,,,A,NO PEDESTRIANS INVOLVED,7/25/2021 6:50:00 AM,A,VC 22107,False,,I-280 S/B TO US-101 S/B,,,8/4/2021 12:00:00 AM,A,S,600.0,MCLAUGHLIN AVE,F,,D,8/4/2021 9:15:59 AM,8/4/2021 9:15:59 AM,False,True,4,,,,,,,
1536505,9340-2021-10915,1,False,9340,7/23/2021 4:50:00 PM,1650,085,1368,4313,San Jose,43,True,True,C,REAR END,,Friday,Yes,False,,,False,True,True,SANTA CLARA SUPERIOR COURT HALL OF JUSTICE,C,OTHER MOTOR VEHICLE,,2.0,0.0,CLEAR,, NO UNUSUAL CONDITIONS,, ,A,DAYLIGHT,37.252009,-121.840072,,,,,A,NO PEDESTRIANS INVOLVED,7/23/2021 4:50:00 PM,A,VC 22350,False,,SR-85 S/B,,,8/4/2021 12:00:00 AM,A,N,750.0,BLOSSOM HILL RD,F,,D,8/4/2021 9:10:03 AM,8/4/2021 9:10:03 AM,False,True,4,,,,,,,
1535762,9340-2021-10944,1,False,9340,7/24/2021 10:25:00 PM,2225,281,1368,4313,San Jose,43,True,True,B,SIDE SWIPE,,Saturday,NotApplicable,False,M,,False,True,False,SANTA CLARA SUPERIOR COURT HALL OF JUSTICE,C,OTHER MOTOR VEHICLE,,0.0,0.0,CLEAR,, NO UNUSUAL CONDITIONS,, ,C,DARK-STREET LIGHTS,37.325786,-121.883796,,,,,A,NO PEDESTRIANS INVOLVED,7/24/2021 10:25:00 PM,A,VC 22107,False,,I-280 S/B,,,8/3/2021 12:00:00 AM,A,N,205.0,1ST ST,F,,D,8/3/2021 10:42:01 AM,8/3/2021 10:42:01 AM,False,True,4,,,,,,,
1535674,9340-2021-10936,1,False,9340,7/24/2021 2:00:00 PM,1400,281,1368,4313,San Jose,43,True,True,C,REAR END,,Saturday,Yes,False,,,False,True,False,SANTA CLARA SUPERIOR COURT HALL OF JUSTICE,C,OTHER MOTOR VEHICLE,,5.0,0.0,CLEAR,, NO UNUSUAL CONDITIONS,, ,A,DAYLIGHT,37.317666,-121.935805,,,,,A,NO PEDESTRIANS INVOLVED,7/24/2021 2:00:00 PM,A,VC 22350,False,,I-280 N/B TO SR-17 S/B,,,8/3/2021 12:00:00 AM,A,S,660.0,MACARTHUR AVENUE,F,,D,8/3/2021 9:49:58 AM,8/3/2021 9:49:58 AM,False,True,4,,,,,,,
1535471,9340-2021-10904,1,False,9340,7/22/2021 7:50:00 AM,750,901,1368,4313,San Jose,43,True,True,B,SIDE SWIPE,,Thursday,NotApplicable,False,,,False,False,False,SANTA CLARA SUPERIOR COURT HALL OF JUSTICE,E,PARKED MOTOR VEHICLE,,0.0,0.0,CLEAR,, NO UNUSUAL CONDITIONS,, School Bus Collision,A,DAYLIGHT,37.353716,-121.861931,,,,,A,NO PEDESTRIANS INVOLVED,7/22/2021 7:50:00 AM,A,VC 22107,False,,N. 33RD ST.,,,8/3/2021 12:00:00 AM,A,S,270.0,E. ST. JAMES ST.,F,,D,8/3/2021 7:28:28 AM,8/3/2021 7:28:28 AM,False,False,4,,,,,,,
1535075,9340-2021-10961,2,False,9340,7/26/2021 1:55:00 PM,1355,087,1368,4313,San Jose,43,True,True,C,REAR END,,Monday,NotApplicable,False,,,False,True,True,SANTA CLARA SUPERIOR COURT HALL OF JUSTICE,C,OTHER MOTOR VEHICLE,,2.0,0.0,CLEAR,, NO UNUSUAL CONDITIONS,, ,A,DAYLIGHT,37.319688,-121.88982,,,,,A,NO PEDESTRIANS INVOLVED,7/26/2021 1:55:00 PM,D,,,,SR-87 N/B TO I-280,,,1/18/2023 2:56:05 PM,A,S,45.0,W.VIRGINIA ST,F,,D,8/2/2021 2:43:42 PM,1/18/2023 2:56:10 PM,False,True,4,,,,False,,,
1535047,9340-2021-10964,1,False,9340,7/26/2021 5:50:00 PM,1750,087,1368,4313,San Jose,43,True,True,E,HIT OBJECT,,Monday,NotApplicable,False,M,,False,True,True,SANTA CLARA SUPERIOR COURT HALL OF JUSTICE,I,FIXED OBJECT,CONCRETE BARRIER,0.0,0.0,CLEAR,, NO UNUSUAL CONDITIONS,, ,A,DAYLIGHT,37.294144,-121.873161,,,,,A,NO PEDESTRIANS INVOLVED,7/26/2021 5:50:00 PM,A,VC 22107,False,,SR-87,,,8/2/2021 12:00:00 AM,A,N,1022.0,MILL POND DR,F,,D,8/2/2021 2:23:57 PM,8/2/2021 2:23:57 PM,False,True,4,,,,,,,
1534644,9340-2021-10930,1,False,9340,7/24/2021 12:00:00 AM,0,087,1368,4313,San Jose,43,True,True,E,HIT OBJECT,UNSAFE TURN,Saturday,NotApplicable,False,,,False,True,True,,I,FIXED OBJECT,CONCRETE CENTER DIVIDER,1.0,0.0,CLEAR,, NO UNUSUAL CONDITIONS,, ,D,DARK-NO STREET LIGHTS,37.285886,-121.868311,,,,,A,NO PEDESTRIANS INVOLVED,7/24/2021 12:00:00 AM,A,VC 22107,False,,SR-87 N/B,,,8/2/2021 12:00:00 AM,A,N,4200.0,CAPITOL EXPY,F,,D,8/2/2021 9:45:04 AM,8/2/2021 9:45:04 AM,False,True,4,,,,,,,
1534634,9340-2021-10953,1,False,9340,7/25/2021 5:20:00 PM,1720,120,1368,4313,San Jose,43,True,True,C,REAR END,,Sunday,NotApplicable,False,,,False,True,True,SANTA CLARA SUPERIOR COURT DOWNTOWN SUPERIOR COURT,C,OTHER MOTOR VEHICLE,,0.0,0.0,CLEAR,, NO UNUSUAL CONDITIONS,, ,A,DAYLIGHT,37.3631,-121.89124,,,,,A,NO PEDESTRIANS INVOLVED,7/25/2021 5:20:00 PM,A,VC 22350,False,,US-101 NB,,,8/2/2021 12:00:00 AM,A,N,1600.0,HEDDING ST,F,,D,8/2/2021 9:36:42 AM,8/2/2021 9:36:42 AM,False,True,4,,,,,,,
1534620,9340-2021-10894,1,False,9340,7/22/2021 7:12:00 AM,712,120,1368,4313,San Jose,43,True,True,B,SIDE SWIPE,,Thursday,NotApplicable,False,M,,False,True,False,SANTA CLARA SUPERIOR COURT SANTA CLARA COURTHOUSE,C,OTHER MOTOR VEHICLE,,0.0,0.0,CLEAR,, NO UNUSUAL CONDITIONS,, ,A,DAYLIGHT,37.376867,-121.94188,,,,,A,NO PEDESTRIANS INVOLVED,7/22/2021 7:12:00 AM,A,VC 22107,False,,US-101 N/B,,,8/2/2021 12:00:00 AM,A,N,40.0,DE LA CRUZ BLVD.,F,,D,8/2/2021 9:26:07 AM,8/2/2021 9:26:07 AM,False,True,4,,,,,,,
1534547,9340-2021-10912,1,False,9340,7/23/2021 5:30:00 AM,530,083,1368,4313,San Jose,43,True,True,E,HIT OBJECT,,Friday,NotApplicable,False,,,False,True,True,SANTA CLARA SUPERIOR COURT HALL OF JUSTICE,J,OTHER OBJECT,BUSHES,0.0,0.0,CLEAR,, NO UNUSUAL CONDITIONS,, ,A,DAYLIGHT,37.250295,-121.908818,,,,,A,NO PEDESTRIANS INVOLVED,7/23/2021 5:30:00 AM,A,VC 22107,False,,SR-85 S/B FROM CAMDEN AVENUE,,,8/2/2021 12:00:00 AM,A,S,800.0,CAMDEN AVENUE,F,,D,8/2/2021 8:40:16 AM,8/2/2021 8:40:16 AM,False,True,4,,,,,,,
1533884,9340-2021-10927,1,False,9340,7/23/2021 9:00:00 PM,2100,088,1368,4313,San Jose,43,True,True,C,REAR END,,Friday,Yes,False,,,False,True,True,SANTA CLARA SUPERIOR COURT HALL OF JUSTICE,C,OTHER MOTOR VEHICLE,,2.0,0.0,CLEAR,, NO UNUSUAL CONDITIONS,, ,A,DAYLIGHT,37.363644,-121.902342,,,,,A,NO PEDESTRIANS INVOLVED,7/23/2021 9:00:00 PM,A,VC 22107,True,,I-880 SOUTHBOUND,,,7/30/2021 12:00:00 AM,A,S,1300.0,OLD BAYSHORE HIGHWAY,F,,D,7/30/2021 2:59:56 PM,7/30/2021 2:59:56 PM,False,True,4,,,,,,,
1533880,9340-2021-10918,1,False,9340,7/23/2021 4:05:00 PM,1605,681,1368,4313,San Jose,43,True,True,C,REAR END,,Friday,NotApplicable,False,M,,False,True,False,SANTA CLARA SUPERIOR COURT HALL OF JUSTICE,C,OTHER MOTOR VEHICLE,,0.0,0.0,CLEAR,, NO UNUSUAL CONDITIONS,, ,A,DAYLIGHT,37.386554,-121.865275,,,,,A,NO PEDESTRIANS INVOLVED,7/23/2021 4:05:00 PM,A,VC 22350,False,,I-680 S/B,,,7/30/2021 12:00:00 AM,A,N,950.0,BERRYESSA ROAD,F,,D,7/30/2021 2:56:15 PM,7/30/2021 2:56:15 PM,False,True,4,,,,,,,
1533450,9340-2021-10914,1,False,9340,7/23/2021 2:50:00 PM,1450,281,1368,4313,San Jose,43,True,True,E,HIT OBJECT,,Friday,NotApplicable,False,,,False,True,True,SANTA CLARA SUPERIOR COURT SANTA CLARA COURTHOUSE,I,FIXED OBJECT,CENTER DIVIDER,0.0,0.0,CLEAR,, NO UNUSUAL CONDITIONS,, ,A,DAYLIGHT,37.317261,-121.934814,,,,,A,NO PEDESTRIANS INVOLVED,7/23/2021 2:50:00 PM,A,VC 22107,False,,I-280 N/B,,,7/30/2021 12:00:00 AM,A,S,250.0,MCARTHUR AVE,F,,D,7/30/2021 8:36:23 AM,7/30/2021 8:36:23 AM,False,True,4,,,,,,,
1532174,9340-2021-10975,1,False,9340,7/27/2021 7:50:00 AM,750,681,1368,4313,San Jose,43,True,True,C,REAR END,,Tuesday,NotApplicable,False,,,False,True,True,SANTA CLARA SUPERIOR COURT HALL OF JUSTICE,C,OTHER MOTOR VEHICLE,,0.0,0.0,CLEAR,, NO UNUSUAL CONDITIONS,, ,A,DAYLIGHT,37.343209,-121.847019,,,,,A,NO PEDESTRIANS INVOLVED,7/27/2021 7:50:00 AM,A,VC 21658(A),False,,I-680 SB TO US-101 SB,,,7/29/2021 12:00:00 AM,A,S,132.0,KING ROAD,F,,A,7/29/2021 4:54:55 PM,7/29/2021 4:54:55 PM,False,True,4,,,,,,,
1532082,9340-2021-10937,1,False,9340,7/24/2021 2:30:00 PM,1430,681,1368,4313,San Jose,43,True,True,E,HIT OBJECT,,Saturday,NotApplicable,False,,,False,True,False,SANTA CLARA SUPERIOR COURT HALL OF JUSTICE,J,OTHER OBJECT,WOOD DEBRIS ,0.0,0.0,CLEAR,, NO UNUSUAL CONDITIONS,, ,A,DAYLIGHT,37.340565,-121.85081,,,,,A,NO PEDESTRIANS INVOLVED,7/24/2021 2:30:00 PM,C,,,,I-680 S/B,,,7/29/2021 12:00:00 AM,A,N,350.0,US-101,F,,D,7/29/2021 3:21:58 PM,7/29/2021 3:21:58 PM,False,True,4,,,,,,,