Collision Id,	Report Number,	Report Version,	Is Preliminary,	NCIC Code,Crash Date Time,	Crash Time Description,	Beat,City Id,	City Code,	City Name,County Code,	City Is Active,	City Is Incorporated,	Collision Type Code,Collision Type Description,	Collision Type Other Desc,	Day Of Week,	DispatchNotified,	HasPhotographs,	HitRun,	IsAttachmentsMailed,	IsDeleted,	IsHighwayRelated,	IsTowAway,	JudicialDistrict,	MotorVehicleInvolvedWithCode,	MotorVehicleInvolvedWithDesc,MotorVehicleInvolvedWithOtherDesc,	NumberInjured,	NumberKilled,Weather 1, Weather 2, Road Condition 1, Road Condition 2, Special Condition,LightingCode, LightingDescription,Latitude,Longitude,MilepostDirection,MilepostDistance,MilepostMarker,MilepostUnitOfMeasure,	PedestrianActionCode,PedestrianActionDesc,PreparedDate,	Primary Collision Factor Code,Primary Collision Factor Violation,PrimaryCollisionFactorIsCited,	PrimaryCollisionPartyNumber,	PrimaryRoad,	ReportingDistrict,	ReportingDistrictCode,ReviewedDate,	RoadwaySurfaceCode,SecondaryDirection,	SecondaryDistance,	SecondaryRoad,	SecondaryUnitOfMeasure,	SketchDesc,	TrafficControlDeviceCode,CreatedDate,	ModifiedDate,IsCountyRoad,IsFreeway,CHP555Version,	IsAdditonalObjectStruck,NotificationDate,	NotificationTimeDescription,	HasDigitalMediaFiles,	EvidenceNumber,	IsLocationReferToNarrative,	IsAOIOneSameAsLocation
1548329,9340-2021-11184,1,False,9340,8/14/2021 1:30:00 PM,1330,681,1368,4313,San Jose,43,True,True,C,REAR END,,Saturday,NotApplicable,False,,,False,True,False,SANTA CLARA SUPERIOR COURT HALL OF JUSTICE,C,OTHER MOTOR VEHICLE,,1.0,0.0,CLEAR,, NO UNUSUAL CONDITIONS,, ,A,DAYLIGHT,37.359476,-121.842568,,,,,A,NO PEDESTRIANS INVOLVED,8/14/2021 1:30:00 PM,A,VC 22350,False,,I-680 S/B (TO ALUM ROCK),,,8/18/2021 12:00:00 AM,A,N,120.0,ALUM ROCK AVE,F,,A,8/18/2021 3:15:34 PM,8/18/2021 3:15:34 PM,False,True,4,,,,,,,
1548317,9340-2021-11140,1,False,9340,8/10/2021 5:30:00 PM,1730,088,1368,4313,San Jose,43,True,True,C,REAR END,,Tuesday,NotApplicable,False,M,,False,True,False,SANTA CLARA SUPERIOR COURT HALL OF JUSTICE,C,OTHER MOTOR VEHICLE,,1.0,0.0,CLEAR,, NO UNUSUAL CONDITIONS,, ,A,DAYLIGHT,37.356278,-121.909088,,,,,A,NO PEDESTRIANS INVOLVED,8/10/2021 5:30:00 PM,A,VC 22350,False,,I-880 N/B,,,8/18/2021 12:00:00 AM,A,S,670.0,N FIRST STREET,F,,D,8/18/2021 3:06:06 PM,8/18/2021 3:06:06 PM,False,True,4,,,,,,,
1548145,9340-2021-11147,1,False,9340,8/11/2021 11:40:00 AM,1140,281,1368,4313,San Jose,43,True,True,B,SIDE SWIPE,,Wednesday,NotApplicable,False,M,,False,True,False,SANTA CLARA SUPERIOR COURT HALL OF JUSTICE,C,OTHER MOTOR VEHICLE,,0.0,0.0,CLEAR,, NO UNUSUAL CONDITIONS,, ,A,DAYLIGHT,37.317971,-121.937188,,,,,A,NO PEDESTRIANS INVOLVED,8/11/2021 11:40:00 AM,A,VC 22107,False,,I-280 N/B TO STEVENS CREEK BLVD.,,,8/18/2021 12:00:00 AM,A,N,150.0,MACARTHUR AVE,F,,A,8/18/2021 12:49:35 PM,8/18/2021 12:49:35 PM,False,True,4,,,,,,,
1548128,9340-2021-11172,1,False,9340,8/13/2021 4:00:00 PM,1600,681,1368,4313,San Jose,43,True,True,C,REAR END,,Friday,NotApplicable,False,,,False,True,False,SANTA CLARA SUPERIOR COURT SANTA CLARA COURTHOUSE,C,OTHER MOTOR VEHICLE,,0.0,0.0,CLEAR,, NO UNUSUAL CONDITIONS,, ,A,DAYLIGHT,37.404751,-121.877555,,,,,A,NO PEDESTRIANS INVOLVED,8/13/2021 4:00:00 PM,A,VC 22350,False,,I-680 S/B,,,8/18/2021 12:00:00 AM,A,N,1900.0,CAPITOL AVE,F,,D,8/18/2021 12:31:55 PM,8/18/2021 12:31:55 PM,False,True,4,,,,,,,
1547966,9340-2021-11205,1,False,9340,8/13/2021 12:45:00 PM,1245,083,1368,4313,San Jose,43,True,True,B,SIDE SWIPE,,Friday,NotApplicable,False,M,,False,True,False,SANTA CLARA SUPERIOR COURT DOWNTOWN SUPERIOR COURT,C,OTHER MOTOR VEHICLE,,1.0,0.0,CLEAR,, NO UNUSUAL CONDITIONS,, ,A,DAYLIGHT,37.255767,-121.864643,,,,,A,NO PEDESTRIANS INVOLVED,8/13/2021 12:45:00 PM,A,VC 22107,False,,SR-85 N/B,,,8/18/2021 12:00:00 AM,A,N,0.2,SANTA TERESA BLVD,M,,D,8/18/2021 10:31:35 AM,8/18/2021 10:31:35 AM,False,True,4,,,,,,,
1547901,9340-2021-11159,1,False,9340,8/12/2021 6:55:00 AM,655,087,1368,4313,San Jose,43,True,True,B,SIDE SWIPE,,Thursday,NotApplicable,False,M,,False,True,False,SANTA CLARA SUPERIOR COURT SANTA CLARA COURTHOUSE,C,OTHER MOTOR VEHICLE,,0.0,0.0,CLEAR,, NO UNUSUAL CONDITIONS,, ,A,DAYLIGHT,37.35642,-121.912807,,,,,A,NO PEDESTRIANS INVOLVED,8/12/2021 6:55:00 AM,A,VC 22107,False,,SR-87 N/B,,,8/18/2021 12:00:00 AM,A,N,872.0,I-880,F,,D,8/18/2021 9:47:13 AM,8/18/2021 9:47:13 AM,False,True,4,,,,,,,
1547757,9340-2021-11090,1,False,9340,8/4/2021 7:48:00 AM,748,087,1368,4313,San Jose,43,True,True,E,HIT OBJECT,,Wednesday,Yes,False,,,False,True,True,SANTA CLARA SUPERIOR COURT DOWNTOWN SUPERIOR COURT,C,OTHER MOTOR VEHICLE,,1.0,0.0,CLEAR,, NO UNUSUAL CONDITIONS,, ,A,DAYLIGHT,37.286745,-121.869068,,,,,A,NO PEDESTRIANS INVOLVED,8/4/2021 7:48:00 AM,A,VC 22107,False,,SR-87 (GUADALUPE FREEWAY),,,8/18/2021 12:00:00 AM,A,S,1098.0,CAROL DR U/C,F,,D,8/18/2021 8:30:39 AM,8/18/2021 8:30:39 AM,False,True,4,,,,,,,
1569778,9340-2021-11472,1,False,9340,9/5/2021 7:49:00 AM,749,120,1368,4313,San Jose,43,True,True,E,HIT OBJECT,,Sunday,NotApplicable,False,M,,False,True,True,SANTA CLARA SUPERIOR COURT HALL OF JUSTICE,I,FIXED OBJECT,CYCLONE FENCE,0.0,0.0,CLEAR,, NO UNUSUAL CONDITIONS,, ,A,DAYLIGHT,37.36493,-121.902791,,,,,A,NO PEDESTRIANS INVOLVED,9/5/2021 7:49:00 AM,A,VC 22107,False,,US-101 N/B TO S/B I-880,,,9/14/2021 12:00:00 AM,A,N,175.0,I-880,F,,A,9/14/2021 10:44:48 AM,9/14/2021 10:44:48 AM,False,True,4,True,,,,,,
1569717,9340-2021-11471,1,False,9340,9/5/2021 1:10:00 AM,110,281,1368,4313,San Jose,43,True,True,B,SIDE SWIPE,,Sunday,Yes,False,,,False,True,True,SANTA CLARA SUPERIOR COURT DOWNTOWN SUPERIOR COURT,C,OTHER MOTOR VEHICLE,,0.0,0.0,CLEAR,, NO UNUSUAL CONDITIONS,, ,E,DARK-STREET LIGHTS NOT FUNCTIONING*,37.326734,-121.881491,,,,,A,NO PEDESTRIANS INVOLVED,9/5/2021 1:10:00 AM,A,VC 23152(a),True,,I-280 S/B,,,9/14/2021 12:00:00 AM,A,N,500.0,10TH ST,F,,D,9/14/2021 10:02:21 AM,9/14/2021 10:02:21 AM,False,True,4,,,,,,,
1569585,9340-2021-11461,1,False,9340,9/4/2021 9:59:00 AM,959,120,1368,4313,San Jose,43,True,True,E,HIT OBJECT,,Saturday,NotApplicable,False,,,False,True,True,SANTA CLARA SUPERIOR COURT HALL OF JUSTICE,I,FIXED OBJECT,CONCRETE EMBANKMENT,0.0,0.0,CLEAR,, OBSTRUCTION ON ROADWAY*,, ,A,DAYLIGHT,37.363182,-121.900295,,,,,A,NO PEDESTRIANS INVOLVED,9/4/2021 9:59:00 AM,A,VC 22107,False,,US-101 N/B ,,,9/14/2021 12:00:00 AM,A,N,1000.0,OAKLAND RD,F,,D,9/14/2021 8:41:12 AM,9/14/2021 8:41:12 AM,False,True,4,,,,,,,
1569228,9340-2021-11557,1,False,9340,9/11/2021 4:26:00 PM,1626,681,1368,4313,San Jose,43,True,True,E,HIT OBJECT,,Saturday,Yes,False,,,False,True,False,Santa Clara Superior Court Hall of Justice,I,FIXED OBJECT,TREE,2.0,0.0,CLEAR,, NO UNUSUAL CONDITIONS,, ,A,DAYLIGHT,37.404224,-121.877555,,,,,A,NO PEDESTRIANS INVOLVED,9/11/2021 4:26:00 PM,A,VC 23152(a),False,,I-680 S/B,,,9/13/2021 12:00:00 AM,A,N,410.0,CROPLEY AVE O/C,F,,D,9/13/2021 10:07:15 PM,9/13/2021 10:07:15 PM,False,True,4,,,,,,,
1569218,9340-2021-11457,1,False,9340,9/4/2021 12:30:00 PM,1230,088,1368,4313,San Jose,43,True,True,E,HIT OBJECT,,Saturday,NotApplicable,False,,,False,True,True,SANTA CLARA SUPERIOR COURT SANTA CLARA COURTHOUSE,I,FIXED OBJECT,CENTER MEDIAN,0.0,0.0,CLEAR,, NO UNUSUAL CONDITIONS,, ,D,DARK-NO STREET LIGHTS,37.361644,-121.904014,,,,,A,NO PEDESTRIANS INVOLVED,9/4/2021 12:30:00 PM,A,VC 22107,False,,I-880 S/B,,,9/13/2021 12:00:00 AM,A,S,800.0,US-101,F,,D,9/13/2021 8:13:09 PM,9/13/2021 8:13:09 PM,False,True,4,,,,,,,
1569195,9340-2021-11456,1,False,9340,9/3/2021 6:28:00 PM,1828,281,1368,4313,San Jose,43,True,True,C,REAR END,,Friday,Yes,False,,,False,True,True,SANTA CLARA SUPERIOR COURT HALL OF JUSTICE,C,OTHER MOTOR VEHICLE,,1.0,0.0,CLEAR,, NO UNUSUAL CONDITIONS,, ,A,DAYLIGHT,37.316447,-121.920877,,,,,A,NO PEDESTRIANS INVOLVED,9/3/2021 6:28:00 PM,A,VC 22350,False,,I-280 FROM MOORPARK,,,9/13/2021 12:00:00 AM,A,S,810.0,LEIGH AVE.,F,,D,9/13/2021 5:21:24 PM,9/13/2021 5:21:24 PM,False,True,4,,,,,,,
1569177,9340-2021-11439,1,False,9340,9/3/2021 9:20:00 AM,920,087,1368,4313,San Jose,43,True,True,C,REAR END,,Friday,Yes,False,,,False,True,True,SANTA CLARA SUPERIOR COURT DOWNTOWN SUPERIOR COURT,C,OTHER MOTOR VEHICLE,,1.0,0.0,CLEAR,, NO UNUSUAL CONDITIONS,, ,A,DAYLIGHT,37.297091,-121.873568,,,,,A,NO PEDESTRIANS INVOLVED,9/3/2021 9:20:00 AM,A,VC 22350,False,,SR-87 N/B FROM CURTNER AVE.,,,9/13/2021 12:00:00 AM,A,N,800.0,CURTNER AVE,F,,A,9/13/2021 4:52:29 PM,9/13/2021 4:52:29 PM,False,True,4,,,,,,,
1569171,9340-2021-11437,1,False,9340,9/3/2021 8:30:00 AM,830,281,1368,4313,San Jose,43,True,True,B,SIDE SWIPE,,Friday,NotApplicable,False,M,,False,True,False,SANTA CLARA SUPERIOR COURT DOWNTOWN SUPERIOR COURT,C,OTHER MOTOR VEHICLE,,2.0,0.0,CLEAR,, NO UNUSUAL CONDITIONS,, ,A,DAYLIGHT,37.315103,-121.913821,,,,,A,NO PEDESTRIANS INVOLVED,9/3/2021 8:30:00 AM,A,VC 21658(A),False,,I-280 N/B,,,9/13/2021 12:00:00 AM,A,S,300.0,MERIDIAN AVE,F,,D,9/13/2021 4:38:27 PM,9/13/2021 4:38:27 PM,False,True,4,,,,,,,
1569169,9340-2021-11445,1,False,9340,9/2/2021 10:10:00 PM,2210,681,1368,4313,San Jose,43,True,True,C,REAR END,,Thursday,NotApplicable,False,M,,False,True,False,SANTA CLARA SUPERIOR COURT DOWNTOWN SUPERIOR COURT,C,OTHER MOTOR VEHICLE,,0.0,0.0,CLEAR,, NO UNUSUAL CONDITIONS,, ,D,DARK-NO STREET LIGHTS,37.373215,-121.851666,,,,,A,NO PEDESTRIANS INVOLVED,9/2/2021 10:10:00 PM,A,VC 22350,False,,I-680 S/B,,,9/13/2021 12:00:00 AM,A,N,2418.0,MCKEE RD,F,,D,9/13/2021 4:34:20 PM,9/13/2021 4:34:20 PM,False,True,4,,,,,,,
1569162,9340-2021-11432,1,False,9340,9/2/2021 9:40:00 PM,2140,282,1368,4313,San Jose,43,True,True,E,HIT OBJECT,,Thursday,Yes,False,,,False,True,False,SANTA CLARA SUPERIOR COURT DOWNTOWN SUPERIOR COURT,I,FIXED OBJECT,RAISED CURB,0.0,0.0,CLEAR,, NO UNUSUAL CONDITIONS,, ,C,DARK-STREET LIGHTS,37.32018,-121.995118,,,,,A,NO PEDESTRIANS INVOLVED,9/2/2021 9:40:00 PM,A,VC 22107,False,,  I-280 S/B FROM LAWRENCE EXPRESSWAY,,,9/13/2021 12:00:00 AM,A,S,58.0,LAWRENCE EXPY,F,,D,9/13/2021 4:28:25 PM,9/13/2021 4:28:25 PM,False,True,4,,,,,,,
1569157,9340-2021-11370,1,False,9340,8/29/2021 9:15:00 AM,915,681,1368,4313,San Jose,43,True,True,F,OVERTURNED,,Sunday,Yes,False,,,False,True,True,SANTA CLARA SUPERIOR COURT HALL OF JUSTICE,I,FIXED OBJECT,BUSHES/DIRT GROUND ,1.0,0.0,CLEAR,, NO UNUSUAL CONDITIONS,, ,A,DAYLIGHT,37.345393,-121.84448,,,,,A,NO PEDESTRIANS INVOLVED,8/29/2021 9:15:00 AM,A,VC 23152(F),True,,I-680 S/B TO KING ROAD ,,,9/13/2021 12:00:00 AM,A,N,880.0,KING ROAD,F,,D,9/13/2021 4:20:54 PM,9/13/2021 4:20:54 PM,False,True,4,False,,,,,,
1569115,9340-2021-11436,1,False,9340,9/3/2021 9:20:00 AM,920,110,1368,4313,San Jose,43,True,True,B,SIDE SWIPE,,Friday,NotApplicable,False,,,False,True,False,SANTA CLARA SUPERIOR COURT HALL OF JUSTICE,C,OTHER MOTOR VEHICLE,,1.0,0.0,CLEAR,, NO UNUSUAL CONDITIONS,, ,A,DAYLIGHT,37.357163,-121.869265,,,,,A,NO PEDESTRIANS INVOLVED,9/3/2021 9:20:00 AM,A,VC 22350,False,,US 101 N/B,,,9/13/2021 12:00:00 AM,A,N,500.0,MCKEE RD.,F,,D,9/13/2021 3:23:08 PM,9/13/2021 3:23:08 PM,False,True,4,,,,,,,
1569081,9340-2021-11421,1,False,9340,9/1/2021 7:15:00 PM,1915,281,1368,4313,San Jose,43,True,True,B,SIDE SWIPE,,Wednesday,NotApplicable,False,,,False,True,False,SANTA CLARA SUPERIOR COURT DOWNTOWN SUPERIOR COURT,C,OTHER MOTOR VEHICLE,,0.0,0.0,CLEAR,, NO UNUSUAL CONDITIONS,, ,B,DUSK-DAWN,37.317015,-121.921148,,,,,A,NO PEDESTRIANS INVOLVED,9/1/2021 7:15:00 PM,A,VC 21658(A),False,,I-280 N/B,,,9/13/2021 12:00:00 AM,A,S,700.0,LEIGH AVE,F,,D,9/13/2021 2:47:36 PM,9/13/2021 2:47:36 PM,False,True,4,,,,,,,
1569061,9340-2021-11409,1,False,9340,9/1/2021 9:00:00 AM,900,281,1368,4313,San Jose,43,True,True,E,HIT OBJECT,,Wednesday,NotApplicable,False,,,False,True,False,SANTA CLARA SUPERIOR COURT DOWNTOWN SUPERIOR COURT,J,OTHER OBJECT,BLACK METAL OBJECT,0.0,0.0,CLEAR,, NO UNUSUAL CONDITIONS,, ,A,DAYLIGHT,37.313005,-121.886336,,,,,A,NO PEDESTRIANS INVOLVED,9/1/2021 9:00:00 AM,C,,,,SR-87 S/B TO ALMA AVE.,,,9/13/2021 12:00:00 AM,A,N,1348.0,ALMA AVE OFFRAMP,F,,D,9/13/2021 2:34:15 PM,9/13/2021 2:34:15 PM,False,True,4,,,,,,,
1568957,9340-2021-11444,1,False,9340,9/3/2021 2:25:00 PM,1425,089,1368,4313,San Jose,43,True,True,C,REAR END,,Friday,NotApplicable,False,,,False,True,True,SANTA CLARA SUPERIOR COURT HALL OF JUSTICE,C,OTHER MOTOR VEHICLE,,1.0,0.0,CLEAR,, NO UNUSUAL CONDITIONS,, ,A,DAYLIGHT,37.39399,-121.907379,,,,,A,NO PEDESTRIANS INVOLVED,9/3/2021 2:25:00 PM,A,VC 22350,True,,I-880 S/B,,,9/13/2021 12:00:00 AM,A,S,0.5,MONTAGUE EXPY,M,,D,9/13/2021 1:38:53 PM,9/13/2021 1:38:53 PM,False,True,4,,,,,,,
1568863,9340-2021-11405,1,False,9340,8/31/2021 10:44:00 PM,2244,110,1368,4313,San Jose,43,True,True,G,VEHICLE/PEDESTRAIN,,Tuesday,Yes,False,,,False,True,True,SANTA CLARA SUPERIOR COURT HALL OF JUSTICE,B,PEDESTRIAN,,2.0,0.0,CLEAR,, NO UNUSUAL CONDITIONS,, ,C,DARK-STREET LIGHTS,37.362683,-121.892171,,,,,F,NOT IN ROAD,8/31/2021 10:44:00 PM,A,VC 23152(a),True,,US-101 S/B TO OAKLAND RD,,,9/13/2021 12:00:00 AM,A,N,10.0,OAKLAND RD,F,,A,9/13/2021 12:35:44 PM,9/13/2021 12:35:44 PM,False,True,4,True,,,,,,
1568828,9340-2021-11389,1,False,9340,8/31/2021 9:00:00 AM,900,281,1368,4313,San Jose,43,True,True,C,REAR END,,Tuesday,NotApplicable,False,,,False,True,True,SANTA CLARA SUPERIOR COURT DOWNTOWN SUPERIOR COURT,C,OTHER MOTOR VEHICLE,,0.0,0.0,CLEAR,, NO UNUSUAL CONDITIONS,, ,A,DAYLIGHT,37.316981,-121.930645,,,,,A,NO PEDESTRIANS INVOLVED,8/31/2021 9:00:00 AM,A,VC 22350,False,,I-280 N/B,,,9/13/2021 12:00:00 AM,A,S,300.0,BASCOM AVE,F,,D,9/13/2021 12:12:01 PM,9/13/2021 12:12:01 PM,False,True,4,,,,,,,
1568510,9340-2021-11441,1,False,9340,9/3/2021 1:10:00 PM,1310,083,1368,4313,San Jose,43,True,True,C,REAR END,,Friday,NotApplicable,False,M,,False,True,False,SANTA CLARA SUPERIOR COURT SANTA CLARA COURTHOUSE,C,OTHER MOTOR VEHICLE,,0.0,0.0,CLEAR,, NO UNUSUAL CONDITIONS,, ,A,DAYLIGHT,37.256166,-121.870762,,,,,A,NO PEDESTRIANS INVOLVED,9/3/2021 1:10:00 PM,A,VC 22350,False,,SR-85,,,9/13/2021 12:00:00 AM,A,S,1415.0,ALMADEN EXPRESSWAY,F,,D,9/13/2021 8:59:48 AM,9/13/2021 8:59:48 AM,False,True,4,,,,,,,
1568500,9340-2021-11430,1,False,9340,9/2/2021 5:20:00 PM,1720,120,1368,4313,San Jose,43,True,True,B,SIDE SWIPE,,Thursday,NotApplicable,False,,,False,True,False,SANTA CLARA SUPERIOR COURT SANTA CLARA COURTHOUSE,C,OTHER MOTOR VEHICLE,,0.0,0.0,CLEAR,, NO UNUSUAL CONDITIONS,, ,A,DAYLIGHT,37.383716,-121.970104,,,,,A,NO PEDESTRIANS INVOLVED,9/2/2021 5:20:00 PM,A,VC 21658(a),False,,US-101 S/B ,,,9/13/2021 12:00:00 AM,A,N,0.4,SAN TOMAS EXPWY,M,,D,9/13/2021 8:51:00 AM,9/13/2021 8:51:00 AM,False,True,4,,,,,,,
1567836,9340-2021-11435,1,False,9340,9/3/2021 8:50:00 AM,850,110,1368,4313,San Jose,43,True,True,C,REAR END,,Friday,NotApplicable,False,M,,False,True,False,SANTA CLARA SUPERIOR COURT HALL OF JUSTICE,C,OTHER MOTOR VEHICLE,,0.0,0.0,CLEAR,, NO UNUSUAL CONDITIONS,, ,A,DAYLIGHT,37.319837,-121.83271,,,,,A,NO PEDESTRIANS INVOLVED,9/3/2021 8:50:00 AM,A,VC 22350,False,,US 101 N/B,,,9/10/2021 12:00:00 AM,A,N,500.0,TULLY RD.,F,,D,9/10/2021 6:28:10 PM,9/10/2021 6:28:10 PM,False,True,4,,,,,,,
1567809,9340-2021-11434,1,False,9340,9/3/2021 3:00:00 AM,300,281,1368,4313,San Jose,43,True,True,E,HIT OBJECT,,Friday,Yes,False,,,False,True,True,SANTA CLARA SUPERIOR COURT DOWNTOWN SUPERIOR COURT,I,FIXED OBJECT,BRIDGE RAIL,0.0,0.0,CLEAR,, NO UNUSUAL CONDITIONS,, ,D,DARK-NO STREET LIGHTS,37.324369,-121.88819,,,,,A,NO PEDESTRIANS INVOLVED,9/3/2021 3:00:00 AM,A,VC 23152(a),True,,SR-87 TO I-280 S/B,,,9/10/2021 12:00:00 AM,A,N,100.0,VINE STREET,F,,D,9/10/2021 4:46:22 PM,9/10/2021 4:46:22 PM,False,True,4,,,,,,,
1567746,9340-2021-11400,1,False,9340,9/1/2021 12:41:00 AM,41,110,1368,4313,San Jose,43,True,True,E,HIT OBJECT,,Wednesday,NotApplicable,False,,,False,True,False,SANTA CLARA SUPERIOR COURT DOWNTOWN SUPERIOR COURT,J,OTHER OBJECT,METAL GUARDRAIL,1.0,0.0,CLOUDY,, NO UNUSUAL CONDITIONS,, ,D,DARK-NO STREET LIGHTS,37.3223,-121.844,,,,,A,NO PEDESTRIANS INVOLVED,9/1/2021 12:41:00 AM,A,VC 22350,False,,US-101 N/B,,,9/10/2021 12:00:00 AM,A,S,1550.0,STORY RD,F,,D,9/10/2021 3:24:16 PM,9/10/2021 3:24:16 PM,False,True,4,,,,,,,
1567741,9340-2021-11394,1,False,9340,8/31/2021 4:45:00 PM,1645,083,1368,4313,San Jose,43,True,True,B,SIDE SWIPE,,Tuesday,NotApplicable,False,M,,False,True,False,SANTA CLARA SUPERIOR COURT DOWNTOWN SUPERIOR COURT,C,OTHER MOTOR VEHICLE,,0.0,0.0,CLEAR,, NO UNUSUAL CONDITIONS,, ,A,DAYLIGHT,37.1446,-121.4939,,,,,A,NO PEDESTRIANS INVOLVED,8/31/2021 4:45:00 PM,A,VC 22350,False,,SR-85 N/B,,,9/10/2021 12:00:00 AM,A,S,3000.0,BLOSSOM HILL RD,F,,D,9/10/2021 3:21:04 PM,9/10/2021 3:21:04 PM,False,True,4,,,,,,,
1567731,9340-2021-11415,1,False,9340,9/1/2021 4:05:00 PM,1605,083,1368,4313,San Jose,43,True,True,C,REAR END,,Wednesday,NotApplicable,False,M,,False,True,False,SANTA CLARA SUPERIOR COURT HALL OF JUSTICE,C,OTHER MOTOR VEHICLE,,0.0,0.0,CLEAR,, NO UNUSUAL CONDITIONS,, ,A,DAYLIGHT,37.262065,-121.800504,,,,,A,NO PEDESTRIANS INVOLVED,9/1/2021 4:05:00 PM,A,VC 22350,False,,US-101 S/B,,,9/10/2021 12:00:00 AM,A,N,1995.0,BLOSSOM HILL RD,F,,D,9/10/2021 3:13:34 PM,9/10/2021 3:13:34 PM,False,True,4,,,,,,,
1567705,9340-2021-11380,1,False,9340,8/28/2021 11:35:00 PM,2335,120,1368,4313,San Jose,43,True,True,C,REAR END,,Saturday,NotApplicable,False,M,,False,True,False,SANTA CLARA SUPERIOR COURT DOWNTOWN SUPERIOR COURT,C,OTHER MOTOR VEHICLE,,0.0,0.0,CLEAR,, NO UNUSUAL CONDITIONS,, ,D,DARK-NO STREET LIGHTS,37.368294,-121.908479,,,,,A,NO PEDESTRIANS INVOLVED,8/28/2021 11:35:00 PM,A,VC 22350,False,,US-101 SOUTHBOUND,,,9/10/2021 12:00:00 AM,A,N,2365.0,I-880,F,,D,9/10/2021 2:45:38 PM,9/10/2021 2:45:38 PM,False,True,4,,,,,,,
1567696,9340-2021-11428,1,False,9340,9/2/2021 6:10:00 PM,1810,282,1368,4313,San Jose,43,True,True,C,REAR END,,Thursday,NotApplicable,False,,,False,True,True,SANTA CLARA SUPERIOR COURT HALL OF JUSTICE,C,OTHER MOTOR VEHICLE,,0.0,0.0,CLEAR,, NO UNUSUAL CONDITIONS,, ,A,DAYLIGHT,37.31632,-121.960921,,,,,A,NO PEDESTRIANS INVOLVED,9/2/2021 6:10:00 PM,A,VC 22350,False,,I-280 S/B,,,9/10/2021 12:00:00 AM,A,N,2000.0,WINCHESTER BLVD,F,,D,9/10/2021 2:34:05 PM,9/10/2021 2:34:05 PM,False,True,4,,,,,,,
1567674,9340-2021-11410,3,False,9340,9/1/2021 10:10:00 AM,1010,110,1368,4313,San Jose,43,True,True,C,REAR END,,Wednesday,NotApplicable,False,,,False,True,False,SANTA CLARA SUPERIOR COURT HALL OF JUSTICE,C,OTHER MOTOR VEHICLE,,0.0,0.0,CLEAR,, NO UNUSUAL CONDITIONS,, ,A,DAYLIGHT,37.323653,-121.836321,,,,,A,NO PEDESTRIANS INVOLVED,9/1/2021 10:10:00 AM,A,VC 22350,False,1.0,US 101 N/B,,,1/18/2023 2:57:27 PM,A,N,1000.0,TULLY RD.,F,,D,9/10/2021 2:17:31 PM,1/18/2023 2:57:32 PM,False,True,4,,,,False,,,
1567639,9340-2021-11426,1,False,9340,9/2/2021 2:35:00 PM,1435,281,1368,4313,San Jose,43,True,True,C,REAR END,,Thursday,NotApplicable,False,,,False,True,True,SANTA CLARA SUPERIOR COURT HALL OF JUSTICE,C,OTHER MOTOR VEHICLE,,0.0,0.0,CLEAR,, NO UNUSUAL CONDITIONS,, ,A,DAYLIGHT,37.322639,-121.896111,,,,,A,NO PEDESTRIANS INVOLVED,9/2/2021 2:35:00 PM,A,VC 21658(A),False,,I-280 S/B (TO SR-87),,,9/10/2021 12:00:00 AM,A,S,550.0,BIRD AVE,F,,D,9/10/2021 1:41:31 PM,9/10/2021 1:41:31 PM,False,True,4,,,,,,,
1567414,9340-2021-11418,1,False,9340,9/1/2021 6:00:00 PM,1800,230,1368,4313,San Jose,43,True,True,C,REAR END,,Wednesday,NotApplicable,False,,,False,True,True,SANTA CLARA SUPERIOR COURT SANTA CLARA COURTHOUSE,C,OTHER MOTOR VEHICLE,,0.0,0.0,CLEAR,, NO UNUSUAL CONDITIONS,, ,A,DAYLIGHT,37.418902,-121.96408,,,,,A,NO PEDESTRIANS INVOLVED,9/1/2021 6:00:00 PM,A,VC 22350,False,,SR-237 E/B,,,9/10/2021 12:00:00 AM,A,W,1500.0,N FIRST ST,F,,D,9/10/2021 10:35:27 AM,9/10/2021 10:35:27 AM,False,True,4,,,,,,,
1567360,9340-2021-11393,1,False,9340,8/31/2021 6:20:00 PM,1820,120,1368,4313,San Jose,43,True,True,C,REAR END,,Tuesday,NotApplicable,False,,,False,True,True,SANTA CLARA SUPERIOR COURT HALL OF JUSTICE,C,OTHER MOTOR VEHICLE,,0.0,0.0,CLEAR,, NO UNUSUAL CONDITIONS,, ,A,DAYLIGHT,37.372118,-121.919302,,,,,A,NO PEDESTRIANS INVOLVED,8/31/2021 6:20:00 PM,A,VC 22350,False,,US-101 S/B,,,9/10/2021 12:00:00 AM,A,S,1250.0,BROKAW RD.,F,,D,9/10/2021 9:57:19 AM,9/10/2021 9:57:19 AM,False,True,4,,,,,,,