Collision Id,	Report Number,	Report Version,	Is Preliminary,	NCIC Code,Crash Date Time,	Crash Time Description,	Beat,City Id,	City Code,	City Name,County Code,	City Is Active,	City Is Incorporated,	Collision Type Code,Collision Type Description,	Collision Type Other Desc,	Day Of Week,	DispatchNotified,	HasPhotographs,	HitRun,	IsAttachmentsMailed,	IsDeleted,	IsHighwayRelated,	IsTowAway,	JudicialDistrict,	MotorVehicleInvolvedWithCode,	MotorVehicleInvolvedWithDesc,MotorVehicleInvolvedWithOtherDesc,	NumberInjured,	NumberKilled,Weather 1, Weather 2, Road Condition 1, Road Condition 2, Special Condition,LightingCode, LightingDescription,Latitude,Longitude,MilepostDirection,MilepostDistance,MilepostMarker,MilepostUnitOfMeasure,	PedestrianActionCode,PedestrianActionDesc,PreparedDate,	Primary Collision Factor Code,Primary Collision Factor Violation,PrimaryCollisionFactorIsCited,	PrimaryCollisionPartyNumber,	PrimaryRoad,	ReportingDistrict,	ReportingDistrictCode,ReviewedDate,	RoadwaySurfaceCode,SecondaryDirection,	SecondaryDistance,	SecondaryRoad,	SecondaryUnitOfMeasure,	SketchDesc,	TrafficControlDeviceCode,CreatedDate,	ModifiedDate,IsCountyRoad,IsFreeway,CHP555Version,	IsAdditonalObjectStruck,NotificationDate,	NotificationTimeDescription,	HasDigitalMediaFiles,	EvidenceNumber,	IsLocationReferToNarrative,	IsAOIOneSameAsLocation
1596751,9340-2021-11923,1,False,9340,10/8/2021 8:35:00 AM,835,110,1368,4313,San Jose,43,True,True,C,REAR END,,Friday,NotApplicable,False,,,False,True,False,SANTA CLARA SUPERIOR COURT HALL OF JUSTICE,C,OTHER MOTOR VEHICLE,,0.0,0.0,CLOUDY,, NO UNUSUAL CONDITIONS,, ,A,DAYLIGHT,37.346125,-121.858256,,,,,A,NO PEDESTRIANS INVOLVED,10/8/2021 8:35:00 AM,A,VC 22350,False,1.0,US 101 N/B,,,10/14/2021 12:00:00 AM,A,S,50.0,E. SAN ANTONIO ST.,F,,D,10/14/2021 2:43:34 PM,10/14/2021 2:43:34 PM,False,True,4,,,,,,,
1596733,9340-2021-11898,1,False,9340,10/6/2021 8:45:00 AM,845,088,1368,4313,San Jose,43,True,True,F,OVERTURNED,,Wednesday,Yes,False,,,False,True,True,Santa Clara Superior Court Hall of Justice,A,NON-COLLISION,ROADWAY,1.0,0.0,CLEAR,, NO UNUSUAL CONDITIONS,, ,A,DAYLIGHT,37.336766,-121.933323,,,,,A,NO PEDESTRIANS INVOLVED,10/6/2021 8:45:00 AM,A,VC 22350,False,1.0,I-880 N/B,,,10/14/2021 12:00:00 AM,A,S,1190.0,PARK AVE,F,,D,10/14/2021 2:35:20 PM,10/14/2021 2:35:20 PM,False,True,4,,,,,,,
1596612,9340-2021-11922,1,False,9340,10/7/2021 7:05:00 PM,1905,681,1368,4313,San Jose,43,True,True,C,REAR END,,Thursday,NotApplicable,False,,,False,True,True,SANTA CLARA SUPERIOR COURT SANTA CLARA COURTHOUSE,C,OTHER MOTOR VEHICLE,,2.0,0.0,CLEAR,, NO UNUSUAL CONDITIONS,, ,C,DARK-STREET LIGHTS,37.349671,-121.839363,,,,,A,NO PEDESTRIANS INVOLVED,10/7/2021 7:05:00 PM,A,VC 22350,False,2.0,I-680 S/B FROM JACKSON AVE.,,,10/14/2021 12:00:00 AM,A,S,500.0,JACKSON AVE.,F,,A,10/14/2021 1:09:16 PM,10/14/2021 1:09:16 PM,False,True,4,,,,,,,
1596568,9725-2021-10870,1,False,9725,10/3/2021 10:15:00 PM,2215,013,1368,4313,San Jose,43,True,True,B,SIDE SWIPE,,Sunday,NotApplicable,False,M,,False,True,False,SANTA CLARA SUPERIOR COURT HALL OF JUSTICE,C,OTHER MOTOR VEHICLE,,0.0,0.0,CLEAR,, NO UNUSUAL CONDITIONS,, ,D,DARK-NO STREET LIGHTS,37.194013,-121.697626,,,,,A,NO PEDESTRIANS INVOLVED,10/3/2021 10:15:00 PM,A,VC 22107,False,1.0,US-101 N/B,,,10/14/2021 12:00:00 AM,A,N,0.327,COYOTE CREEK GOLF DRIVE,M,,D,10/14/2021 12:34:24 PM,10/14/2021 12:34:24 PM,False,True,4,,,,,,,
1596524,9340-2021-11896,1,False,9340,10/6/2021 8:05:00 AM,805,087,1368,4313,San Jose,43,True,True,C,REAR END,,Wednesday,NotApplicable,False,,,False,True,False,SANTA CLARA SUPERIOR COURT DOWNTOWN SUPERIOR COURT,C,OTHER MOTOR VEHICLE,,1.0,0.0,CLEAR,, NO UNUSUAL CONDITIONS,, ,A,DAYLIGHT,37.271763,-121.861897,,,,,A,NO PEDESTRIANS INVOLVED,10/6/2021 8:05:00 AM,A,VC 22350,False,1.0,SR-87 N/B,,,10/14/2021 12:00:00 AM,A,S,911.0,CAPITOL EXPY,F,,D,10/14/2021 12:05:33 PM,10/14/2021 12:05:33 PM,False,True,4,,,,,,,
1596381,9340-2021-11890,1,False,9340,10/5/2021 11:45:00 PM,2345,281,1368,4313,San Jose,43,True,True,B,SIDE SWIPE,,Tuesday,NotApplicable,False,M,,False,True,False,SANTA CLARA SUPERIOR COURT HALL OF JUSTICE,C,OTHER MOTOR VEHICLE,,0.0,0.0,CLEAR,, NO UNUSUAL CONDITIONS,, ,D,DARK-NO STREET LIGHTS,37.331266,-121.865615,,,,,A,NO PEDESTRIANS INVOLVED,10/5/2021 11:45:00 PM,A,VC 21658(A),False,1.0,I-280 S/B,,,10/14/2021 12:00:00 AM,D,N,2980.0,MCLAUGHLIN AVENUE,F,,D,10/14/2021 10:51:57 AM,10/14/2021 10:51:57 AM,False,True,4,,,,,,,
1596373,9340-2021-11892,1,False,9340,10/5/2021 9:30:00 PM,2130,681,1368,4313,San Jose,43,True,True,B,SIDE SWIPE,,Tuesday,NotApplicable,False,M,,False,True,False,SANTA CLARA SUPERIOR COURT HALL OF JUSTICE,C,OTHER MOTOR VEHICLE,,0.0,0.0,CLEAR,, NO UNUSUAL CONDITIONS,, ,D,DARK-NO STREET LIGHTS,37.361382,-121.841932,,,,,A,NO PEDESTRIANS INVOLVED,10/5/2021 9:30:00 PM,A,VC 21658(A),False,1.0,I-680 N/B,,,10/14/2021 12:00:00 AM,A,N,600.0,ALUM ROCK AVE,F,,D,10/14/2021 10:51:04 AM,10/14/2021 10:51:04 AM,False,True,4,,,,,,,
1596303,9390-2021-11293,1,False,9390,10/7/2021 1:00:00 AM,100,901,1368,4313,San Jose,43,True,True,B,SIDE SWIPE,,Thursday,NotApplicable,False,M,,False,True,False,SANTA CLARA SUPERIOR COURT SANTA CLARA COURTHOUSE,E,PARKED MOTOR VEHICLE,,0.0,0.0,CLEAR,, NO UNUSUAL CONDITIONS,, ,C,DARK-STREET LIGHTS,37.373863,-121.822479,,,,,A,NO PEDESTRIANS INVOLVED,10/7/2021 1:00:00 AM,A,VC 22107,False,1.0,SR-130 (ALUM ROCK AVE),,,10/14/2021 12:00:00 AM,A,,,CLAREVIEW AVE,,,D,10/14/2021 10:16:41 AM,10/14/2021 10:16:41 AM,False,False,4,,,,,,,
1596218,9340-2021-11861,1,False,9340,10/3/2021 10:05:00 PM,2205,282,1368,4313,San Jose,43,True,True,E,HIT OBJECT,,Sunday,Yes,False,,,False,True,True,SANTA CLARA SUPERIOR COURT HALL OF JUSTICE,I,FIXED OBJECT,GAURDRAIL,3.0,0.0,CLEAR,, NO UNUSUAL CONDITIONS,, ,C,DARK-STREET LIGHTS,37.322258,-121.939809,,,,,A,NO PEDESTRIANS INVOLVED,10/3/2021 10:05:00 PM,A,VC 22350,False,1.0,I-280 N/B TO STEVENS CR. BLVD.,,,10/14/2021 12:00:00 AM,A,S,326.0,STEVENS CR. BLVD.,F,,D,10/14/2021 9:35:23 AM,10/14/2021 9:35:23 AM,False,True,4,,,,,,,
1596072,9725-2021-10857,1,False,9725,10/3/2021 5:25:00 AM,525,013,1368,4313,San Jose,43,True,True,F,OVERTURNED,,Sunday,Yes,False,,,False,True,True,SANTA CLARA SUPERIOR COURT HALL OF JUSTICE,I,FIXED OBJECT,DIRT ENBANKMENT ,1.0,0.0,CLEAR,, NO UNUSUAL CONDITIONS,, ,D,DARK-NO STREET LIGHTS,37.161008,-121.660879,,,,,A,NO PEDESTRIANS INVOLVED,10/3/2021 5:25:00 AM,A,VC 22107,False,1.0,US-101 N/B,,,10/14/2021 12:00:00 AM,A,S,831.0,BURNETT AVE,F,,D,10/14/2021 8:12:07 AM,10/14/2021 8:12:07 AM,False,True,4,,,,,,,
1595858,9340-2021-11885,1,False,9340,10/5/2021 3:43:00 PM,1543,681,1368,4313,San Jose,43,True,True,E,HIT OBJECT,,Tuesday,Yes,True,,,False,True,True,SANTA CLARA SUPERIOR COURT HALL OF JUSTICE,I,FIXED OBJECT,CONCRETE BARRIER,0.0,0.0,CLEAR,, NO UNUSUAL CONDITIONS,, ,A,DAYLIGHT,37.340007,-121.851414,,,,,A,NO PEDESTRIANS INVOLVED,10/5/2021 3:43:00 PM,A,VC 23152(a),True,1.0,I-680 S/B ,,,10/13/2021 12:00:00 AM,A,S,1830.0,KING ROAD,F,,D,10/13/2021 9:26:44 PM,10/13/2021 9:26:44 PM,False,True,4,,,,,,,
1595824,9340-2021-11926,1,False,9340,10/8/2021 7:55:00 AM,755,089,1368,4313,San Jose,43,True,True,B,SIDE SWIPE,,Friday,NotApplicable,False,,,False,True,False,SANTA CLARA SUPERIOR COURT DOWNTOWN SUPERIOR COURT,C,OTHER MOTOR VEHICLE,,0.0,0.0,CLEAR,, NO UNUSUAL CONDITIONS,, ,A,DAYLIGHT,37.329708,-121.940843,,,,,A,NO PEDESTRIANS INVOLVED,10/8/2021 7:55:00 AM,A,VC 21658(A),False,1.0,I-880 S/B,,,10/13/2021 12:00:00 AM,A,S,170.0,HEDDING ST,F,,D,10/13/2021 7:33:34 PM,10/13/2021 7:33:34 PM,False,True,4,,,,,,,
1595822,9340-2021-11928,1,False,9340,10/8/2021 6:25:00 AM,625,282,1368,4313,San Jose,43,True,True,B,SIDE SWIPE,,Friday,NotApplicable,False,M,,False,True,False,SANTA CLARA SUPERIOR COURT HALL OF JUSTICE,C,OTHER MOTOR VEHICLE,,0.0,0.0,CLEAR,, NO UNUSUAL CONDITIONS,, ,D,DARK-NO STREET LIGHTS,37.316496,-121.969497,,,,,A,NO PEDESTRIANS INVOLVED,10/8/2021 6:25:00 AM,A,VC 21658(A),False,1.0,I-280 N/B,,,10/13/2021 12:00:00 AM,B,S,500.0,SARATOGA AVE,F,,D,10/13/2021 7:23:42 PM,10/13/2021 7:23:42 PM,False,True,4,,,,,,,
1595813,9340-2021-11917,1,False,9340,10/7/2021 5:10:00 AM,510,281,1368,4313,San Jose,43,True,True,C,REAR END,,Thursday,Yes,False,,,False,True,True,SANTA CLARA SUPERIOR COURT HALL OF JUSTICE,C,OTHER MOTOR VEHICLE,,2.0,0.0,CLEAR,, NO UNUSUAL CONDITIONS,, ,A,DAYLIGHT,37.331403,-121.86565,,,,,A,NO PEDESTRIANS INVOLVED,10/7/2021 5:10:00 AM,A,VC 22350,False,1.0,I-280 N/B,,,10/13/2021 12:00:00 AM,A,S,1900.0,11TH ST,F,,D,10/13/2021 7:10:14 PM,10/13/2021 7:10:14 PM,False,True,4,,,,,,,
1595809,9340-2021-11919,1,False,9340,10/7/2021 2:44:00 AM,244,089,1368,4313,San Jose,43,True,True,E,HIT OBJECT,,Thursday,Yes,False,,,False,True,True,Santa Clara Superior Court Hall of Justice,I,FIXED OBJECT,TREE ,1.0,0.0,CLEAR,, NO UNUSUAL CONDITIONS,, ,C,DARK-STREET LIGHTS,37.401639,-121.909493,,,,,A,NO PEDESTRIANS INVOLVED,10/7/2021 2:44:00 AM,A,VC 22107,False,1.0,I-880 S/B,,,10/13/2021 12:00:00 AM,A,N,94.0,MONTAGUE EXPRESSWAY,F,,D,10/13/2021 7:06:14 PM,10/13/2021 7:06:14 PM,False,True,4,,,,,,,
1595802,9340-2021-11910,1,False,9340,10/6/2021 6:10:00 PM,1810,087,1368,4313,San Jose,43,True,True,C,REAR END,,Wednesday,NotApplicable,False,,,False,True,True,SANTA CLARA SUPERIOR COURT HALL OF JUSTICE,C,OTHER MOTOR VEHICLE,,1.0,0.0,CLEAR,, NO UNUSUAL CONDITIONS,, ,B,DUSK-DAWN,37.286365,-121.868636,,,,,A,NO PEDESTRIANS INVOLVED,10/6/2021 6:10:00 PM,A,VC 22350,False,1.0,SR-87 N/B,,,10/13/2021 12:00:00 AM,A,S,3320.0,CURTNER AVENUE,F,,D,10/13/2021 6:42:42 PM,10/13/2021 6:42:42 PM,False,True,4,,,,,,,
1595799,9340-2021-11909,1,False,9340,10/6/2021 6:00:00 PM,1800,089,1368,4313,San Jose,43,True,True,C,REAR END,,Wednesday,Yes,False,M,,False,True,True,SANTA CLARA SUPERIOR COURT SANTA CLARA COURTHOUSE,C,OTHER MOTOR VEHICLE,,1.0,0.0,CLEAR,, NO UNUSUAL CONDITIONS,, ,A,DAYLIGHT,37.347572,-121.919822,,,,,A,NO PEDESTRIANS INVOLVED,10/6/2021 6:00:00 PM,A,VC 22350,False,1.0,I-880 N/B,,,10/13/2021 12:00:00 AM,A,S,620.0,COLEMAN AVE,F,,D,10/13/2021 6:33:36 PM,10/13/2021 6:33:36 PM,False,True,4,,,,,,,
1595781,9340-2021-11904,1,False,9340,10/6/2021 3:20:00 PM,1520,083,1368,4313,San Jose,43,True,True,C,REAR END,,Wednesday,NotApplicable,False,M,,False,True,False,SANTA CLARA SUPERIOR COURT HALL OF JUSTICE,C,OTHER MOTOR VEHICLE,,0.0,0.0,CLEAR,, NO UNUSUAL CONDITIONS,, ,A,DAYLIGHT,37.15158,-121.543805,,,,,A,NO PEDESTRIANS INVOLVED,10/6/2021 3:20:00 PM,A,VC 22350,False,1.0,SR-85 S/B,,,10/13/2021 12:00:00 AM,A,N,100.0,CAMDEN AVENUE,F,,D,10/13/2021 5:50:22 PM,10/13/2021 5:50:22 PM,False,True,4,,,,,,,
1595778,9340-2021-11914,1,False,9340,10/6/2021 11:50:00 AM,1150,681,1368,4313,San Jose,43,True,True,C,REAR END,,Wednesday,NotApplicable,False,M,,False,True,False,SANTA CLARA SUPERIOR COURT HALL OF JUSTICE,C,OTHER MOTOR VEHICLE,,0.0,0.0,CLEAR,, NO UNUSUAL CONDITIONS,, ,A,DAYLIGHT,37.34412,-121.845746,,,,,A,NO PEDESTRIANS INVOLVED,10/6/2021 11:50:00 AM,A,VC 22107,False,1.0,I-680 S/B,,,10/13/2021 12:00:00 AM,A,N,500.0,KING RD,F,,D,10/13/2021 5:46:29 PM,10/13/2021 5:46:29 PM,False,True,4,,,,,,,
1595759,9340-2021-11971,1,False,9340,10/11/2021 5:25:00 PM,1725,089,1368,4313,San Jose,43,True,True,C,REAR END,,Monday,NotApplicable,False,,,False,True,False,SANTA CLARA SUPERIOR COURT HALL OF JUSTICE,C,OTHER MOTOR VEHICLE,,1.0,0.0,CLEAR,, NO UNUSUAL CONDITIONS,, ,A,DAYLIGHT,37.395821,-121.907818,,,,,A,NO PEDESTRIANS INVOLVED,10/11/2021 5:25:00 PM,A,VC 22350,False,1.0,I-880 S/B,,,10/13/2021 12:00:00 AM,A,S,1988.0,MONTAGUE EXPY,F,,D,10/13/2021 5:01:32 PM,10/13/2021 5:01:32 PM,False,True,4,,,,,,,
1595745,9340-2021-11860,1,False,9340,10/3/2021 9:10:00 PM,2110,120,1368,4313,San Jose,43,True,True,C,REAR END,,Sunday,Yes,False,,,False,True,False,SANTA CLARA SUPERIOR COURT HALL OF JUSTICE,C,OTHER MOTOR VEHICLE,,0.0,0.0,CLEAR,, NO UNUSUAL CONDITIONS,, ,C,DARK-STREET LIGHTS,37.378372,-121.949073,,,,,A,NO PEDESTRIANS INVOLVED,10/3/2021 9:10:00 PM,A,VC 22350,False,1.0,US-101 N/B FROM TRIMBLE RD.,,,10/13/2021 12:00:00 AM,A,N,2200.0,TRIMBLE RD,F,,D,10/13/2021 4:42:29 PM,10/13/2021 4:42:29 PM,False,True,4,,,,,,,
1595659,9340-2021-11908,1,False,9340,10/6/2021 5:00:00 PM,1700,172,1368,4313,San Jose,43,True,True,B,SIDE SWIPE,,Wednesday,NotApplicable,False,,,False,True,False,SANTA CLARA SUPERIOR COURT SANTA CLARA COURTHOUSE,C,OTHER MOTOR VEHICLE,,0.0,0.0,CLEAR,, NO UNUSUAL CONDITIONS,, ,A,DAYLIGHT,37.292407,-121.93757,,,,,A,NO PEDESTRIANS INVOLVED,10/6/2021 5:00:00 PM,A,VC 22107,False,1.0,SR-17 S/B,,,10/13/2021 12:00:00 AM,A,S,1000.0,E HAMILTON AVE,F,,D,10/13/2021 3:35:56 PM,10/13/2021 3:35:56 PM,False,True,4,,,,,,,
1595533,9340-2021-11855,1,False,9340,10/3/2021 2:25:00 PM,1425,083,1368,4313,San Jose,43,True,True,B,SIDE SWIPE,,Sunday,NotApplicable,False,,,False,True,False,SANTA CLARA SUPERIOR COURT HALL OF JUSTICE,C,OTHER MOTOR VEHICLE,,0.0,0.0,CLEAR,, NO UNUSUAL CONDITIONS,, ,A,DAYLIGHT,37.250971,-121.932196,,,,,A,NO PEDESTRIANS INVOLVED,10/3/2021 2:25:00 PM,A,VC 21658(A),False,,SR-85 SOUTHBOUND,,,10/13/2021 12:00:00 AM,A,N,200.0,UNION AVE,F,,D,10/13/2021 2:17:06 PM,10/13/2021 2:17:06 PM,False,True,4,,,,,,,
1595532,9340-2021-11906,1,False,9340,10/6/2021 2:30:00 PM,1430,088,1368,4313,San Jose,43,True,True,C,REAR END,,Wednesday,NotApplicable,False,,,False,True,False,SANTA CLARA SUPERIOR COURT SANTA CLARA COURTHOUSE,C,OTHER MOTOR VEHICLE,,0.0,0.0,CLEAR,, NO UNUSUAL CONDITIONS,, ,A,DAYLIGHT,37.323019,-121.940948,,,,,A,NO PEDESTRIANS INVOLVED,10/6/2021 2:30:00 PM,A,VC 22350,False,1.0,I-880 S/B,,,10/13/2021 12:00:00 AM,A,N,1710.0,STEVENS CREEK BLVD,F,,D,10/13/2021 2:14:54 PM,10/13/2021 2:14:54 PM,False,True,4,,,,,,,
1595470,9340-2021-11752,1,False,9340,9/26/2021 2:35:00 PM,1435,281,1368,4313,San Jose,43,True,True,C,REAR END,,Sunday,Yes,False,,,False,True,True,Santa Clara Superior Court Hall of Justice,C,OTHER MOTOR VEHICLE,,1.0,0.0,CLEAR,, NO UNUSUAL CONDITIONS,, ,A,DAYLIGHT,37.332044,-121.845175,,,,,A,NO PEDESTRIANS INVOLVED,9/26/2021 2:35:00 PM,A,VC 22350,True,1.0,I-280 S/B / I-680 S/B TO US-101 S/B,,,10/13/2021 12:00:00 AM,A,S,1615.0,STORY ROAD,F,,D,10/13/2021 1:34:08 PM,10/13/2021 1:34:08 PM,False,True,4,,,,,,,
1595366,9340-2021-11900,1,False,9340,10/6/2021 11:48:00 AM,1148,281,1368,4313,San Jose,43,True,True,E,HIT OBJECT,,Wednesday,NotApplicable,False,,,False,True,True,SANTA CLARA SUPERIOR COURT HALL OF JUSTICE,I,FIXED OBJECT,CONCRETE BARRIER,1.0,0.0,CLEAR,, NO UNUSUAL CONDITIONS,, ,A,DAYLIGHT,37.339541,-121.852581,,,,,A,NO PEDESTRIANS INVOLVED,10/6/2021 11:48:00 AM,A,VC 22107,False,1.0,I-280 NB,,,10/13/2021 12:00:00 AM,A,N,10.0,US-101,F,,D,10/13/2021 12:25:07 PM,10/13/2021 12:25:07 PM,False,True,4,,,,,,,
1595240,9340-2021-11895,1,False,9340,10/6/2021 8:29:00 AM,829,281,1368,4313,San Jose,43,True,True,B,SIDE SWIPE,,Wednesday,NotApplicable,False,,,False,True,False,SANTA CLARA SUPERIOR COURT HALL OF JUSTICE,C,OTHER MOTOR VEHICLE,,0.0,0.0,CLEAR,, NO UNUSUAL CONDITIONS,, ,A,DAYLIGHT,37.32815,-121.874346,,,,,A,NO PEDESTRIANS INVOLVED,10/6/2021 8:29:00 AM,A,VC 21658(A),False,1.0,I-280 NB,,,10/13/2021 12:00:00 AM,A,S,400.0,7TH STREET,F,,D,10/13/2021 10:46:49 AM,10/13/2021 10:46:49 AM,False,True,4,,,,,,,
1595239,9340-2021-11913,1,False,9340,10/6/2021 8:15:00 AM,815,281,1368,4313,San Jose,43,True,True,C,REAR END,,Wednesday,NotApplicable,False,M,,False,True,False,SANTA CLARA SUPERIOR COURT HALL OF JUSTICE,C,OTHER MOTOR VEHICLE,,0.0,0.0,CLOUDY,, NO UNUSUAL CONDITIONS,, ,A,DAYLIGHT,37.317748,-121.903769,,,,,A,NO PEDESTRIANS INVOLVED,10/6/2021 8:15:00 AM,A,VC 22350,False,1.0,I-280 N/B,,,10/13/2021 12:00:00 AM,A,N,1000.0,BIRD AVE,F,,D,10/13/2021 10:43:52 AM,10/13/2021 10:43:52 AM,False,True,4,,,,,,,
1595231,9340-2021-11894,1,False,9340,10/6/2021 7:19:00 AM,719,281,1368,4313,San Jose,43,True,True,C,REAR END,,Wednesday,NotApplicable,False,M,,False,True,False,SANTA CLARA SUPERIOR COURT HALL OF JUSTICE,C,OTHER MOTOR VEHICLE,,0.0,0.0,CLEAR,, NO UNUSUAL CONDITIONS,, ,A,DAYLIGHT,37.337413,-121.85523,,,,,A,NO PEDESTRIANS INVOLVED,10/6/2021 7:19:00 AM,A,VC 21658(a),False,1.0,I-280 S/B,,,10/13/2021 12:00:00 AM,A,N,900.0,US 101,F,,D,10/13/2021 10:39:20 AM,10/13/2021 10:39:20 AM,False,True,4,,,,,,,
1595211,9340-2021-11897,1,False,9340,10/6/2021 6:55:00 AM,655,110,1368,4313,San Jose,43,True,True,B,SIDE SWIPE,,Wednesday,NotApplicable,False,,,False,True,False,SANTA CLARA SUPERIOR COURT HALL OF JUSTICE,C,OTHER MOTOR VEHICLE,,0.0,0.0,CLEAR,, NO UNUSUAL CONDITIONS,, ,A,DAYLIGHT,37.334188,-121.846019,,,,,A,NO PEDESTRIANS INVOLVED,10/6/2021 6:55:00 AM,A,VC 21658(A),False,1.0,US-101 NB TO I-280/ I-680,,,10/13/2021 12:00:00 AM,A,S,402.0,STORY RD,F,,D,10/13/2021 10:31:26 AM,10/13/2021 10:31:26 AM,False,True,4,,,,,,,
1595153,9340-2021-11899,1,False,9340,10/6/2021 6:43:00 AM,643,120,1368,4313,San Jose,43,True,True,B,SIDE SWIPE,,Wednesday,NotApplicable,False,M,,False,True,False,SANTA CLARA SUPERIOR COURT DOWNTOWN SUPERIOR COURT,C,OTHER MOTOR VEHICLE,,0.0,0.0,CLEAR,, NO UNUSUAL CONDITIONS,, ,B,DUSK-DAWN,37.377329,-121.944465,,,,,A,NO PEDESTRIANS INVOLVED,10/6/2021 6:43:00 AM,A,VC 22107,False,1.0,US-101 NB,,,10/13/2021 12:00:00 AM,A,S,0.75,MONTAGUE EXPY,M,,D,10/13/2021 10:00:07 AM,10/13/2021 10:00:07 AM,False,True,4,,,,,,,
1594981,9340-2021-11883,1,False,9340,10/5/2021 5:08:00 PM,1708,281,1368,4313,San Jose,43,True,True,C,REAR END,,Tuesday,Yes,False,,,False,True,False,SANTA CLARA SUPERIOR COURT SANTA CLARA COURTHOUSE,C,OTHER MOTOR VEHICLE,,0.0,0.0,CLEAR,, NO UNUSUAL CONDITIONS,, ,A,DAYLIGHT,37.328397,-121.873216,,,,,A,NO PEDESTRIANS INVOLVED,10/5/2021 5:08:00 PM,A,VC 23152(A),True,1.0,I-280 N/B TO 7TH. ST.,,,10/13/2021 12:00:00 AM,A,S,1000.0,7TH ST,F,,D,10/13/2021 8:12:49 AM,10/13/2021 8:12:49 AM,False,True,4,,,,,,,
1594944,9340-2021-11829,1,False,9340,10/2/2021 1:45:00 AM,145,281,1368,4313,San Jose,43,True,True,B,SIDE SWIPE,,Saturday,NotApplicable,False,M,,False,True,True,SANTA CLARA SUPERIOR COURT HALL OF JUSTICE,C,OTHER MOTOR VEHICLE,,0.0,0.0,CLEAR,, NO UNUSUAL CONDITIONS,, ,C,DARK-STREET LIGHTS,37.318138,-121.902704,,,,,A,NO PEDESTRIANS INVOLVED,10/2/2021 1:45:00 AM,A,VC 22107,False,1.0,I-280 S/B,,,10/13/2021 12:00:00 AM,A,N,1889.0,BIRD AVE,F,,D,10/13/2021 7:40:11 AM,10/13/2021 7:40:11 AM,False,True,4,,,,,,,
1594656,9340-2021-11881,1,False,9340,10/5/2021 6:20:00 PM,1820,281,1368,4313,San Jose,43,True,True,B,SIDE SWIPE,,Tuesday,NotApplicable,False,M,,False,True,False,SANTA CLARA SUPERIOR COURT HALL OF JUSTICE,C,OTHER MOTOR VEHICLE,,0.0,0.0,CLEAR,, NO UNUSUAL CONDITIONS,, ,A,DAYLIGHT,37.324319,-121.890911,,,,,A,NO PEDESTRIANS INVOLVED,10/5/2021 6:20:00 PM,A,VC 21658(A),False,1.0,I-280 N/B,,,10/12/2021 12:00:00 AM,A,S,2400.0,BIRD AVE,F,,D,10/12/2021 8:40:01 PM,10/12/2021 8:40:01 PM,False,True,4,,,,,,,
1594655,9340-2021-11884,1,False,9340,10/5/2021 7:00:00 PM,1900,281,1368,4313,San Jose,43,True,True,C,REAR END,,Tuesday,NotApplicable,False,,,False,True,False,SANTA CLARA SUPERIOR COURT HALL OF JUSTICE,C,OTHER MOTOR VEHICLE,,0.0,0.0,CLEAR,, NO UNUSUAL CONDITIONS,, ,C,DARK-STREET LIGHTS,37.328021,-121.872691,,,,,A,NO PEDESTRIANS INVOLVED,10/5/2021 7:00:00 PM,A,VC 22350,False,1.0,I-280 S/B,,,10/12/2021 12:00:00 AM,A,N,375.0,10TH ST,F,,D,10/12/2021 8:38:13 PM,10/12/2021 8:38:13 PM,False,True,4,,,,,,,
1594630,9340-2021-11887,1,False,9340,10/5/2021 4:20:00 PM,1620,681,1368,4313,San Jose,43,True,True,C,REAR END,,Tuesday,NotApplicable,False,,,False,True,False,SANTA CLARA SUPERIOR COURT SANTA CLARA COURTHOUSE,C,OTHER MOTOR VEHICLE,,0.0,0.0,CLEAR,, NO UNUSUAL CONDITIONS,, ,A,DAYLIGHT,37.372987,-121.851342,,,,,A,NO PEDESTRIANS INVOLVED,10/5/2021 4:20:00 PM,A,VC 22350,False,1.0,I-680 S/B,,,10/12/2021 12:00:00 AM,A,N,2000.0,MCKEE RD,F,,D,10/12/2021 6:21:49 PM,10/12/2021 6:21:49 PM,False,True,4,,,,,,,
1594607,9340-2021-11882,1,False,9340,10/5/2021 2:00:00 PM,1400,281,1368,4313,San Jose,43,True,True,E,HIT OBJECT,,Tuesday,NotApplicable,False,,,False,True,True,SANTA CLARA SUPERIOR COURT HALL OF JUSTICE,I,FIXED OBJECT,CONCRETE MEDIAN,0.0,0.0,CLEAR,, NO UNUSUAL CONDITIONS,, ,A,DAYLIGHT,37.316778,-121.928287,,,,,A,NO PEDESTRIANS INVOLVED,10/5/2021 2:00:00 PM,A,VC 22107,False,1.0,I-280 S/B,,,10/12/2021 12:00:00 AM,A,N,400.0,LELAND AVE,F,,D,10/12/2021 4:59:34 PM,10/12/2021 4:59:34 PM,False,True,4,,,,,,,