Collision Id,	Report Number,	Report Version,	Is Preliminary,	NCIC Code,Crash Date Time,	Crash Time Description,	Beat,City Id,	City Code,	City Name,County Code,	City Is Active,	City Is Incorporated,	Collision Type Code,Collision Type Description,	Collision Type Other Desc,	Day Of Week,	DispatchNotified,	HasPhotographs,	HitRun,	IsAttachmentsMailed,	IsDeleted,	IsHighwayRelated,	IsTowAway,	JudicialDistrict,	MotorVehicleInvolvedWithCode,	MotorVehicleInvolvedWithDesc,MotorVehicleInvolvedWithOtherDesc,	NumberInjured,	NumberKilled,Weather 1, Weather 2, Road Condition 1, Road Condition 2, Special Condition,LightingCode, LightingDescription,Latitude,Longitude,MilepostDirection,MilepostDistance,MilepostMarker,MilepostUnitOfMeasure,	PedestrianActionCode,PedestrianActionDesc,PreparedDate,	Primary Collision Factor Code,Primary Collision Factor Violation,PrimaryCollisionFactorIsCited,	PrimaryCollisionPartyNumber,	PrimaryRoad,	ReportingDistrict,	ReportingDistrictCode,ReviewedDate,	RoadwaySurfaceCode,SecondaryDirection,	SecondaryDistance,	SecondaryRoad,	SecondaryUnitOfMeasure,	SketchDesc,	TrafficControlDeviceCode,CreatedDate,	ModifiedDate,IsCountyRoad,IsFreeway,CHP555Version,	IsAdditonalObjectStruck,NotificationDate,	NotificationTimeDescription,	HasDigitalMediaFiles,	EvidenceNumber,	IsLocationReferToNarrative,	IsAOIOneSameAsLocation
1620677,9340-2021-12331,1,False,9340,10/31/2021 9:20:00 PM,2120,281,1368,4313,San Jose,43,True,True,B,SIDE SWIPE,,Sunday,NotApplicable,False,,,False,True,False,SANTA CLARA SUPERIOR COURT SANTA CLARA COURTHOUSE,C,OTHER MOTOR VEHICLE,,0.0,0.0,CLEAR,, NO UNUSUAL CONDITIONS,, ,D,DARK-NO STREET LIGHTS,37.325082,-121.887347,,,,,A,NO PEDESTRIANS INVOLVED,10/31/2021 9:20:00 PM,D,,,,I-280 N/B TO SR-87,,,11/9/2021 12:00:00 AM,A,N,150.0,ALMADEN BLVD,F,,D,11/9/2021 1:49:51 PM,11/9/2021 1:49:51 PM,False,True,4,,,,,,,
1620546,9340-2021-12318,1,False,9340,10/30/2021 5:19:00 PM,1719,282,1368,4313,San Jose,43,True,True,C,REAR END,,Saturday,NotApplicable,False,,,False,True,False,SANTA CLARA SUPERIOR COURT HALL OF JUSTICE,C,OTHER MOTOR VEHICLE,,0.0,0.0,CLEAR,, NO UNUSUAL CONDITIONS,, ,A,DAYLIGHT,37.316258,-121.973016,,,,,A,NO PEDESTRIANS INVOLVED,10/30/2021 5:19:00 PM,A,VC 22350,False,2.0,I-280 S/B FROM SARATOGA AVE.,,,11/9/2021 12:00:00 AM,A,S,651.0,SARATOGA AVENUE,F,,D,11/9/2021 12:31:26 PM,11/9/2021 12:31:26 PM,False,True,4,,,,,,,
1620544,9340-2021-12316,1,False,9340,10/30/2021 1:35:00 PM,1335,089,1368,4313,San Jose,43,True,True,C,REAR END,,Saturday,NotApplicable,False,,,False,True,False,SANTA CLARA SUPERIOR COURT HALL OF JUSTICE,C,OTHER MOTOR VEHICLE,,0.0,0.0,CLOUDY,, NO UNUSUAL CONDITIONS,, ,A,DAYLIGHT,37.366649,-121.901303,,,,,A,NO PEDESTRIANS INVOLVED,10/30/2021 1:35:00 PM,A,VC 22350,False,1.0,I-880 S/B,,,11/9/2021 12:00:00 AM,A,S,210.0,OLD BAYSHORE HIGHWAY,F,,D,11/9/2021 12:29:19 PM,11/9/2021 12:29:19 PM,False,True,4,,,,,,,
1620518,9340-2021-12312,1,False,9340,10/30/2021 12:00:00 PM,1200,681,1368,4313,San Jose,43,True,True,C,REAR END,,Saturday,NotApplicable,False,,,False,True,False,SANTA CLARA SUPERIOR COURT HALL OF JUSTICE,C,OTHER MOTOR VEHICLE,,0.0,0.0,CLEAR,, NO UNUSUAL CONDITIONS,, ,A,DAYLIGHT,37.41137,-121.879097,,,,,A,NO PEDESTRIANS INVOLVED,10/30/2021 12:00:00 PM,A,VC 22350,False,1.0,I-680 N/B TO LANDESS AVENUE,,,11/9/2021 12:00:00 AM,A,S,500.0,LANDESS AVE,F,,D,11/9/2021 12:24:13 PM,11/9/2021 12:24:13 PM,False,True,4,,,,,,,
1620397,9340-2021-12310,1,False,9340,10/30/2021 2:50:00 AM,250,110,1368,4313,San Jose,43,True,True,E,HIT OBJECT,,Saturday,Yes,False,,,False,True,True,SANTA CLARA SUPERIOR COURT HALL OF JUSTICE,I,FIXED OBJECT,CONCRETE SOUND WALL ,1.0,0.0,CLEAR,, NO UNUSUAL CONDITIONS,, ,D,DARK-NO STREET LIGHTS,37.314096,-121.827475,,,,,A,NO PEDESTRIANS INVOLVED,10/30/2021 2:50:00 AM,A,VC 23152(a),True,1.0,US-101 S/B,,,11/9/2021 12:00:00 AM,A,S,2050.0,TULLY ROAD,F,,D,11/9/2021 12:03:34 PM,11/9/2021 12:03:34 PM,False,True,4,,,,,,,
1620281,9340-2021-12305,1,False,9340,10/29/2021 7:40:00 PM,1940,110,1368,4313,San Jose,43,True,True,F,OVERTURNED,,Friday,Yes,False,,,False,True,True,SANTA CLARA SUPERIOR COURT SANTA CLARA COURTHOUSE,A,NON-COLLISION,,1.0,0.0,CLEAR,, NO UNUSUAL CONDITIONS,, ,C,DARK-STREET LIGHTS,37.353471,-121.865952,,,,,A,NO PEDESTRIANS INVOLVED,10/29/2021 7:40:00 PM,A,VC 23152(a),True,1.0,US-101 S/B,,,11/9/2021 12:00:00 AM,A,S,100.0,MCKEE RD,F,,A,11/9/2021 11:01:16 AM,11/9/2021 11:01:16 AM,False,True,4,,,,,,,
1620204,9340-2021-12300,1,False,9340,10/29/2021 6:55:00 PM,1855,110,1368,4313,San Jose,43,True,True,B,SIDE SWIPE,,Friday,NotApplicable,False,M,,False,True,True,SANTA CLARA SUPERIOR COURT SANTA CLARA COURTHOUSE,C,OTHER MOTOR VEHICLE,,0.0,0.0,CLEAR,, NO UNUSUAL CONDITIONS,, ,D,DARK-NO STREET LIGHTS,37.333985,-121.846656,,,,,A,NO PEDESTRIANS INVOLVED,10/29/2021 6:55:00 PM,A,VC 22107,False,1.0,US 101 S/B,,,11/9/2021 12:00:00 AM,A,S,0.2,STORY RD,M,,D,11/9/2021 10:26:16 AM,11/9/2021 10:26:16 AM,False,True,4,,,,,,,
1620171,9340-2021-12295,1,False,9340,10/29/2021 6:40:00 PM,1840,089,1368,4313,San Jose,43,True,True,C,REAR END,,Friday,NotApplicable,False,M,,False,True,False,SANTA CLARA SUPERIOR COURT HALL OF JUSTICE,C,OTHER MOTOR VEHICLE,,1.0,0.0,CLEAR,, NO UNUSUAL CONDITIONS,, ,C,DARK-STREET LIGHTS,37.380299,-121.904139,,,,,A,NO PEDESTRIANS INVOLVED,10/29/2021 6:40:00 PM,A,VC 21658(a),False,1.0,I-880 S/B,,,11/9/2021 12:00:00 AM,A,S,648.0,BROKAW ROAD,F,,D,11/9/2021 10:09:50 AM,11/9/2021 10:09:50 AM,False,True,4,,,,,,,
1620146,9340-2021-12297,1,False,9340,10/29/2021 6:14:00 PM,1814,240,1368,4313,San Jose,43,True,True,C,REAR END,,Friday,NotApplicable,False,,,False,True,False,SANTA CLARA SUPERIOR COURT HALL OF JUSTICE,C,OTHER MOTOR VEHICLE,,0.0,0.0,CLEAR,, NO UNUSUAL CONDITIONS,, ,C,DARK-STREET LIGHTS,37.418913,-121.963749,,,,,A,NO PEDESTRIANS INVOLVED,10/29/2021 6:14:00 PM,A,VC 22350,False,1.0,SR-237 E/B,,,11/9/2021 12:00:00 AM,A,W,1250.0,NORTH 1ST STREET,F,,D,11/9/2021 9:58:10 AM,11/9/2021 9:58:10 AM,False,True,4,,,,,,,
1620136,9340-2021-12303,1,False,9340,10/29/2021 2:55:00 PM,1455,030,1368,4313,San Jose,43,True,True,B,SIDE SWIPE,,Friday,NotApplicable,False,,,False,False,False,SANTA CLARA SUPERIOR COURT SANTA CLARA COURTHOUSE,C,OTHER MOTOR VEHICLE,,0.0,0.0,CLEAR,, NO UNUSUAL CONDITIONS,, School Bus Collision,A,DAYLIGHT,37.275233,-121.861127,,,,,A,NO PEDESTRIANS INVOLVED,10/29/2021 2:55:00 PM,A,VC 22107,False,1.0,NARVAEZ AVE S/B,,,11/9/2021 12:00:00 AM,A,N,300.0,CAPITOL EXPY,F,,D,11/9/2021 9:53:15 AM,11/9/2021 9:53:15 AM,False,False,4,,,,,,,
1619932,9725-2021-11050,1,False,9725,11/1/2021 1:44:00 AM,144,014,1368,4313,San Jose,43,True,True,C,REAR END,,Monday,Yes,False,,,False,True,False,SANTA CLARA SUPERIOR COURT HALL OF JUSTICE,C,OTHER MOTOR VEHICLE,,1.0,0.0,CLEAR,, NO UNUSUAL CONDITIONS,, ,C,DARK-STREET LIGHTS,37.172537,-121.672896,,,,,A,NO PEDESTRIANS INVOLVED,11/1/2021 1:44:00 AM,A,VC 23152(A),True,1.0,US-101 S/B,,,11/9/2021 12:00:00 AM,A,N,0.87,BURNETT AVE,M,,D,11/9/2021 8:21:04 AM,11/9/2021 8:21:04 AM,False,True,4,,,,,,,
1619388,9340-2021-12414,1,False,9340,11/5/2021 2:38:00 PM,1438,110,1368,4313,San Jose,43,True,True,C,REAR END,,Friday,NotApplicable,False,,,False,True,False,SANTA CLARA SUPERIOR COURT HALL OF JUSTICE,C,OTHER MOTOR VEHICLE,,0.0,0.0,CLEAR,, NO UNUSUAL CONDITIONS,, ,A,DAYLIGHT,37.362994,-121.889956,,,,,A,NO PEDESTRIANS INVOLVED,11/5/2021 2:38:00 PM,A,VC 22350,False,1.0,US-101 N/B,,,11/8/2021 12:00:00 AM,A,S,500.0,OAKLAND ROAD,F,,D,11/8/2021 7:46:12 PM,11/8/2021 7:46:12 PM,False,True,4,,,,,,,
1619385,9340-2021-12384,1,False,9340,11/3/2021 8:10:00 PM,2010,120,1368,4313,San Jose,43,True,True,B,SIDE SWIPE,,Wednesday,Yes,False,,,False,True,True,SANTA CLARA SUPERIOR COURT HALL OF JUSTICE,C,OTHER MOTOR VEHICLE,,3.0,0.0,CLEAR,, NO UNUSUAL CONDITIONS,, ,C,DARK-STREET LIGHTS,37.369073,-121.909194,,,,,A,NO PEDESTRIANS INVOLVED,11/3/2021 8:10:00 PM,A,VC 22107,False,1.0,US-101 N/B,,,11/8/2021 12:00:00 AM,A,N,2701.0,I-880,F,,D,11/8/2021 7:37:01 PM,11/8/2021 7:37:01 PM,False,True,4,,,,,,,
1619371,9340-2021-12365,1,False,9340,11/2/2021 5:05:00 PM,1705,110,1368,4313,San Jose,43,True,True,C,REAR END,,Tuesday,NotApplicable,False,,,False,True,False,SANTA CLARA SUPERIOR COURT DOWNTOWN SUPERIOR COURT,C,OTHER MOTOR VEHICLE,,1.0,0.0,CLEAR,, NO UNUSUAL CONDITIONS,, ,A,DAYLIGHT,37.348135,-121.860081,,,,,A,NO PEDESTRIANS INVOLVED,11/2/2021 5:05:00 PM,A,VC 22350,False,1.0,US-101 S/B,,,11/8/2021 12:00:00 AM,A,S,300.0,ALUM ROCK AVENUE,F,,D,11/8/2021 6:37:45 PM,11/8/2021 6:37:45 PM,False,True,4,,,,,,,
1619367,9340-2021-12340,1,False,9340,11/1/2021 12:05:00 PM,1205,087,1368,4313,San Jose,43,True,True,B,SIDE SWIPE,,Monday,NotApplicable,False,,,False,True,True,SANTA CLARA SUPERIOR COURT HALL OF JUSTICE,C,OTHER MOTOR VEHICLE,,0.0,0.0,RAINING,, NO UNUSUAL CONDITIONS,, ,A,DAYLIGHT,37.335733,-121.897269,,,,,A,NO PEDESTRIANS INVOLVED,11/1/2021 12:05:00 PM,A,VC 22107,False,1.0,SR-87 S/B,,,11/8/2021 12:00:00 AM,B,S,100.0,JULIAN ST,F,,D,11/8/2021 6:26:45 PM,11/8/2021 6:26:45 PM,False,True,4,,,,,,,
1619358,9340-2021-12330,1,False,9340,10/31/2021 6:10:00 PM,1810,110,1368,4313,San Jose,43,True,True,C,REAR END,,Sunday,Yes,False,,,False,True,True,Santa Clara Superior Court Hall of Justice,C,OTHER MOTOR VEHICLE,,1.0,0.0,CLEAR,, NO UNUSUAL CONDITIONS,, ,B,DUSK-DAWN,37.363364,-121.891082,,,,,A,NO PEDESTRIANS INVOLVED,10/31/2021 6:10:00 PM,A,VC 23152(a),True,1.0,US-101 N/B TO OAKLAND ROAD,,,11/8/2021 12:00:00 AM,A,S,90.0,OAKLAND ROAD,F,,A,11/8/2021 5:46:34 PM,11/8/2021 5:46:34 PM,False,True,4,,,,,,,
1619357,9340-2021-12337,1,False,9340,11/1/2021 5:55:00 AM,555,281,1368,4313,San Jose,43,True,True,E,HIT OBJECT,,Monday,NotApplicable,False,M,,False,True,True,SANTA CLARA SUPERIOR COURT HALL OF JUSTICE,I,FIXED OBJECT,CONCRETE CENTER MEDIAN,0.0,0.0,CLEAR,, NO UNUSUAL CONDITIONS,, ,D,DARK-NO STREET LIGHTS,37.322831,-121.896971,,,,,A,NO PEDESTRIANS INVOLVED,11/1/2021 5:55:00 AM,A,VC 22107,False,1.0,I-280 S/B,,,11/8/2021 12:00:00 AM,A,S,350.0,BIRD AVE,F,,D,11/8/2021 5:44:21 PM,11/8/2021 5:44:21 PM,False,True,4,True,,,,,,
1619353,9340-2021-12334,1,False,9340,11/1/2021 1:00:00 AM,100,110,1368,4313,San Jose,43,True,True,E,HIT OBJECT,,Monday,Yes,False,,,False,True,True,SANTA CLARA SUPERIOR COURT HALL OF JUSTICE,I,FIXED OBJECT,CONCRETE BARRIER,1.0,0.0,CLEAR,, NO UNUSUAL CONDITIONS,, ,D,DARK-NO STREET LIGHTS,37.339116,-121.850502,,,,,A,NO PEDESTRIANS INVOLVED,11/1/2021 1:00:00 AM,A,VC 22107,False,1.0,US-101 N/B TO I-280 N/B,,,11/8/2021 12:00:00 AM,A,S,1255.0,STORY ROAD,F,,D,11/8/2021 5:34:23 PM,11/8/2021 5:34:23 PM,False,True,4,,,,,,,
1619267,9340-2021-12287,1,False,9340,10/29/2021 7:10:00 AM,710,230,1368,4313,San Jose,43,True,True,D,BROADSIDE,,Friday,NotApplicable,False,,,False,True,False,SANTA CLARA SUPERIOR COURT SANTA CLARA COURTHOUSE,C,OTHER MOTOR VEHICLE,,0.0,0.0,CLEAR,, NO UNUSUAL CONDITIONS,, ,A,DAYLIGHT,37.419574,-121.960774,,,,,A,NO PEDESTRIANS INVOLVED,10/29/2021 7:10:00 AM,A,VC 22107,False,1.0,SR-237 W/B FROM 1ST. STREET,,,11/8/2021 12:00:00 AM,A,W,50.0,FIRST ST.,F,,D,11/8/2021 4:01:52 PM,11/8/2021 4:01:52 PM,False,True,4,,,,,,,
1619260,9340-2021-12325,1,False,9340,10/31/2021 10:00:00 AM,1000,230,1368,4313,San Jose,43,True,True,E,HIT OBJECT,,Sunday,NotApplicable,False,,,False,True,False,SANTA CLARA SUPERIOR COURT HALL OF JUSTICE,I,FIXED OBJECT,CONCRETE CENTER MEDIAN,0.0,0.0,CLEAR,, NO UNUSUAL CONDITIONS,, ,A,DAYLIGHT,37.41968,-121.947474,,,,,A,NO PEDESTRIANS INVOLVED,10/31/2021 10:00:00 AM,A,VC 22107,False,1.0,SR-237 W/B,,,11/8/2021 12:00:00 AM,A,W,2200.0,ZANKER RD,F,,D,11/8/2021 3:56:52 PM,11/8/2021 3:56:52 PM,False,True,4,True,,,,,,
1619249,9340-2021-12326,1,False,9340,10/31/2021 7:20:00 AM,720,087,1368,4313,San Jose,43,True,True,E,HIT OBJECT,,Sunday,Yes,False,,,False,True,True,SANTA CLARA SUPERIOR COURT HALL OF JUSTICE,I,FIXED OBJECT,GUARD RAIL,0.0,0.0,CLEAR,, NO UNUSUAL CONDITIONS,, ,A,DAYLIGHT,37.323527,-121.890884,,,,,A,NO PEDESTRIANS INVOLVED,10/31/2021 7:20:00 AM,A,VC 23152(A),False,1.0,N/B SR-87 TO N/B I-280,,,11/8/2021 12:00:00 AM,A,N,1330.0,WEST VIRGINIA ST,F,,D,11/8/2021 3:50:45 PM,11/8/2021 3:50:45 PM,False,True,4,,,,,,,
1619223,9340-2021-12336,1,False,9340,10/31/2021 3:25:00 AM,325,110,1368,4313,San Jose,43,True,True,E,HIT OBJECT,,Sunday,NotApplicable,False,,,False,True,True,SANTA CLARA SUPERIOR COURT HALL OF JUSTICE,I,FIXED OBJECT,BLACK/YELLOW ROADWAY SIGN,0.0,0.0,CLEAR,, NO UNUSUAL CONDITIONS,, ,D,DARK-NO STREET LIGHTS,37.324514,-121.837839,,,,,A,NO PEDESTRIANS INVOLVED,10/31/2021 3:25:00 AM,A,VC 22107,False,1.0,US-101 SOUTHBOUND,,,11/8/2021 12:00:00 AM,A,N,2800.0,TULLY ROAD,F,,D,11/8/2021 3:33:46 PM,11/8/2021 3:33:46 PM,False,True,4,True,,,,,,
1619151,9340-2021-12327,1,False,9340,10/31/2021 2:25:00 AM,225,110,1368,4313,San Jose,43,True,True,E,HIT OBJECT,,Sunday,Yes,False,,,False,True,True,SANTA CLARA SUPERIOR COURT DOWNTOWN SUPERIOR COURT,I,FIXED OBJECT,GUARDRAIL,0.0,0.0,CLEAR,, NO UNUSUAL CONDITIONS,, ,D,DARK-NO STREET LIGHTS,37.321572,-121.834953,,,,,A,NO PEDESTRIANS INVOLVED,10/31/2021 2:25:00 AM,A,VC 23152(a),True,1.0,US-101 S/B ,,,11/8/2021 12:00:00 AM,A,N,1250.0,TULLY ROAD,F,,D,11/8/2021 2:38:45 PM,11/8/2021 2:38:45 PM,False,True,4,,,,,,,
1619089,9340-2021-12321,1,False,9340,10/31/2021 12:45:00 AM,45,088,1368,4313,San Jose,43,True,True,F,OVERTURNED,,Sunday,Yes,False,,,False,True,False,SANTA CLARA SUPERIOR COURT DOWNTOWN SUPERIOR COURT,A,NON-COLLISION,,0.0,0.0,CLEAR,, NO UNUSUAL CONDITIONS,, ,D,DARK-NO STREET LIGHTS,37.2032,-121.5534,,,,,A,NO PEDESTRIANS INVOLVED,10/31/2021 12:45:00 AM,A,VC 23152(a),False,1.0,I-880 N/B TO THE ALAMEDA,,,11/8/2021 12:00:00 AM,A,S,300.0,THE ALAMEDA,F,,A,11/8/2021 2:10:27 PM,11/8/2021 2:10:27 PM,False,True,4,,,,,,,
1619075,9340-2021-12319,2,False,9340,10/30/2021 6:30:00 PM,1830,088,1368,4313,San Jose,43,True,True,B,SIDE SWIPE,,Saturday,NotApplicable,False,M,,False,True,False,SANTA CLARA SUPERIOR COURT HALL OF JUSTICE,C,OTHER MOTOR VEHICLE,,0.0,0.0,CLOUDY,, NO UNUSUAL CONDITIONS,, ,B,DUSK-DAWN,37.332676,-121.938588,,,,,A,NO PEDESTRIANS INVOLVED,10/30/2021 6:30:00 PM,A,VC 22107,False,1.0,I-880 N/B,,,1/11/2022 12:00:00 AM,A,S,830.0,BASCOM AVE.,F,,D,11/8/2021 2:02:10 PM,1/11/2022 1:15:36 PM,False,True,4,,,,,,,
1619073,9340-2021-12317,1,False,9340,10/30/2021 5:02:00 PM,1702,087,1368,4313,San Jose,43,True,True,C,REAR END,,Saturday,NotApplicable,False,,,False,True,False,SANTA CLARA SUPERIOR COURT HALL OF JUSTICE,C,OTHER MOTOR VEHICLE,,0.0,0.0,CLEAR,, NO UNUSUAL CONDITIONS,, ,A,DAYLIGHT,37.308119,-121.881538,,,,,A,NO PEDESTRIANS INVOLVED,10/30/2021 5:02:00 PM,A,VC 22350,False,1.0,SR-87 N/B,,,11/8/2021 12:00:00 AM,A,S,830.0,N. ALMA AVENUE,F,,D,11/8/2021 2:01:07 PM,11/8/2021 2:01:07 PM,False,True,4,,,,,,,
1618551,9340-2021-12308,1,False,9340,10/29/2021 10:28:00 PM,2228,681,1368,4313,San Jose,43,True,True,E,HIT OBJECT,,Friday,NotApplicable,False,,,False,True,False,SANTA CLARA SUPERIOR COURT DOWNTOWN SUPERIOR COURT,I,FIXED OBJECT,CONCRETE BARRIER,0.0,0.0,CLEAR,, NO UNUSUAL CONDITIONS,, ,D,DARK-NO STREET LIGHTS,37.2133,-121.5018,,,,,A,NO PEDESTRIANS INVOLVED,10/29/2021 10:28:00 PM,A,VC 22350,False,1.0,I-680 S/B,,,11/8/2021 12:00:00 AM,A,N,2570.0,KING RD,F,,D,11/8/2021 9:11:22 AM,11/8/2021 9:11:22 AM,False,True,4,,,,,,,
1618425,9340-2021-12304,1,False,9340,10/29/2021 5:10:00 PM,1710,087,1368,4313,San Jose,43,True,True,C,REAR END,,Friday,NotApplicable,False,,,False,True,False,SANTA CLARA SUPERIOR COURT SANTA CLARA COURTHOUSE,C,OTHER MOTOR VEHICLE,,0.0,0.0,CLEAR,, NO UNUSUAL CONDITIONS,, ,A,DAYLIGHT,37.255126,-121.85247,,,,,A,NO PEDESTRIANS INVOLVED,10/29/2021 5:10:00 PM,A,VC 22350,False,1.0,SR-87 S/B TO SR 85 S/B,,,11/8/2021 12:00:00 AM,A,N,4680.0,BLOSSOM HILL RD,F,,D,11/8/2021 7:46:34 AM,11/8/2021 7:46:34 AM,False,True,4,,,,,,,
1618418,9340-2021-12298,1,False,9340,10/29/2021 3:00:00 PM,1500,120,1368,4313,San Jose,43,True,True,B,SIDE SWIPE,,Friday,NotApplicable,False,,,False,True,False,SANTA CLARA SUPERIOR COURT SANTA CLARA COURTHOUSE,C,OTHER MOTOR VEHICLE,,0.0,0.0,CLEAR,, NO UNUSUAL CONDITIONS,, ,A,DAYLIGHT,37.363521,-121.897834,,,,,A,NO PEDESTRIANS INVOLVED,10/29/2021 3:00:00 PM,A,VC 22107,False,1.0,US-101 S/B,,,11/8/2021 12:00:00 AM,A,S,0.22,I-880,M,,D,11/8/2021 7:39:07 AM,11/8/2021 7:39:07 AM,False,True,4,,,,,,,
1618400,9340-2021-12290,1,False,9340,10/29/2021 12:50:00 PM,1250,087,1368,4313,San Jose,43,True,True,E,HIT OBJECT,,Friday,Yes,False,,,False,True,True,SANTA CLARA SUPERIOR COURT HALL OF JUSTICE,I,FIXED OBJECT,BUMPER,1.0,0.0,CLEAR,, NO UNUSUAL CONDITIONS,, ,A,DAYLIGHT,37.269482,-121.860661,,,,,A,NO PEDESTRIANS INVOLVED,10/29/2021 12:50:00 PM,A,VC 22350,False,1.0,SR-87 S/B,,,11/8/2021 12:00:00 AM,A,N,1267.0,BRANHAM LN,F,,D,11/8/2021 7:13:46 AM,11/8/2021 7:13:46 AM,False,True,4,True,,,,,,
1618399,9340-2021-12284,1,False,9340,10/28/2021 9:15:00 PM,2115,110,1368,4313,San Jose,43,True,True,C,REAR END,,Thursday,NotApplicable,False,,,False,True,False,SANTA CLARA SUPERIOR COURT HALL OF JUSTICE,C,OTHER MOTOR VEHICLE,,0.0,0.0,CLEAR,, NO UNUSUAL CONDITIONS,, ,D,DARK-NO STREET LIGHTS,37.165836,-121.483237,,,,,A,NO PEDESTRIANS INVOLVED,10/28/2021 9:15:00 PM,A,VC 22350,False,1.0,US-101 S/B,,,11/8/2021 12:00:00 AM,A,N,400.0,HELLYER AVENUE,F,,D,11/8/2021 7:12:12 AM,11/8/2021 7:12:12 AM,False,True,4,,,,,,,
1618397,9340-2021-12180,1,False,9340,10/23/2021 6:35:00 PM,1835,110,1368,4313,San Jose,43,True,True,B,SIDE SWIPE,,Saturday,NotApplicable,False,,,False,True,False,SANTA CLARA SUPERIOR COURT SANTA CLARA COURTHOUSE,C,OTHER MOTOR VEHICLE,,0.0,0.0,CLOUDY,, NO UNUSUAL CONDITIONS,, ,D,DARK-NO STREET LIGHTS,37.329036,-121.841911,,,,,A,NO PEDESTRIANS INVOLVED,10/23/2021 6:35:00 PM,A,VC 21658(A),False,2.0,US-101 S/B,,,11/8/2021 12:00:00 AM,A,N,4900.0,TULLY RD,F,,D,11/8/2021 7:09:49 AM,11/8/2021 7:09:49 AM,False,True,4,,,,,,,
1617896,9340-2021-12328,1,False,9340,10/31/2021 4:50:00 PM,1650,281,1368,4313,San Jose,43,True,True,C,REAR END,,Sunday,NotApplicable,False,,,False,True,True,SANTA CLARA SUPERIOR COURT HALL OF JUSTICE,C,OTHER MOTOR VEHICLE,,0.0,0.0,CLEAR,, NO UNUSUAL CONDITIONS,, ,A,DAYLIGHT,37.330549,-121.866705,,,,,A,NO PEDESTRIANS INVOLVED,10/31/2021 4:50:00 PM,A,VC 22350,False,1.0,I-280 S/B,,,11/6/2021 12:00:00 AM,A,S,1673.0,10TH STREET,F,,D,11/6/2021 10:01:33 AM,11/6/2021 10:01:33 AM,False,True,4,,,,,,,
1617894,9340-2021-12329,1,False,9340,10/31/2021 2:35:00 PM,1435,120,1368,4313,San Jose,43,True,True,C,REAR END,,Sunday,Yes,False,,,False,True,True,SANTA CLARA SUPERIOR COURT HALL OF JUSTICE,C,OTHER MOTOR VEHICLE,,1.0,0.0,CLEAR,, NO UNUSUAL CONDITIONS,, ,A,DAYLIGHT,37.363615,-121.896237,,,,,A,NO PEDESTRIANS INVOLVED,10/31/2021 2:35:00 PM,A,VC 22350,False,1.0,US-101 NB,,,11/6/2021 12:00:00 AM,A,N,1330.0,OAKLAND ROAD,F,,D,11/6/2021 9:59:08 AM,11/6/2021 9:59:08 AM,False,True,4,,,,,,,
1617892,9340-2021-12320,1,False,9340,10/30/2021 8:40:00 PM,2040,281,1368,4313,San Jose,43,True,True,C,REAR END,,Saturday,NotApplicable,False,M,,False,True,False,SANTA CLARA SUPERIOR COURT HALL OF JUSTICE,C,OTHER MOTOR VEHICLE,,0.0,0.0,CLEAR,, NO UNUSUAL CONDITIONS,, ,C,DARK-STREET LIGHTS,37.320708,-121.900812,,,,,A,NO PEDESTRIANS INVOLVED,10/30/2021 8:40:00 PM,A,VC 22107,False,1.0,I-280 N/B,,,11/6/2021 12:00:00 AM,A,N,875.0,BIRD AVE,F,,D,11/6/2021 9:52:26 AM,11/6/2021 9:52:26 AM,False,True,4,,,,,,,
1617891,9340-2021-12403,1,False,9340,11/4/2021 8:15:00 PM,2015,681,1368,4313,San Jose,43,True,True,C,REAR END,,Thursday,NotApplicable,False,M,,False,True,False,SANTA CLARA SUPERIOR COURT HALL OF JUSTICE,C,OTHER MOTOR VEHICLE,,0.0,0.0,CLEAR,, NO UNUSUAL CONDITIONS,, ,D,DARK-NO STREET LIGHTS,37.343815,-121.846042,,,,,A,NO PEDESTRIANS INVOLVED,11/4/2021 8:15:00 PM,A,VC 22350,False,1.0,I-680 S/B,,,11/6/2021 12:00:00 AM,A,N,600.0,KING RD,F,,D,11/6/2021 9:49:42 AM,11/6/2021 9:49:42 AM,False,True,4,,,,,,,
1617889,9340-2021-12274,1,False,9340,10/28/2021 3:45:00 PM,1545,681,1368,4313,San Jose,43,True,True,C,REAR END,,Thursday,Yes,False,M,,False,True,False,SANTA CLARA SUPERIOR COURT HALL OF JUSTICE,C,OTHER MOTOR VEHICLE,,1.0,0.0,CLEAR,, NO UNUSUAL CONDITIONS,, ,A,DAYLIGHT,37.401057,-121.876464,,,,,A,NO PEDESTRIANS INVOLVED,10/28/2021 3:45:00 PM,A,VC 22350,False,1.0,I-680 S/B,,,11/6/2021 12:00:00 AM,A,N,570.0,CAPITOL AVENUE,F,,D,11/6/2021 9:30:45 AM,11/6/2021 9:30:45 AM,False,True,4,,,,,,,