Collision Id,	Report Number,	Report Version,	Is Preliminary,	NCIC Code,Crash Date Time,	Crash Time Description,	Beat,City Id,	City Code,	City Name,County Code,	City Is Active,	City Is Incorporated,	Collision Type Code,Collision Type Description,	Collision Type Other Desc,	Day Of Week,	DispatchNotified,	HasPhotographs,	HitRun,	IsAttachmentsMailed,	IsDeleted,	IsHighwayRelated,	IsTowAway,	JudicialDistrict,	MotorVehicleInvolvedWithCode,	MotorVehicleInvolvedWithDesc,MotorVehicleInvolvedWithOtherDesc,	NumberInjured,	NumberKilled,Weather 1, Weather 2, Road Condition 1, Road Condition 2, Special Condition,LightingCode, LightingDescription,Latitude,Longitude,MilepostDirection,MilepostDistance,MilepostMarker,MilepostUnitOfMeasure,	PedestrianActionCode,PedestrianActionDesc,PreparedDate,	Primary Collision Factor Code,Primary Collision Factor Violation,PrimaryCollisionFactorIsCited,	PrimaryCollisionPartyNumber,	PrimaryRoad,	ReportingDistrict,	ReportingDistrictCode,ReviewedDate,	RoadwaySurfaceCode,SecondaryDirection,	SecondaryDistance,	SecondaryRoad,	SecondaryUnitOfMeasure,	SketchDesc,	TrafficControlDeviceCode,CreatedDate,	ModifiedDate,IsCountyRoad,IsFreeway,CHP555Version,	IsAdditonalObjectStruck,NotificationDate,	NotificationTimeDescription,	HasDigitalMediaFiles,	EvidenceNumber,	IsLocationReferToNarrative,	IsAOIOneSameAsLocation
1617887,9340-2021-12249,1,False,9340,10/26/2021 8:45:00 PM,2045,110,1368,4313,San Jose,43,True,True,C,REAR END,,Tuesday,Yes,False,,,False,True,True,SANTA CLARA SUPERIOR COURT DOWNTOWN SUPERIOR COURT,C,OTHER MOTOR VEHICLE,,1.0,0.0,CLEAR,, NO UNUSUAL CONDITIONS,, ,C,DARK-STREET LIGHTS,37.331816,-121.844086,,,,,A,NO PEDESTRIANS INVOLVED,10/26/2021 8:45:00 PM,A,VC 22350,False,1.0,US-101 S/B,,,11/6/2021 12:00:00 AM,A,S,1000.0,STORY ROAD,F,,D,11/6/2021 9:28:09 AM,11/6/2021 9:28:09 AM,False,True,4,,,,,,,
1617885,9340-2021-12241,1,False,9340,10/26/2021 4:50:00 PM,1650,110,1368,4313,San Jose,43,True,True,C,REAR END,,Tuesday,NotApplicable,False,M,,False,True,False,SANTA CLARA SUPERIOR COURT DOWNTOWN SUPERIOR COURT,C,OTHER MOTOR VEHICLE,,0.0,0.0,CLEAR,, NO UNUSUAL CONDITIONS,, ,A,DAYLIGHT,37.354355,-121.865467,,,,,A,NO PEDESTRIANS INVOLVED,10/26/2021 4:50:00 PM,A,VC 22350,False,1.0,US-101 N/B TO MCKEE RD.,,,11/6/2021 12:00:00 AM,A,S,15.0,MCKEE RD.,F,,A,11/6/2021 9:22:12 AM,11/6/2021 9:22:12 AM,False,True,4,,,,,,,
1617883,9340-2021-12210,1,False,9340,10/24/2021 11:30:00 PM,2330,282,1368,4313,San Jose,43,True,True,B,SIDE SWIPE,,Sunday,Yes,False,,,False,True,False,SANTA CLARA SUPERIOR COURT HALL OF JUSTICE,C,OTHER MOTOR VEHICLE,,1.0,0.0,RAINING,, FLOODED*,, ,D,DARK-NO STREET LIGHTS,37.316987,-121.97488,,,,,A,NO PEDESTRIANS INVOLVED,10/24/2021 11:30:00 PM,A,VC 22350,False,1.0,I-280 S/B,,,11/6/2021 12:00:00 AM,B,S,20.0,SARATOGA AVE,F,,D,11/6/2021 9:20:30 AM,11/6/2021 9:20:30 AM,False,True,4,,,,,,,
1617652,9725-2021-11031,1,False,9725,10/28/2021 9:20:00 AM,920,015,1368,4313,San Jose,43,True,True,C,REAR END,,Thursday,NotApplicable,False,,,False,True,False,SANTA CLARA SUPERIOR COURT SANTA CLARA COURTHOUSE,C,OTHER MOTOR VEHICLE,,0.0,0.0,CLEAR,, NO UNUSUAL CONDITIONS,, ,A,DAYLIGHT,37.24713,-121.77863,,,,,A,NO PEDESTRIANS INVOLVED,10/28/2021 9:20:00 AM,A,VC 22350,False,1.0,US-101 S/B,,,11/5/2021 12:00:00 AM,A,S,0.25,BLOSSOM HILL ROAD,M,,D,11/5/2021 3:24:36 PM,11/5/2021 3:24:36 PM,False,True,4,,,,,,,
1617588,9340-2021-12288,1,False,9340,10/29/2021 10:30:00 AM,1030,110,1368,4313,San Jose,43,True,True,B,SIDE SWIPE,,Friday,NotApplicable,False,,,False,True,True,SANTA CLARA SUPERIOR COURT HALL OF JUSTICE,C,OTHER MOTOR VEHICLE,,1.0,0.0,CLEAR,, NO UNUSUAL CONDITIONS,, ,A,DAYLIGHT,37.352786,-121.864416,,,,,A,NO PEDESTRIANS INVOLVED,10/29/2021 10:30:00 AM,A,VC 22107,False,1.0,US 101 N/B,,,11/5/2021 12:00:00 AM,A,S,659.0,MCKEE RD,F,,D,11/5/2021 2:39:22 PM,11/5/2021 2:39:22 PM,False,True,4,,,,,,,
1617434,9340-2021-12250,1,False,9340,10/26/2021 3:30:00 PM,1530,281,1368,4313,San Jose,43,True,True,C,REAR END,,Tuesday,NotApplicable,False,M,,False,True,False,SANTA CLARA SUPERIOR COURT HALL OF JUSTICE,C,OTHER MOTOR VEHICLE,,0.0,0.0,CLEAR,, NO UNUSUAL CONDITIONS,, ,A,DAYLIGHT,37.317243,-121.934386,,,,,A,NO PEDESTRIANS INVOLVED,10/26/2021 3:30:00 PM,A,VC 22350,False,1.0,I-280 S/B,,,11/5/2021 12:00:00 AM,A,N,300.0,BASCOM AVE,F,,D,11/5/2021 12:15:36 PM,11/5/2021 12:15:36 PM,False,True,4,,,,,,,
1617291,9340-2021-12292,1,False,9340,10/29/2021 2:40:00 PM,1440,282,1368,4313,San Jose,43,True,True,C,REAR END,,Friday,NotApplicable,False,,,False,True,False,SANTA CLARA SUPERIOR COURT HALL OF JUSTICE,C,OTHER MOTOR VEHICLE,,0.0,0.0,CLEAR,, NO UNUSUAL CONDITIONS,, ,A,DAYLIGHT,37.316521,-121.967649,,,,,A,NO PEDESTRIANS INVOLVED,10/29/2021 2:40:00 PM,A,VC 22350,False,1.0,I-280 N/B,,,11/5/2021 12:00:00 AM,A,S,2000.0,SARATOGA AVE,F,,D,11/5/2021 10:09:51 AM,11/5/2021 10:09:51 AM,False,True,4,,,,,,,
1617288,9340-2021-12293,1,False,9340,10/29/2021 2:05:00 PM,1405,089,1368,4313,San Jose,43,True,True,C,REAR END,,Friday,NotApplicable,False,,,False,True,False,SANTA CLARA SUPERIOR COURT HALL OF JUSTICE,C,OTHER MOTOR VEHICLE,,0.0,0.0,CLEAR,, NO UNUSUAL CONDITIONS,, ,A,DAYLIGHT,37.415443,-121.910761,,,,,A,NO PEDESTRIANS INVOLVED,10/29/2021 2:05:00 PM,A,VC 22350,False,1.0,I-880 N/B,,,11/5/2021 12:00:00 AM,A,S,27.0,GREAT MALL PARKWAY,F,,A,11/5/2021 10:06:54 AM,11/5/2021 10:06:54 AM,False,True,4,,,,,,,
1617270,9340-2021-12279,1,False,9340,10/28/2021 7:51:00 PM,1951,088,1368,4313,San Jose,43,True,True,E,HIT OBJECT,,Thursday,NotApplicable,False,M,,False,True,True,SANTA CLARA SUPERIOR COURT HALL OF JUSTICE,I,FIXED OBJECT,TREE,0.0,0.0,CLEAR,, NO UNUSUAL CONDITIONS,, ,C,DARK-STREET LIGHTS,37.361603,-121.903529,,,,,A,NO PEDESTRIANS INVOLVED,10/28/2021 7:51:00 PM,A,VC 21658(A),False,2.0,I-880 N/B,,,11/5/2021 12:00:00 AM,A,S,980.0,US-101,F,,D,11/5/2021 9:56:12 AM,11/5/2021 9:56:12 AM,False,True,4,,,,,,,
1617211,9340-2021-12160,1,False,9340,10/22/2021 9:50:00 AM,950,281,1368,4313,San Jose,43,True,True,E,HIT OBJECT,,Friday,NotApplicable,True,M,,False,True,False,Santa Clara Superior Court Downtown Superior Court,C,OTHER MOTOR VEHICLE,,0.0,0.0,RAINING,, NO UNUSUAL CONDITIONS,, ,A,DAYLIGHT,37.324893,-121.889838,,,,,A,NO PEDESTRIANS INVOLVED,10/22/2021 9:50:00 AM,A,VC 22350,False,1.0,I-280 N/B FROM THE ALMADEN BLVD,,,11/5/2021 12:00:00 AM,B,N,334.0,ALMADEN BLVD,F,,D,11/5/2021 9:11:52 AM,11/5/2021 9:11:52 AM,False,True,4,,,,,,,
1617077,9340-2021-12244,1,False,9340,10/26/2021 7:05:00 PM,1905,120,1368,4313,San Jose,43,True,True,C,REAR END,,Tuesday,NotApplicable,False,M,,False,True,False,SANTA CLARA SUPERIOR COURT HALL OF JUSTICE,C,OTHER MOTOR VEHICLE,,0.0,0.0,CLEAR,, NO UNUSUAL CONDITIONS,, ,D,DARK-NO STREET LIGHTS,37.374968,-121.9337,,,,,A,NO PEDESTRIANS INVOLVED,10/26/2021 7:05:00 PM,A,VC 22350,False,1.0,US101 S/B,,,11/5/2021 12:00:00 AM,A,N,1681.0,SR-87,F,,D,11/5/2021 7:15:31 AM,11/5/2021 7:15:31 AM,False,True,4,,,,,,,
1616735,9340-2021-12278,1,False,9340,10/28/2021 7:55:00 PM,1955,281,1368,4313,San Jose,43,True,True,C,REAR END,,Thursday,NotApplicable,False,,,False,True,True,SANTA CLARA SUPERIOR COURT DOWNTOWN SUPERIOR COURT,C,OTHER MOTOR VEHICLE,,0.0,0.0,CLEAR,, NO UNUSUAL CONDITIONS,, ,C,DARK-STREET LIGHTS,37.327174,-121.879569,,,,,A,NO PEDESTRIANS INVOLVED,10/28/2021 7:55:00 PM,A,VC 22350,False,1.0,I-280 S/B,,,11/4/2021 12:00:00 AM,A,N,200.0,6TH STREET,F,,D,11/4/2021 10:17:29 PM,11/4/2021 10:17:29 PM,False,True,4,,,,,,,
1616264,9340-2021-12289,1,False,9340,10/29/2021 10:08:00 AM,1008,681,1368,4313,San Jose,43,True,True,C,REAR END,,Friday,NotApplicable,False,,,False,True,True,SANTA CLARA SUPERIOR COURT DOWNTOWN SUPERIOR COURT,C,OTHER MOTOR VEHICLE,,0.0,0.0,CLEAR,, NO UNUSUAL CONDITIONS,, ,A,DAYLIGHT,37.2047,-121.5034,,,,,A,NO PEDESTRIANS INVOLVED,10/29/2021 10:08:00 AM,A,VC 22350,False,1.0,I-680 S/B,,,11/4/2021 12:00:00 AM,A,N,1470.0,KING RD,F,,D,11/4/2021 12:28:29 PM,11/4/2021 12:28:29 PM,False,True,4,,,,,,,
1616094,9340-2021-12282,1,False,9340,10/28/2021 7:00:00 PM,1900,120,1368,4313,San Jose,43,True,True,C,REAR END,,Thursday,NotApplicable,False,,,False,True,True,SANTA CLARA SUPERIOR COURT DOWNTOWN SUPERIOR COURT,C,OTHER MOTOR VEHICLE,,3.0,0.0,CLEAR,, NO UNUSUAL CONDITIONS,, ,D,DARK-NO STREET LIGHTS,37.363728,-121.897382,,,,,A,NO PEDESTRIANS INVOLVED,10/28/2021 7:00:00 PM,A,VC 22350,False,1.0,US101 N/B,,,11/4/2021 12:00:00 AM,A,S,1209.0,I-880,F,,D,11/4/2021 10:11:57 AM,11/4/2021 10:11:57 AM,False,True,4,,,,,,,
1616083,9340-2021-12275,1,False,9340,10/28/2021 5:15:00 PM,1715,120,1368,4313,San Jose,43,True,True,C,REAR END,,Thursday,NotApplicable,False,,,False,True,False,Santa Clara Superior Court Hall of Justice,C,OTHER MOTOR VEHICLE,,0.0,0.0,CLEAR,, NO UNUSUAL CONDITIONS,, ,A,DAYLIGHT,37.377349,-121.945569,,,,,A,NO PEDESTRIANS INVOLVED,10/28/2021 5:15:00 PM,A,VC 22350,False,1.0,US-101 S/B,,,11/4/2021 12:00:00 AM,A,S,300.0,LAFAYETTE ST.,F,,D,11/4/2021 10:04:09 AM,11/4/2021 10:04:09 AM,False,True,4,,,,,,,
1616072,9340-2021-12280,1,False,9340,10/28/2021 5:00:00 PM,1700,089,1368,4313,San Jose,43,True,True,C,REAR END,,Thursday,NotApplicable,False,,,False,True,False,SANTA CLARA SUPERIOR COURT DOWNTOWN SUPERIOR COURT,C,OTHER MOTOR VEHICLE,,0.0,0.0,CLEAR,, NO UNUSUAL CONDITIONS,, ,A,DAYLIGHT,37.384335,-121.905028,,,,,A,NO PEDESTRIANS INVOLVED,10/28/2021 5:00:00 PM,A,VC 22350,False,1.0,I-880 S/B,,,11/4/2021 12:00:00 AM,A,N,686.0,BROKAW RD,F,,D,11/4/2021 9:58:09 AM,11/4/2021 9:58:09 AM,False,True,4,,,,,,,
1616006,9340-2021-12277,1,False,9340,10/28/2021 4:24:00 PM,1624,089,1368,4313,San Jose,43,True,True,C,REAR END,,Thursday,NotApplicable,False,,,False,True,True,SANTA CLARA SUPERIOR COURT HALL OF JUSTICE,C,OTHER MOTOR VEHICLE,,0.0,0.0,CLEAR,, NO UNUSUAL CONDITIONS,, ,A,DAYLIGHT,37.33434,-121.905008,,,,,A,NO PEDESTRIANS INVOLVED,10/28/2021 4:24:00 PM,A,VC 22350,False,2.0,I-880 S/B,,,11/4/2021 12:00:00 AM,A,N,714.0,BROKAW ROAD,F,,D,11/4/2021 9:21:55 AM,11/4/2021 9:21:55 AM,False,True,4,,,,,,,
1615908,9340-2021-12260,1,False,9340,10/27/2021 2:50:00 PM,1450,282,1368,4313,San Jose,43,True,True,C,REAR END,,Wednesday,NotApplicable,False,,,False,True,True,SANTA CLARA SUPERIOR COURT HALL OF JUSTICE,C,OTHER MOTOR VEHICLE,,2.0,0.0,CLEAR,, NO UNUSUAL CONDITIONS,, ,A,DAYLIGHT,37.316225,-121.961134,,,,,A,NO PEDESTRIANS INVOLVED,10/27/2021 2:50:00 PM,A,VC 22350,False,1.0,I-280 S/B,,,11/4/2021 12:00:00 AM,A,S,375.0,SAN TOMAS EXPY,F,,D,11/4/2021 8:15:36 AM,11/4/2021 8:15:36 AM,False,True,4,,,,,,,
1615887,9340-2021-12270,1,False,9340,10/27/2021 12:35:00 PM,1235,110,1368,4313,San Jose,43,True,True,B,SIDE SWIPE,,Wednesday,NotApplicable,False,,,False,True,False,SANTA CLARA SUPERIOR COURT HALL OF JUSTICE,C,OTHER MOTOR VEHICLE,,0.0,0.0,CLEAR,, NO UNUSUAL CONDITIONS,, ,A,DAYLIGHT,37.332109,-121.844432,,,,,A,NO PEDESTRIANS INVOLVED,10/27/2021 12:35:00 PM,A,VC 21658(A),False,1.0,US 101 N/B,,,11/4/2021 12:00:00 AM,A,S,200.0,STORY RD.,F,,D,11/4/2021 8:02:04 AM,11/4/2021 8:02:04 AM,False,True,4,,,,,,,
1615879,9340-2021-12240,1,False,9340,10/26/2021 4:25:00 PM,1625,681,1368,4313,San Jose,43,True,True,C,REAR END,,Tuesday,NotApplicable,False,,,False,True,True,SANTA CLARA SUPERIOR COURT DOWNTOWN SUPERIOR COURT,C,OTHER MOTOR VEHICLE,,0.0,0.0,CLEAR,, NO UNUSUAL CONDITIONS,, ,A,DAYLIGHT,37.363636,-121.843336,,,,,A,NO PEDESTRIANS INVOLVED,10/26/2021 4:25:00 PM,A,VC 22350,False,1.0,I-680 S/B,,,11/4/2021 12:00:00 AM,A,N,300.0,ALUM ROCK AVE,F,,D,11/4/2021 7:55:33 AM,11/4/2021 7:55:33 AM,False,True,4,,,,,,,
1615866,9340-2021-12182,1,False,9340,10/24/2021 2:05:00 AM,205,087,1368,4313,San Jose,43,True,True,E,HIT OBJECT,,Sunday,Yes,False,,,False,True,True,SANTA CLARA SUPERIOR COURT DOWNTOWN SUPERIOR COURT,I,FIXED OBJECT,METAL ATTENUATOR,0.0,0.0,RAINING,, NO UNUSUAL CONDITIONS,, ,D,DARK-NO STREET LIGHTS,37.1531,-121.5134,,,,,A,NO PEDESTRIANS INVOLVED,10/24/2021 2:05:00 AM,A,VC 23152(a),True,1.0,SR-87 S/B TO SR-85,,,11/4/2021 12:00:00 AM,B,N,1100.0,SR-85,F,,D,11/4/2021 7:37:20 AM,11/4/2021 7:37:20 AM,False,True,4,,,,,,,
1615861,9340-2021-12209,1,False,9340,10/24/2021 10:30:00 PM,2230,281,1368,4313,San Jose,43,True,True,E,HIT OBJECT,,Sunday,NotApplicable,False,,,False,True,False,SANTA CLARA SUPERIOR COURT HALL OF JUSTICE,I,FIXED OBJECT,METAL GUARDRAIL,0.0,0.0,RAINING,, NO UNUSUAL CONDITIONS,, ,D,DARK-NO STREET LIGHTS,37.319857,-121.901735,,,,,A,NO PEDESTRIANS INVOLVED,10/24/2021 10:30:00 PM,A,VC 22350,False,1.0,I-280 N/B,,,11/4/2021 12:00:00 AM,B,N,1286.0,BIRD AVE,F,,D,11/4/2021 7:33:10 AM,11/4/2021 7:33:10 AM,False,True,4,,,,,,,
1615853,9340-2021-12207,1,False,9340,10/24/2021 3:30:00 PM,1530,089,1368,4313,San Jose,43,True,True,D,BROADSIDE,,Sunday,NotApplicable,False,,,False,True,True,SANTA CLARA SUPERIOR COURT SANTA CLARA COURTHOUSE,C,OTHER MOTOR VEHICLE,,0.0,0.0,RAINING,, NO UNUSUAL CONDITIONS,, ,A,DAYLIGHT,37.364988,-121.900921,,,,,A,NO PEDESTRIANS INVOLVED,10/24/2021 3:30:00 PM,A,VC 22350,False,1.0,I-880 N/B,,,11/4/2021 12:00:00 AM,B,S,790.0,OLD BAYSHORE HWY,F,,D,11/4/2021 7:24:30 AM,11/4/2021 7:24:30 AM,False,True,4,,,,,,,
1615081,9340-2021-12267,1,False,9340,10/27/2021 5:30:00 PM,1730,681,1368,4313,San Jose,43,True,True,C,REAR END,,Wednesday,NotApplicable,False,,,False,True,True,SANTA CLARA SUPERIOR COURT DOWNTOWN SUPERIOR COURT,C,OTHER MOTOR VEHICLE,,0.0,0.0,CLEAR,, NO UNUSUAL CONDITIONS,, ,A,DAYLIGHT,37.365074,-121.844525,,,,,A,NO PEDESTRIANS INVOLVED,10/27/2021 5:30:00 PM,A,VC 22350,False,1.0,I-680 S/B,,,11/3/2021 12:00:00 AM,A,S,1071.0,MCKEE RD,F,,D,11/3/2021 2:09:27 PM,11/3/2021 2:09:27 PM,False,True,4,,,,,,,
1614833,9340-2021-12196,1,False,9340,10/24/2021 8:35:00 PM,2035,240,1368,4313,San Jose,43,True,True,B,SIDE SWIPE,,Sunday,NotApplicable,False,,,False,True,False,SANTA CLARA SUPERIOR COURT HALL OF JUSTICE,C,OTHER MOTOR VEHICLE,,1.0,0.0,RAINING,, FLOODED*,, ,D,DARK-NO STREET LIGHTS,37.421933,-121.933008,,,,,A,NO PEDESTRIANS INVOLVED,10/24/2021 8:35:00 PM,A,VC 22350,False,1.0,SR-237 W/B,,,11/3/2021 12:00:00 AM,B,E,2025.0,ZANKER RD,F,,D,11/3/2021 11:43:20 AM,11/3/2021 11:43:20 AM,False,True,4,,,,,,,
1614800,9340-2021-12256,1,False,9340,10/27/2021 8:55:00 AM,855,085,1368,4313,San Jose,43,True,True,B,SIDE SWIPE,,Wednesday,NotApplicable,False,,,False,True,False,SANTA CLARA SUPERIOR COURT DOWNTOWN SUPERIOR COURT,C,OTHER MOTOR VEHICLE,,0.0,0.0,CLEAR,, NO UNUSUAL CONDITIONS,, ,A,DAYLIGHT,37.294872,-122.026494,,,,,A,NO PEDESTRIANS INVOLVED,10/27/2021 8:55:00 AM,A,VC 21658(A),False,1.0,SR-85 NORTHBOUND,,,11/3/2021 12:00:00 AM,A,N,338.0,PROSPECT ROAD O/C,F,,D,11/3/2021 11:24:57 AM,11/3/2021 11:24:57 AM,False,True,4,,,,,,,
1614786,9340-2021-12018,1,False,9340,9/8/2021 10:00:00 PM,2200,120,1368,4313,San Jose,43,True,True,B,SIDE SWIPE,,Wednesday,NotApplicable,False,M,,False,True,False,SANTA CLARA SUPERIOR COURT DOWNTOWN SUPERIOR COURT,C,OTHER MOTOR VEHICLE,,0.0,0.0,CLEAR,, NO UNUSUAL CONDITIONS,, ,D,DARK-NO STREET LIGHTS,37.367031,-121.906915,,,,,A,NO PEDESTRIANS INVOLVED,9/8/2021 10:00:00 PM,A,VC 21658(a),False,,US-101 S/B,,,11/3/2021 12:00:00 AM,A,N,1720.0,I-880,F,,D,11/3/2021 11:13:43 AM,11/3/2021 11:13:43 AM,False,True,4,,,,,,,
1614481,9340-2021-12253,1,False,9340,10/26/2021 10:35:00 PM,2235,110,1368,4313,San Jose,43,True,True,B,SIDE SWIPE,,Tuesday,NotApplicable,False,,,False,True,False,SANTA CLARA SUPERIOR COURT SANTA CLARA COURTHOUSE,C,OTHER MOTOR VEHICLE,,0.0,0.0,CLEAR,, NO UNUSUAL CONDITIONS,, ,C,DARK-STREET LIGHTS,37.326265,-121.839404,,,,,A,NO PEDESTRIANS INVOLVED,10/26/2021 10:35:00 PM,A,VC 21658(A),False,2.0,US-101 S/B,,,11/3/2021 12:00:00 AM,A,N,3500.0,TULLY RD,F,,D,11/3/2021 8:04:24 AM,11/3/2021 8:04:24 AM,False,True,4,,,,,,,
1614478,9340-2021-12234,1,False,9340,10/26/2021 8:40:00 AM,840,281,1368,4313,San Jose,43,True,True,C,REAR END,,Tuesday,Yes,False,,,False,True,True,SANTA CLARA SUPERIOR COURT DOWNTOWN SUPERIOR COURT,C,OTHER MOTOR VEHICLE,,0.0,0.0,CLEAR,, NO UNUSUAL CONDITIONS,, ,A,DAYLIGHT,37.328019,-121.875881,,,,,A,NO PEDESTRIANS INVOLVED,10/26/2021 8:40:00 AM,A,VC 22350,False,1.0,I-280 N/B,,,11/3/2021 12:00:00 AM,A,S,50.0,7TH ST.,F,,D,11/3/2021 8:02:48 AM,11/3/2021 8:02:48 AM,False,True,4,,,,,,,
1614474,9340-2021-12315,1,False,9340,10/25/2021 3:55:00 PM,1555,087,1368,4313,San Jose,43,True,True,C,REAR END,,Monday,NotApplicable,True,,,False,True,False,SANTA CLARA SUPERIOR COURT HALL OF JUSTICE,C,OTHER MOTOR VEHICLE,,0.0,0.0,CLEAR,, NO UNUSUAL CONDITIONS,, ,A,DAYLIGHT,37.283878,-121.866913,,,,,A,NO PEDESTRIANS INVOLVED,10/25/2021 3:55:00 PM,A,VC 22109,False,1.0,SR-87 N/B,,,11/3/2021 12:00:00 AM,A,N,2225.0,CURTNER AVE,F,,D,11/3/2021 8:01:18 AM,11/3/2021 8:01:18 AM,False,True,4,,,,,,,
1614469,9340-2021-12224,1,False,9340,10/25/2021 3:50:00 PM,1550,087,1368,4313,San Jose,43,True,True,B,SIDE SWIPE,,Monday,NotApplicable,False,,,False,True,False,SANTA CLARA SUPERIOR COURT HALL OF JUSTICE,C,OTHER MOTOR VEHICLE,,0.0,0.0,CLEAR,, NO UNUSUAL CONDITIONS,, ,A,DAYLIGHT,37.276175,-121.863009,,,,,A,NO PEDESTRIANS INVOLVED,10/25/2021 3:50:00 PM,A,VC 21658(A),False,1.0,SR-87 N/B FROM NARVAEZ AVE.,,,11/3/2021 12:00:00 AM,A,N,515.0,NARVAEZ AVE,F,,A,11/3/2021 7:58:35 AM,11/3/2021 7:58:35 AM,False,True,4,,,,,,,
1614025,9340-2021-12226,1,False,9340,10/25/2021 3:30:00 PM,1530,282,1368,4313,San Jose,43,True,True,E,HIT OBJECT,NON CONTACT,Monday,NotApplicable,False,,,False,True,False,SANTA CLARA SUPERIOR COURT DOWNTOWN SUPERIOR COURT,I,FIXED OBJECT,SOUND WALL,0.0,0.0,CLEAR,, NO UNUSUAL CONDITIONS,, ,A,DAYLIGHT,37.316298,-121.964517,,,,,A,NO PEDESTRIANS INVOLVED,10/25/2021 3:30:00 PM,A,VC 21658(A),False,1.0,I-280 S/B,,,11/2/2021 12:00:00 AM,A,N,4118.0,WINCHESTER BLVD,F,,D,11/2/2021 7:37:07 PM,11/2/2021 7:37:07 PM,False,True,4,,,,,,,
1614023,9340-2021-12181,1,False,9340,10/23/2021 6:10:00 PM,1810,681,1368,4313,San Jose,43,True,True,E,HIT OBJECT,,Saturday,Yes,False,,,False,True,False,SANTA CLARA SUPERIOR COURT HALL OF JUSTICE,J,OTHER OBJECT,MISC SHRUBBERY/BUSHES,0.0,0.0,CLOUDY,, NO UNUSUAL CONDITIONS,, ,C,DARK-STREET LIGHTS,37.347411,-121.840929,,,,,A,NO PEDESTRIANS INVOLVED,10/23/2021 6:10:00 PM,A,VC 23152(a),True,1.0,I-680 N/B,,,11/2/2021 12:00:00 AM,A,N,1800.0,JACKSON AVE,F,,D,11/2/2021 7:31:38 PM,11/2/2021 7:31:38 PM,False,True,4,,,,,,,
1614016,9340-2021-12259,1,False,9340,10/27/2021 9:55:00 AM,955,282,1368,4313,San Jose,43,True,True,E,HIT OBJECT,,Wednesday,NotApplicable,False,,,False,True,True,SANTA CLARA SUPERIOR COURT HALL OF JUSTICE,I,FIXED OBJECT,RAISED CURB,0.0,0.0,CLEAR,, NO UNUSUAL CONDITIONS,, ,A,DAYLIGHT,37.317858,-121.97569,,,,,A,NO PEDESTRIANS INVOLVED,10/27/2021 9:55:00 AM,A,VC 22107,False,1.0,I-280 N/B TO SARATOGA AVE S/B,,,11/2/2021 12:00:00 AM,A,N,250.0,SARATOGA AVE,F,,D,11/2/2021 6:51:40 PM,11/2/2021 6:51:40 PM,False,True,4,,,,,,,
1614002,9340-2021-12252,1,False,9340,10/26/2021 9:50:00 PM,2150,110,1368,4313,San Jose,43,True,True,B,SIDE SWIPE,,Tuesday,NotApplicable,False,M,,False,True,False,SANTA CLARA SUPERIOR COURT HALL OF JUSTICE,C,OTHER MOTOR VEHICLE,,0.0,0.0,CLEAR,, NO UNUSUAL CONDITIONS,, ,D,DARK-NO STREET LIGHTS,37.362732,-121.887927,,,,,A,NO PEDESTRIANS INVOLVED,10/26/2021 9:50:00 PM,A,VC 21658(A),False,1.0,US-101 NORTHBOUND,,,11/2/2021 12:00:00 AM,A,S,1000.0,OAKLAND ROAD,F,,D,11/2/2021 5:31:33 PM,11/2/2021 5:31:33 PM,False,True,4,,,,,,,
1613999,9340-2021-12246,1,False,9340,10/26/2021 7:40:00 PM,1940,120,1368,4313,San Jose,43,True,True,B,SIDE SWIPE,,Tuesday,NotApplicable,False,M,,False,True,True,SANTA CLARA SUPERIOR COURT DOWNTOWN SUPERIOR COURT,C,OTHER MOTOR VEHICLE,,0.0,0.0,CLOUDY,, NO UNUSUAL CONDITIONS,, ,D,DARK-NO STREET LIGHTS,37.369688,-121.910631,,,,,A,NO PEDESTRIANS INVOLVED,10/26/2021 7:40:00 PM,A,VC 22350,False,1.0,US101 S/B,,,11/2/2021 12:00:00 AM,A,S,2574.0,BROKAW RD,F,,D,11/2/2021 5:24:23 PM,11/2/2021 5:24:23 PM,False,True,4,,,,,,,
1613998,9340-2021-12245,1,False,9340,10/26/2021 7:36:00 PM,1936,120,1368,4313,San Jose,43,True,True,C,REAR END,,Tuesday,NotApplicable,False,,,False,True,True,SANTA CLARA SUPERIOR COURT DOWNTOWN SUPERIOR COURT,C,OTHER MOTOR VEHICLE,,0.0,0.0,CLOUDY,, NO UNUSUAL CONDITIONS,, ,D,DARK-NO STREET LIGHTS,37.369815,-121.910834,,,,,A,NO PEDESTRIANS INVOLVED,10/26/2021 7:36:00 PM,A,VC 22350,False,1.0,US101 S/B,,,11/2/2021 12:00:00 AM,A,S,2534.0,BROKAW RD,F,,D,11/2/2021 5:22:47 PM,11/2/2021 5:22:47 PM,False,True,4,,,,,,,