Collision Id,	Report Number,	Report Version,	Is Preliminary,	NCIC Code,Crash Date Time,	Crash Time Description,	Beat,City Id,	City Code,	City Name,County Code,	City Is Active,	City Is Incorporated,	Collision Type Code,Collision Type Description,	Collision Type Other Desc,	Day Of Week,	DispatchNotified,	HasPhotographs,	HitRun,	IsAttachmentsMailed,	IsDeleted,	IsHighwayRelated,	IsTowAway,	JudicialDistrict,	MotorVehicleInvolvedWithCode,	MotorVehicleInvolvedWithDesc,MotorVehicleInvolvedWithOtherDesc,	NumberInjured,	NumberKilled,Weather 1, Weather 2, Road Condition 1, Road Condition 2, Special Condition,LightingCode, LightingDescription,Latitude,Longitude,MilepostDirection,MilepostDistance,MilepostMarker,MilepostUnitOfMeasure,	PedestrianActionCode,PedestrianActionDesc,PreparedDate,	Primary Collision Factor Code,Primary Collision Factor Violation,PrimaryCollisionFactorIsCited,	PrimaryCollisionPartyNumber,	PrimaryRoad,	ReportingDistrict,	ReportingDistrictCode,ReviewedDate,	RoadwaySurfaceCode,SecondaryDirection,	SecondaryDistance,	SecondaryRoad,	SecondaryUnitOfMeasure,	SketchDesc,	TrafficControlDeviceCode,CreatedDate,	ModifiedDate,IsCountyRoad,IsFreeway,CHP555Version,	IsAdditonalObjectStruck,NotificationDate,	NotificationTimeDescription,	HasDigitalMediaFiles,	EvidenceNumber,	IsLocationReferToNarrative,	IsAOIOneSameAsLocation
1635578,9340-2021-12599,1,False,9340,11/17/2021 9:50:00 PM,2150,281,1368,4313,San Jose,43,True,True,B,SIDE SWIPE,,Wednesday,NotApplicable,False,M,,False,True,False,Santa Clara Superior Court Hall of Justice,C,OTHER MOTOR VEHICLE,,0.0,0.0,CLEAR,, NO UNUSUAL CONDITIONS,, ,D,DARK-NO STREET LIGHTS,37.33589,-121.857658,,,,,A,NO PEDESTRIANS INVOLVED,11/17/2021 9:50:00 PM,A,VC 22107,False,1.0,I-280 S/B,,,11/26/2021 12:00:00 AM,A,N,2019.0,US-101,F,,D,11/26/2021 11:13:59 AM,11/26/2021 11:13:59 AM,False,True,4,,,,,,,
1635530,9340-2021-12535,1,False,9340,11/13/2021 12:11:00 PM,1211,088,1368,4313,San Jose,43,True,True,C,REAR END,,Saturday,Yes,False,,,False,True,True,SANTA CLARA SUPERIOR COURT HALL OF JUSTICE,C,OTHER MOTOR VEHICLE,,1.0,0.0,CLEAR,, NO UNUSUAL CONDITIONS,, ,A,DAYLIGHT,37.202031,-121.554998,,,,,A,NO PEDESTRIANS INVOLVED,11/13/2021 12:11:00 PM,A,VC 22350,False,4.0,I-880 N/B,,,11/26/2021 12:00:00 AM,A,S,80.0,PARK AVENUE,F,,D,11/26/2021 9:12:14 AM,11/26/2021 9:12:14 AM,False,True,4,,,,,,,
1635332,9340-2021-12594,1,False,9340,11/17/2021 7:30:00 PM,1930,083,1368,4313,San Jose,43,True,True,C,REAR END,,Wednesday,NotApplicable,False,M,,False,True,False,SANTA CLARA SUPERIOR COURT HALL OF JUSTICE,C,OTHER MOTOR VEHICLE,,0.0,0.0,CLEAR,, NO UNUSUAL CONDITIONS,, ,C,DARK-STREET LIGHTS,37.254313,-121.950719,,,,,A,NO PEDESTRIANS INVOLVED,11/17/2021 7:30:00 PM,A,VC 22350,False,1.0,S/B SR-85,,,11/25/2021 12:00:00 AM,A,S,200.0,BASCOM AVE,F,,D,11/25/2021 1:21:26 PM,11/25/2021 1:21:26 PM,False,True,4,,,,,,,
1635330,9340-2021-12597,1,False,9340,11/17/2021 6:45:00 PM,1845,120,1368,4313,San Jose,43,True,True,C,REAR END,,Wednesday,NotApplicable,False,,,False,True,False,SANTA CLARA SUPERIOR COURT HALL OF JUSTICE,C,OTHER MOTOR VEHICLE,,2.0,0.0,CLEAR,, NO UNUSUAL CONDITIONS,, ,D,DARK-NO STREET LIGHTS,37.366489,-121.906132,,,,,A,NO PEDESTRIANS INVOLVED,11/17/2021 6:45:00 PM,A,VC 22350,False,1.0,US-101 S/B,,,11/25/2021 12:00:00 AM,A,N,1430.0,I-880,F,,D,11/25/2021 1:09:36 PM,11/25/2021 1:09:36 PM,False,True,4,,,,,,,
1635328,9340-2021-12591,1,False,9340,11/17/2021 6:00:00 PM,1800,281,1368,4313,San Jose,43,True,True,C,REAR END,,Wednesday,NotApplicable,False,,,False,True,False,SANTA CLARA SUPERIOR COURT HALL OF JUSTICE,C,OTHER MOTOR VEHICLE,,0.0,0.0,CLEAR,, NO UNUSUAL CONDITIONS,, ,C,DARK-STREET LIGHTS,37.329361,-121.869592,,,,,A,NO PEDESTRIANS INVOLVED,11/17/2021 6:00:00 PM,A,VC 22350,False,1.0,I-280 NORTHBOUND TO 11TH ST.,,,11/25/2021 12:00:00 AM,A,S,500.0,11TH STREET,F,,D,11/25/2021 1:05:31 PM,11/25/2021 1:05:31 PM,False,True,4,,,,,,,
1635323,9340-2021-12592,1,False,9340,11/17/2021 5:55:00 PM,1755,282,1368,4313,San Jose,43,True,True,C,REAR END,,Wednesday,NotApplicable,False,,,False,True,False,SANTA CLARA SUPERIOR COURT DOWNTOWN SUPERIOR COURT,C,OTHER MOTOR VEHICLE,,0.0,0.0,CLEAR,, NO UNUSUAL CONDITIONS,, ,C,DARK-STREET LIGHTS,37.31653,-121.965778,,,,,A,NO PEDESTRIANS INVOLVED,11/17/2021 5:55:00 PM,A,VC 22350,False,1.0,I-280 N/B,,,11/25/2021 12:00:00 AM,A,S,1150.0,SARATOGA AVE,F,,D,11/25/2021 12:43:39 PM,11/25/2021 12:43:39 PM,False,True,4,,,,,,,
1635318,9340-2021-12588,1,False,9340,11/17/2021 4:55:00 PM,1655,281,1368,4313,San Jose,43,True,True,C,REAR END,,Wednesday,NotApplicable,False,,,False,True,False,SANTA CLARA SUPERIOR COURT HALL OF JUSTICE,C,OTHER MOTOR VEHICLE,,0.0,0.0,CLEAR,, NO UNUSUAL CONDITIONS,, ,B,DUSK-DAWN,37.316729,-121.925656,,,,,A,NO PEDESTRIANS INVOLVED,11/17/2021 4:55:00 PM,A,VC 22350,False,1.0,I-280 SOUTHBOUND,,,11/25/2021 12:00:00 AM,A,N,500.0,LEIGH AVE,F,,D,11/25/2021 12:35:54 PM,11/25/2021 12:35:54 PM,False,True,4,,,,,,,
1635310,9340-2021-12587,1,False,9340,11/17/2021 3:35:00 PM,1535,085,1368,4313,San Jose,43,True,True,C,REAR END,,Wednesday,NotApplicable,False,,,False,True,True,SANTA CLARA SUPERIOR COURT HALL OF JUSTICE,C,OTHER MOTOR VEHICLE,,0.0,0.0,CLEAR,, NO UNUSUAL CONDITIONS,, ,A,DAYLIGHT,37.279671,-122.011345,,,,,A,NO PEDESTRIANS INVOLVED,11/17/2021 3:35:00 PM,A,VC 22350,False,1.0,SR-85 S/B,,,11/25/2021 12:00:00 AM,A,N,1320.0,SARATOGA AVE,F,,D,11/25/2021 11:48:34 AM,11/25/2021 11:48:34 AM,False,True,4,,,,,,,
1635306,9340-2021-12586,1,False,9340,11/17/2021 11:20:00 AM,1120,087,1368,4313,San Jose,43,True,True,E,HIT OBJECT,,Wednesday,Yes,False,F,,False,True,False,SANTA CLARA SUPERIOR COURT SANTA CLARA COURTHOUSE,I,FIXED OBJECT,CONCRETE CENTER DIVIDER,1.0,0.0,CLEAR,, NO UNUSUAL CONDITIONS,, ,A,DAYLIGHT,37.30312,-121.878017,,,,,A,NO PEDESTRIANS INVOLVED,11/17/2021 11:20:00 AM,A,VC 22107,False,1.0,SR-87 S/B,,,11/25/2021 12:00:00 AM,A,N,180.0,ALMADEN EXPRESSWAY,F,,D,11/25/2021 11:34:57 AM,11/25/2021 11:34:57 AM,False,True,4,,,,,,,
1635289,9340-2021-12584,1,False,9340,11/17/2021 7:10:00 AM,710,087,1368,4313,San Jose,43,True,True,C,REAR END,,Wednesday,NotApplicable,False,,,False,True,False,SANTA CLARA SUPERIOR COURT SANTA CLARA COURTHOUSE,C,OTHER MOTOR VEHICLE,,0.0,0.0,CLEAR,, NO UNUSUAL CONDITIONS,, ,A,DAYLIGHT,37.300932,-121.875871,,,,,A,NO PEDESTRIANS INVOLVED,11/17/2021 7:10:00 AM,A,VC 22350,False,1.0,SR-87 N/B,,,11/25/2021 12:00:00 AM,A,S,120.0,ALMADEN EXPRESSWAY,F,,D,11/25/2021 10:22:48 AM,11/25/2021 10:22:48 AM,False,True,4,,,,,,,
1634868,9340-2021-12463,1,False,9340,11/8/2021 6:04:00 PM,1804,110,1368,4313,San Jose,43,True,True,C,REAR END,,Monday,NotApplicable,False,,,False,True,False,SANTA CLARA SUPERIOR COURT DOWNTOWN SUPERIOR COURT,C,OTHER MOTOR VEHICLE,,0.0,0.0,CLEAR,, NO UNUSUAL CONDITIONS,, ,C,DARK-STREET LIGHTS,37.30105,-121.81485,,,,,A,NO PEDESTRIANS INVOLVED,11/8/2021 6:04:00 PM,D,,,,US-101 S/B,,,11/24/2021 12:00:00 AM,A,S,300.0,CAPITOL EXPRESSWAY,F,,D,11/24/2021 5:44:52 PM,11/24/2021 5:44:52 PM,False,True,4,,,,,,,
1634863,9340-2021-12554,1,False,9340,11/15/2021 6:30:00 PM,1830,110,1368,4313,San Jose,43,True,True,B,SIDE SWIPE,,Monday,NotApplicable,False,,,False,True,False,SANTA CLARA SUPERIOR COURT DOWNTOWN SUPERIOR COURT,A,NON-COLLISION,,0.0,0.0,CLEAR,, NO UNUSUAL CONDITIONS,, ,C,DARK-STREET LIGHTS,37.30652,-121.820164,,,,,A,NO PEDESTRIANS INVOLVED,11/15/2021 6:30:00 PM,A,VC 21658(a),False,1.0,US-101 S/B,,,11/24/2021 12:00:00 AM,A,N,300.0,CAPITOL EXPRESSWAY,F,,D,11/24/2021 5:20:20 PM,11/24/2021 5:20:20 PM,False,True,4,,,,,,,
1634740,9340-2021-12580,1,False,9340,11/16/2021 9:45:00 PM,2145,110,1368,4313,San Jose,43,True,True,E,HIT OBJECT,OFF-ROAD,Tuesday,NotApplicable,False,M,,False,True,True,SANTA CLARA SUPERIOR COURT SANTA CLARA COURTHOUSE,I,FIXED OBJECT,GRASS SHOULDER,0.0,0.0,CLOUDY,, NO UNUSUAL CONDITIONS,, ,D,DARK-NO STREET LIGHTS,37.353069,-121.865752,,,,,A,NO PEDESTRIANS INVOLVED,11/16/2021 9:45:00 PM,A,VC 22350,True,1.0,US-101 S/B TO MCKEE RD,,,11/24/2021 12:00:00 AM,A,S,305.0,MCKEE RD,F,,D,11/24/2021 3:13:55 PM,11/24/2021 3:13:55 PM,False,True,4,,,,,,,
1634689,9340-2021-12520,1,False,9340,11/12/2021 7:15:00 PM,1915,087,1368,4313,San Jose,43,True,True,B,SIDE SWIPE,,Friday,NotApplicable,False,,,False,True,True,SANTA CLARA SUPERIOR COURT DOWNTOWN SUPERIOR COURT,C,OTHER MOTOR VEHICLE,,0.0,0.0,CLEAR,, NO UNUSUAL CONDITIONS,, ,A,DAYLIGHT,37.365245,-121.919767,,,,,A,NO PEDESTRIANS INVOLVED,11/12/2021 7:15:00 PM,A,VC 22350,False,1.0,SR-87 S/B,,,11/24/2021 12:00:00 AM,A,N,300.0,SKYPORT DR,F,,D,11/24/2021 2:27:32 PM,11/24/2021 2:27:32 PM,False,True,4,,,,,,,
1634663,9340-2021-12569,1,False,9340,11/16/2021 6:35:00 PM,1835,089,1368,4313,San Jose,43,True,True,C,REAR END,,Tuesday,NotApplicable,False,,,False,True,False,SANTA CLARA SUPERIOR COURT HALL OF JUSTICE,C,OTHER MOTOR VEHICLE,,0.0,0.0,CLEAR,, NO UNUSUAL CONDITIONS,, ,C,DARK-STREET LIGHTS,37.375311,-121.902938,,,,,A,NO PEDESTRIANS INVOLVED,11/16/2021 6:35:00 PM,A,VC 22350,False,1.0,I-880 S/B,,,11/24/2021 12:00:00 AM,A,S,2600.0,BROKAW RD U/C,F,,D,11/24/2021 2:16:22 PM,11/24/2021 2:16:22 PM,False,True,4,,,,,,,
1634648,9340-2021-12570,1,False,9340,11/16/2021 5:40:00 PM,1740,087,1368,4313,San Jose,43,True,True,C,REAR END,,Tuesday,NotApplicable,False,,,False,True,True,SANTA CLARA SUPERIOR COURT HALL OF JUSTICE,C,OTHER MOTOR VEHICLE,,1.0,0.0,CLOUDY,, NO UNUSUAL CONDITIONS,, ,C,DARK-STREET LIGHTS,37.278994,-121.864293,,,,,A,NO PEDESTRIANS INVOLVED,11/16/2021 5:40:00 PM,A,VC 21658(A),False,2.0,SR-87 NB,,,11/24/2021 12:00:00 AM,A,N,1600.0,CAPITOL EXPY,F,,D,11/24/2021 2:06:29 PM,11/24/2021 2:06:29 PM,False,True,4,,,,,,,
1634621,9340-2021-12575,1,False,9340,11/16/2021 5:20:00 PM,1720,110,1368,4313,San Jose,43,True,True,C,REAR END,,Tuesday,Yes,False,,,False,True,True,SANTA CLARA SUPERIOR COURT DOWNTOWN SUPERIOR COURT,C,OTHER MOTOR VEHICLE,,2.0,0.0,CLOUDY,, NO UNUSUAL CONDITIONS,, ,D,DARK-NO STREET LIGHTS,37.345946,-121.858267,,,,,A,NO PEDESTRIANS INVOLVED,11/16/2021 5:20:00 PM,A,VC 22350,False,1.0,US101 S/B,,,11/24/2021 12:00:00 AM,A,N,2840.0,I-280 N/B,F,,D,11/24/2021 2:00:27 PM,11/24/2021 2:00:27 PM,False,True,4,,,,,,,
1634617,9340-2021-12572,1,False,9340,11/16/2021 3:35:00 PM,1535,282,1368,4313,San Jose,43,True,True,C,REAR END,,Tuesday,NotApplicable,False,,,False,True,False,SANTA CLARA SUPERIOR COURT HALL OF JUSTICE,C,OTHER MOTOR VEHICLE,,0.0,0.0,CLEAR,, NO UNUSUAL CONDITIONS,, ,A,DAYLIGHT,37.317956,-121.982719,,,,,A,NO PEDESTRIANS INVOLVED,11/16/2021 3:35:00 PM,A,VC 22350,True,1.0,I-280 S/B,,,11/24/2021 12:00:00 AM,A,N,2165.0,SARATOGA AVENUE,F,,D,11/24/2021 1:56:57 PM,11/24/2021 1:56:57 PM,False,True,4,,,,,,,
1634605,9340-2021-12571,1,False,9340,11/16/2021 5:20:00 PM,1720,282,1368,4313,San Jose,43,True,True,B,SIDE SWIPE,,Tuesday,NotApplicable,False,,,False,True,False,SANTA CLARA SUPERIOR COURT HALL OF JUSTICE,C,OTHER MOTOR VEHICLE,,0.0,0.0,CLEAR,, NO UNUSUAL CONDITIONS,, ,D,DARK-NO STREET LIGHTS,37.328289,-122.01022,,,,,A,NO PEDESTRIANS INVOLVED,11/16/2021 5:20:00 PM,A,VC 21658(A),False,2.0,I-280 S/B,,,11/24/2021 12:00:00 AM,A,S,1360.0,WOLFE ROAD,F,,D,11/24/2021 1:49:19 PM,11/24/2021 1:49:19 PM,False,True,4,,,,,,,
1634556,9340-2021-12566,1,False,9340,11/16/2021 3:10:00 PM,1510,083,1368,4313,San Jose,43,True,True,C,REAR END,,Tuesday,NotApplicable,False,,,False,True,False,SANTA CLARA SUPERIOR COURT HALL OF JUSTICE,C,OTHER MOTOR VEHICLE,,2.0,0.0,CLEAR,, NO UNUSUAL CONDITIONS,, ,A,DAYLIGHT,37.253754,-121.947687,,,,,A,NO PEDESTRIANS INVOLVED,11/16/2021 3:10:00 PM,A,VC 22350,False,1.0,SR-85 S/B,,,11/24/2021 12:00:00 AM,A,S,1060.0,BASCOM AVE,F,,D,11/24/2021 1:11:29 PM,11/24/2021 1:11:29 PM,False,True,4,,,,,,,
1634489,9340-2021-12549,1,False,9340,11/12/2021 7:40:00 AM,740,901,1368,4313,San Jose,43,True,True,B,SIDE SWIPE,,Friday,NotApplicable,False,,,False,False,False,SANTA CLARA SUPERIOR COURT HALL OF JUSTICE,C,OTHER MOTOR VEHICLE,,0.0,0.0,CLOUDY,, NO UNUSUAL CONDITIONS,, School Bus Collision,A,DAYLIGHT,37.259272,-121.802122,,,,,A,NO PEDESTRIANS INVOLVED,11/12/2021 7:40:00 AM,A,VC 22107,False,1.0,BENDORF DR. S/B,,,11/24/2021 12:00:00 AM,A,N,10.0,CARRYBACK AVE.,F,,D,11/24/2021 12:32:28 PM,11/24/2021 12:32:28 PM,False,False,4,,,,,,,
1634383,9340-2021-12533,1,False,9340,11/13/2021 12:10:00 PM,1210,088,1368,4313,San Jose,43,True,True,B,SIDE SWIPE,,Saturday,NotApplicable,False,,,False,True,True,SANTA CLARA SUPERIOR COURT HALL OF JUSTICE,C,OTHER MOTOR VEHICLE,,0.0,0.0,CLEAR,, NO UNUSUAL CONDITIONS,, ,A,DAYLIGHT,37.202031,-121.554998,,,,,A,NO PEDESTRIANS INVOLVED,11/13/2021 12:10:00 PM,A,VC 21658(A),False,,I-880 N/B,,,11/24/2021 12:00:00 AM,A,S,60.0,PARK AVENUE,F,,D,11/24/2021 11:18:33 AM,11/24/2021 11:18:33 AM,False,True,4,,,,,,,
1634247,9340-2021-12561,1,False,9340,11/16/2021 8:25:00 AM,825,085,1368,4313,San Jose,43,True,True,C,REAR END,,Tuesday,NotApplicable,False,,,False,True,False,SANTA CLARA SUPERIOR COURT DOWNTOWN SUPERIOR COURT,C,OTHER MOTOR VEHICLE,,0.0,0.0,CLEAR,, NO UNUSUAL CONDITIONS,, ,A,DAYLIGHT,37.257492,-121.960645,,,,,A,NO PEDESTRIANS INVOLVED,11/16/2021 8:25:00 AM,A,VC 22350,False,1.0,SR-85 N/B,,,11/24/2021 12:00:00 AM,A,S,750.0,WINCHESTER BLVD,F,,D,11/24/2021 9:56:56 AM,11/24/2021 9:56:56 AM,False,True,4,,,,,,,
1634209,9340-2021-12578,1,False,9340,11/16/2021 10:15:00 PM,2215,281,1368,4313,San Jose,43,True,True,C,REAR END,,Tuesday,NotApplicable,False,,,False,True,True,SANTA CLARA SUPERIOR COURT HALL OF JUSTICE,C,OTHER MOTOR VEHICLE,,0.0,0.0,CLEAR,, NO UNUSUAL CONDITIONS,, ,D,DARK-NO STREET LIGHTS,37.324966,-121.882941,,,,,A,NO PEDESTRIANS INVOLVED,11/16/2021 10:15:00 PM,A,VC 22350,False,1.0,I-280 N/B TO SR-87 N/B,,,11/24/2021 12:00:00 AM,A,N,1492.0,ALMADEN AVE,F,,D,11/24/2021 9:34:26 AM,11/24/2021 9:34:26 AM,False,True,4,,,,,,,
1634196,9340-2021-12552,1,False,9340,11/15/2021 5:27:00 PM,1727,281,1368,4313,San Jose,43,True,True,C,REAR END,,Monday,NotApplicable,False,M,,False,True,False,Santa Clara Superior Court Hall of Justice,C,OTHER MOTOR VEHICLE,,0.0,0.0,CLEAR,, NO UNUSUAL CONDITIONS,, ,C,DARK-STREET LIGHTS,37.315797,-121.908452,,,,,A,NO PEDESTRIANS INVOLVED,11/15/2021 5:27:00 PM,A,VC 22350,False,1.0,I-280 NB,,,11/24/2021 12:00:00 AM,A,S,715.0,RACE ST O/C,F,,D,11/24/2021 9:27:31 AM,11/24/2021 9:27:31 AM,False,True,4,,,,,,,
1634177,9340-2021-12523,1,False,9340,11/13/2021 4:45:00 AM,445,281,1368,4313,San Jose,43,True,True,E,HIT OBJECT,,Saturday,Yes,True,,,False,True,False,SANTA CLARA SUPERIOR COURT DOWNTOWN SUPERIOR COURT,I,FIXED OBJECT,BRIDGE RAIL ,1.0,0.0,CLEAR,, NO UNUSUAL CONDITIONS,, ,D,DARK-NO STREET LIGHTS,37.1919,-121.533,,,,,A,NO PEDESTRIANS INVOLVED,11/13/2021 4:45:00 AM,A,VC 23152(a),True,1.0,I-280 N/B TO SR-87 S/B,,,11/24/2021 12:00:00 AM,A,N,700.0,WEST VIRGINIA STREET,F,,D,11/24/2021 9:20:58 AM,11/24/2021 9:20:58 AM,False,True,4,,,,,,,
1634116,9340-2021-12557,1,False,9340,11/15/2021 3:45:00 PM,1545,172,1368,4313,San Jose,43,True,True,B,SIDE SWIPE,,Monday,NotApplicable,False,,,False,True,True,SANTA CLARA SUPERIOR COURT HALL OF JUSTICE,C,OTHER MOTOR VEHICLE,,1.0,0.0,CLOUDY,, NO UNUSUAL CONDITIONS,, ,A,DAYLIGHT,37.29068,-121.936555,,,,,A,NO PEDESTRIANS INVOLVED,11/15/2021 3:45:00 PM,A,VC 21658(a),False,1.0,SR-17 N/B,,,11/24/2021 12:00:00 AM,A,S,1275.0,HAMILTON AVENUE,F,,D,11/24/2021 8:48:42 AM,11/24/2021 8:48:42 AM,False,True,4,True,,,,,,
1634094,9340-2021-12553,1,False,9340,11/14/2021 4:00:00 AM,400,089,1368,4313,San Jose,43,True,True,E,HIT OBJECT,,Sunday,Yes,False,,,False,True,True,SANTA CLARA SUPERIOR COURT DOWNTOWN SUPERIOR COURT,I,FIXED OBJECT,CENTER CONCRETE BARRIER ,0.0,0.0,CLEAR,, NO UNUSUAL CONDITIONS,, ,D,DARK-NO STREET LIGHTS,37.36587,-121.90139,,,,,A,NO PEDESTRIANS INVOLVED,11/14/2021 4:00:00 AM,A,VC 23152(a),True,1.0,I-880 S/B,,,11/24/2021 12:00:00 AM,A,N,670.0,US-101,F,,D,11/24/2021 8:30:09 AM,11/24/2021 8:30:09 AM,False,True,4,,,,,,,
1634046,9340-2021-12505,1,False,9340,11/11/2021 4:51:00 PM,1651,120,1368,4313,San Jose,43,True,True,E,HIT OBJECT,,Thursday,NotApplicable,False,,,False,True,True,SANTA CLARA SUPERIOR COURT HALL OF JUSTICE,J,OTHER OBJECT,UNKOWN OBJECT,0.0,0.0,CLEAR,, NO UNUSUAL CONDITIONS,, ,B,DUSK-DAWN,37.37075,-121.913909,,,,,A,NO PEDESTRIANS INVOLVED,11/11/2021 4:51:00 PM,C,,,,US-101 SB,,,11/24/2021 12:00:00 AM,A,S,890.0,N. FIRST STREET U/C,F,,D,11/24/2021 8:04:55 AM,11/24/2021 8:04:55 AM,False,True,4,,,,,,,
1633766,9340-2021-12522,1,False,9340,11/13/2021 2:35:00 AM,235,281,1368,4313,San Jose,43,True,True,E,HIT OBJECT,,Saturday,Yes,False,M,,False,True,True,SANTA CLARA SUPERIOR COURT SANTA CLARA COURTHOUSE,I,FIXED OBJECT,METAL GUARDRAIL,0.0,0.0,CLEAR,, NO UNUSUAL CONDITIONS,, ,D,DARK-NO STREET LIGHTS,37.318696,-121.939119,,,,,A,NO PEDESTRIANS INVOLVED,11/13/2021 2:35:00 AM,A,VC 23152(a),True,1.0,I-280 N/B TO STEVENS CREEK BLVD.,,,11/23/2021 12:00:00 AM,A,S,280.0,I-880,F,,D,11/23/2021 9:44:25 PM,11/23/2021 9:44:25 PM,False,True,4,,,,,,,
1633763,9340-2021-12678,1,False,9340,11/22/2021 6:12:00 PM,1812,681,1368,4313,San Jose,43,True,True,D,BROADSIDE,,Monday,NotApplicable,False,,,False,True,True,SANTA CLARA SUPERIOR COURT HALL OF JUSTICE,C,OTHER MOTOR VEHICLE,,2.0,0.0,CLEAR,, NO UNUSUAL CONDITIONS,, ,C,DARK-STREET LIGHTS,37.365285,-121.844697,,,,,A,NO PEDESTRIANS INVOLVED,11/22/2021 6:12:00 PM,A,VC 21658(A),False,1.0,I-680 S/B,,,11/23/2021 12:00:00 AM,A,S,1000.0,MCKEE RD O/C,F,,D,11/23/2021 9:19:29 PM,11/23/2021 9:19:29 PM,False,True,4,,,,,,,
1633587,9340-2021-12517,1,False,9340,11/12/2021 6:15:00 PM,1815,087,1368,4313,San Jose,43,True,True,C,REAR END,,Friday,NotApplicable,False,,,False,True,False,SANTA CLARA SUPERIOR COURT DOWNTOWN SUPERIOR COURT,C,OTHER MOTOR VEHICLE,,3.0,0.0,CLEAR,, NO UNUSUAL CONDITIONS,, ,C,DARK-STREET LIGHTS,37.337499,-121.898285,,,,,A,NO PEDESTRIANS INVOLVED,11/12/2021 6:15:00 PM,A,VC 22350,False,1.0,SR-87 S/B FROM JULIAN STREET,,,11/23/2021 12:00:00 AM,A,N,40.0,JULIAN STREET,F,,A,11/23/2021 3:14:22 PM,11/23/2021 3:14:22 PM,False,True,4,,,,,,,
1633569,9340-2021-12558,1,False,9340,11/15/2021 9:55:00 PM,2155,120,1368,4313,San Jose,43,True,True,B,SIDE SWIPE,,Monday,NotApplicable,False,,,False,True,False,SANTA CLARA SUPERIOR COURT SANTA CLARA COURTHOUSE,C,OTHER MOTOR VEHICLE,,0.0,0.0,CLOUDY,, NO UNUSUAL CONDITIONS,, ,C,DARK-STREET LIGHTS,37.377458,-121.945929,,,,,A,NO PEDESTRIANS INVOLVED,11/15/2021 9:55:00 PM,D,,,,US-101 S/B,,,11/23/2021 12:00:00 AM,A,N,1000.0,TRIMBLE RD,F,,D,11/23/2021 3:01:36 PM,11/23/2021 3:01:36 PM,False,True,4,,,,,,,
1633469,9340-2021-12543,1,False,9340,11/14/2021 1:50:00 PM,1350,087,1368,4313,San Jose,43,True,True,B,SIDE SWIPE,,Sunday,NotApplicable,False,,,False,True,False,SANTA CLARA SUPERIOR COURT HALL OF JUSTICE,D,MOTOR VEHICLE ON OTHER ROADWAY,,1.0,0.0,CLEAR,, NO UNUSUAL CONDITIONS,, ,A,DAYLIGHT,37.265246,-121.85918,,,,,A,NO PEDESTRIANS INVOLVED,11/14/2021 1:50:00 PM,A,VC 22350,False,1.0,SR-87 S/B,,,11/23/2021 12:00:00 AM,A,N,3461.0,SR-85,F,,D,11/23/2021 2:14:01 PM,11/23/2021 2:14:01 PM,False,True,4,,,,,,,
1633417,9340-2021-12556,1,False,9340,11/15/2021 5:20:00 PM,1720,281,1368,4313,San Jose,43,True,True,B,SIDE SWIPE,,Monday,NotApplicable,False,,,False,True,False,SANTA CLARA SUPERIOR COURT HALL OF JUSTICE,C,OTHER MOTOR VEHICLE,,0.0,0.0,CLOUDY,, NO UNUSUAL CONDITIONS,, ,D,DARK-NO STREET LIGHTS,37.318144,-121.938442,,,,,A,NO PEDESTRIANS INVOLVED,11/15/2021 5:20:00 PM,A,VC 22107,False,1.0,I-280 N/B TO SR-17 S/B,,,11/23/2021 12:00:00 AM,A,S,450.0,I-880,F,,D,11/23/2021 1:41:18 PM,11/23/2021 1:41:18 PM,False,True,4,,,,,,,
1633383,9340-2021-12551,1,False,9340,11/15/2021 3:28:00 PM,1528,282,1368,4313,San Jose,43,True,True,C,REAR END,,Monday,NotApplicable,False,,,False,True,True,SANTA CLARA SUPERIOR COURT HALL OF JUSTICE,C,OTHER MOTOR VEHICLE,,0.0,0.0,CLEAR,, NO UNUSUAL CONDITIONS,, ,A,DAYLIGHT,37.316339,-121.961816,,,,,A,NO PEDESTRIANS INVOLVED,11/15/2021 3:28:00 PM,A,VC 22350,False,1.0,I-280 S/B,,,11/23/2021 12:00:00 AM,A,S,595.0,SAN TOMAS EXPY U/C,F,,D,11/23/2021 1:19:16 PM,11/23/2021 1:19:16 PM,False,True,4,,,,,,,