Collision Id,	Report Number,	Report Version,	Is Preliminary,	NCIC Code,Crash Date Time,	Crash Time Description,	Beat,City Id,	City Code,	City Name,County Code,	City Is Active,	City Is Incorporated,	Collision Type Code,Collision Type Description,	Collision Type Other Desc,	Day Of Week,	DispatchNotified,	HasPhotographs,	HitRun,	IsAttachmentsMailed,	IsDeleted,	IsHighwayRelated,	IsTowAway,	JudicialDistrict,	MotorVehicleInvolvedWithCode,	MotorVehicleInvolvedWithDesc,MotorVehicleInvolvedWithOtherDesc,	NumberInjured,	NumberKilled,Weather 1, Weather 2, Road Condition 1, Road Condition 2, Special Condition,LightingCode, LightingDescription,Latitude,Longitude,MilepostDirection,MilepostDistance,MilepostMarker,MilepostUnitOfMeasure,	PedestrianActionCode,PedestrianActionDesc,PreparedDate,	Primary Collision Factor Code,Primary Collision Factor Violation,PrimaryCollisionFactorIsCited,	PrimaryCollisionPartyNumber,	PrimaryRoad,	ReportingDistrict,	ReportingDistrictCode,ReviewedDate,	RoadwaySurfaceCode,SecondaryDirection,	SecondaryDistance,	SecondaryRoad,	SecondaryUnitOfMeasure,	SketchDesc,	TrafficControlDeviceCode,CreatedDate,	ModifiedDate,IsCountyRoad,IsFreeway,CHP555Version,	IsAdditonalObjectStruck,NotificationDate,	NotificationTimeDescription,	HasDigitalMediaFiles,	EvidenceNumber,	IsLocationReferToNarrative,	IsAOIOneSameAsLocation
1643419,9340-2021-12682,1,False,9340,11/22/2021 6:32:00 PM,1832,681,1368,4313,San Jose,43,True,True,B,SIDE SWIPE,,Monday,NotApplicable,False,,,False,True,False,SANTA CLARA SUPERIOR COURT DOWNTOWN SUPERIOR COURT,C,OTHER MOTOR VEHICLE,,0.0,0.0,CLEAR,, NO UNUSUAL CONDITIONS,, ,D,DARK-NO STREET LIGHTS,37.411918,-121.879999,,,,,A,NO PEDESTRIANS INVOLVED,11/22/2021 6:32:00 PM,A,VC 21658(A),False,1.0,I-680 S/B FROM MONTAGUE EXPY,,,12/6/2021 12:00:00 AM,A,S,840.0,MONTAGUE EXPY,F,,D,12/6/2021 7:43:29 AM,12/6/2021 7:43:29 AM,False,True,4,,,,,,,
1643418,9340-2021-12680,1,False,9340,11/22/2021 3:50:00 PM,1550,083,1368,4313,San Jose,43,True,True,C,REAR END,,Monday,NotApplicable,False,,,False,True,False,SANTA CLARA SUPERIOR COURT DOWNTOWN SUPERIOR COURT,C,OTHER MOTOR VEHICLE,,0.0,0.0,CLEAR,, NO UNUSUAL CONDITIONS,, ,A,DAYLIGHT,37.256159,-121.870807,,,,,A,NO PEDESTRIANS INVOLVED,11/22/2021 3:50:00 PM,A,VC 22350,False,1.0,SR-85 N/B,,,12/6/2021 12:00:00 AM,A,S,1400.0,ALMADEN EXPY,F,,D,12/6/2021 7:42:24 AM,12/6/2021 7:42:24 AM,False,True,4,,,,,,,
1643407,9340-2021-12655,1,False,9340,11/21/2021 3:00:00 AM,300,089,1368,4313,San Jose,43,True,True,C,REAR END,,Sunday,Yes,False,,,False,True,True,SANTA CLARA SUPERIOR COURT HALL OF JUSTICE,C,OTHER MOTOR VEHICLE,,2.0,0.0,CLEAR,, NO UNUSUAL CONDITIONS,, ,D,DARK-NO STREET LIGHTS,37.452801,-121.922519,,,,,A,NO PEDESTRIANS INVOLVED,11/21/2021 3:00:00 AM,A,VC 22350,False,1.0,I-880 N/B,,,12/6/2021 12:00:00 AM,A,S,250.0,DIXON LANDING ROAD,F,,D,12/6/2021 7:32:38 AM,12/6/2021 7:32:38 AM,False,True,4,,,,,,,
1642711,9340-2021-12631,1,False,9340,11/19/2021 5:48:00 PM,1748,110,1368,4313,San Jose,43,True,True,C,REAR END,,Friday,NotApplicable,False,,,False,True,False,SANTA CLARA SUPERIOR COURT DOWNTOWN SUPERIOR COURT,C,OTHER MOTOR VEHICLE,,0.0,0.0,CLEAR,, NO UNUSUAL CONDITIONS,, ,C,DARK-STREET LIGHTS,37.348029,-121.860066,,,,,A,NO PEDESTRIANS INVOLVED,11/19/2021 5:48:00 PM,A,VC 22350,False,1.0,US-101 S/B,,,12/3/2021 12:00:00 AM,A,S,600.0,ALUM ROCK AVENUE,F,,D,12/3/2021 7:31:06 PM,12/3/2021 7:31:06 PM,False,True,4,,,,,,,
1642673,9340-2021-12727,1,False,9340,11/26/2021 1:40:00 PM,1340,083,1368,4313,San Jose,43,True,True,B,SIDE SWIPE,,Friday,NotApplicable,False,,,False,True,False,SANTA CLARA SUPERIOR COURT HALL OF JUSTICE,C,OTHER MOTOR VEHICLE,,0.0,0.0,CLEAR,, NO UNUSUAL CONDITIONS,, ,A,DAYLIGHT,37.255822,-121.871179,,,,,A,NO PEDESTRIANS INVOLVED,11/26/2021 1:40:00 PM,A,VC 21658(A),False,1.0,SR-85 S/B,,,12/3/2021 12:00:00 AM,A,S,1000.0,ALMADEN EXPY,F,,D,12/3/2021 5:39:31 PM,12/3/2021 5:39:31 PM,False,True,4,,,,,,,
1642669,9340-2021-12724,1,False,9340,11/25/2021 8:10:00 PM,2010,088,1368,4313,San Jose,43,True,True,B,SIDE SWIPE,,Thursday,Yes,False,,,False,True,True,Santa Clara Superior Court Hall of Justice,C,OTHER MOTOR VEHICLE,,4.0,0.0,CLEAR,, NO UNUSUAL CONDITIONS,, ,C,DARK-STREET LIGHTS,37.335772,-121.934509,,,,,A,NO PEDESTRIANS INVOLVED,11/25/2021 8:10:00 PM,A,VC 23152(a),True,1.0,I-880 N/B,,,12/3/2021 12:00:00 AM,A,N,700.0,BASCOM AVENUE,F,,D,12/3/2021 5:34:25 PM,12/3/2021 5:34:25 PM,False,True,4,True,,,,,,
1642642,9340-2021-12720,1,False,9340,11/25/2021 3:30:00 PM,1530,110,1368,4313,San Jose,43,True,True,G,VEHICLE/PEDESTRAIN,,Thursday,NotApplicable,False,,,False,True,False,SANTA CLARA SUPERIOR COURT HALL OF JUSTICE,B,PEDESTRIAN,,1.0,0.0,CLEAR,, NO UNUSUAL CONDITIONS,, ,A,DAYLIGHT,37.339912,-121.854137,,,,,E,IN ROAD - INCLUDES SHOULDER,11/25/2021 3:30:00 PM,A,VC 22107,False,1.0,US-101 SB TO STORY RD WB,,,12/3/2021 12:00:00 AM,A,N,250.0,STORY RD O/C,F,,D,12/3/2021 4:46:29 PM,12/3/2021 4:46:29 PM,False,True,4,,,,,,,
1642615,9340-2021-12674,1,False,9340,11/22/2021 10:15:00 AM,1015,085,1368,4313,San Jose,43,True,True,E,HIT OBJECT,,Monday,NotApplicable,False,,,False,True,False,SANTA CLARA SUPERIOR COURT DOWNTOWN SUPERIOR COURT,I,FIXED OBJECT,GUARD RAIL,0.0,0.0,CLEAR,, NO UNUSUAL CONDITIONS,, ,A,DAYLIGHT,37.265589,-121.98251,,,,,A,NO PEDESTRIANS INVOLVED,11/22/2021 10:15:00 AM,C,,,,SR-85 S/B,,,12/3/2021 12:00:00 AM,A,S,823.0,MORE AVENUE PED O/C,F,,D,12/3/2021 4:31:14 PM,12/3/2021 4:31:14 PM,False,True,4,,,,,,,
1642474,9340-2021-12709,1,False,9340,11/24/2021 3:40:00 PM,1540,282,1368,4313,San Jose,43,True,True,F,OVERTURNED,,Wednesday,Yes,False,,,False,True,True,SANTA CLARA SUPERIOR COURT HALL OF JUSTICE,I,FIXED OBJECT,DIRT EMBANKMENT,1.0,0.0,CLEAR,, NO UNUSUAL CONDITIONS,, ,A,DAYLIGHT,37.316643,-121.949272,,,,,A,NO PEDESTRIANS INVOLVED,11/24/2021 3:40:00 PM,A,VC 22350,False,1.0,I-280 S/B,,,12/3/2021 12:00:00 AM,A,S,525.0,WINCHESTER BLVD,F,,D,12/3/2021 2:43:10 PM,12/3/2021 2:43:10 PM,False,True,4,,,,,,,
1642289,9340-2021-12717,1,False,9340,11/24/2021 8:00:00 PM,2000,281,1368,4313,San Jose,43,True,True,E,HIT OBJECT,,Wednesday,Yes,False,,,False,True,True,SANTA CLARA SUPERIOR COURT HALL OF JUSTICE,I,FIXED OBJECT,TREE- ROCK EMBANKMENT,0.0,0.0,CLEAR,, NO UNUSUAL CONDITIONS,, ,C,DARK-STREET LIGHTS,37.322609,-121.939985,,,,,A,NO PEDESTRIANS INVOLVED,11/24/2021 8:00:00 PM,A,VC 23152(a),True,1.0,I-280 N/B TO I-880 N/B,,,12/3/2021 12:00:00 AM,A,S,160.0,STEVENS CREEK BLVD,F,,D,12/3/2021 11:56:33 AM,12/3/2021 11:56:33 AM,False,True,4,,,,,,,
1642054,9340-2021-12714,1,False,9340,11/24/2021 5:00:00 PM,1700,230,1368,4313,San Jose,43,True,True,C,REAR END,,Wednesday,NotApplicable,False,,,False,True,False,SANTA CLARA SUPERIOR COURT HALL OF JUSTICE,C,OTHER MOTOR VEHICLE,,0.0,0.0,CLEAR,, NO UNUSUAL CONDITIONS,, ,B,DUSK-DAWN,37.418941,-121.962853,,,,,A,NO PEDESTRIANS INVOLVED,11/24/2021 5:00:00 PM,A,VC 22350,False,1.0,SR-237 E/B,,,12/3/2021 12:00:00 AM,A,W,980.0,FIRST STREET,F,,D,12/3/2021 9:44:48 AM,12/3/2021 9:44:48 AM,False,True,4,,,,,,,
1641874,9340-2021-12693,1,False,9340,11/23/2021 3:55:00 PM,1555,281,1368,4313,San Jose,43,True,True,C,REAR END,,Tuesday,NotApplicable,False,,,False,True,False,SANTA CLARA SUPERIOR COURT HALL OF JUSTICE,C,OTHER MOTOR VEHICLE,,0.0,0.0,CLEAR,, NO UNUSUAL CONDITIONS,, ,A,DAYLIGHT,37.31727,-121.936303,,,,,A,NO PEDESTRIANS INVOLVED,11/23/2021 3:55:00 PM,A,VC 22350,False,1.0,I-280 S/B,,,12/3/2021 12:00:00 AM,A,S,365.0,I-880 N/B,F,,D,12/3/2021 7:49:39 AM,12/3/2021 7:49:39 AM,False,True,4,,,,,,,
1641223,9340-2021-12707,1,False,9340,11/24/2021 12:58:00 PM,1258,281,1368,4313,San Jose,43,True,True,C,REAR END,,Wednesday,NotApplicable,False,,,False,True,True,SANTA CLARA SUPERIOR COURT HALL OF JUSTICE,C,OTHER MOTOR VEHICLE,,1.0,0.0,CLEAR,, NO UNUSUAL CONDITIONS,, ,A,DAYLIGHT,37.327856,-121.877676,,,,,A,NO PEDESTRIANS INVOLVED,11/24/2021 12:58:00 PM,A,VC 22350,False,1.0,I-280 N/B,,,12/2/2021 12:00:00 AM,A,N,500.0,7TH ST,F,,D,12/2/2021 3:13:13 PM,12/2/2021 3:13:13 PM,False,True,4,,,,,,,
1641221,9340-2021-12715,1,False,9340,11/24/2021 3:10:00 PM,1510,088,1368,4313,San Jose,43,True,True,C,REAR END,,Wednesday,No,False,,,False,True,True,SANTA CLARA SUPERIOR COURT DOWNTOWN SUPERIOR COURT,C,OTHER MOTOR VEHICLE,,0.0,0.0,CLEAR,, NO UNUSUAL CONDITIONS,, ,A,DAYLIGHT,37.336451,-121.9339,,,,,A,NO PEDESTRIANS INVOLVED,11/24/2021 3:10:00 PM,A,VC 22350,False,1.0,I-880 S/B,,,12/2/2021 12:00:00 AM,A,N,990.0,BASCOM AVE,F,,D,12/2/2021 3:11:59 PM,12/2/2021 3:11:59 PM,False,True,4,,,,,,,
1641210,9340-2021-12705,1,False,9340,11/24/2021 12:20:00 PM,1220,089,1368,4313,San Jose,43,True,True,C,REAR END,,Wednesday,NotApplicable,False,,,False,True,True,SANTA CLARA SUPERIOR COURT HALL OF JUSTICE,C,OTHER MOTOR VEHICLE,,0.0,0.0,CLEAR,, NO UNUSUAL CONDITIONS,, ,A,DAYLIGHT,37.382506,-121.904677,,,,,A,NO PEDESTRIANS INVOLVED,11/24/2021 12:20:00 PM,A,VC 22350,False,1.0,I-880 S/B,,,12/2/2021 12:00:00 AM,A,N,650.0,BROKAW ROAD,F,,D,12/2/2021 3:09:58 PM,12/2/2021 3:09:58 PM,False,True,4,,,,,,,
1641201,9340-2021-12704,1,False,9340,11/24/2021 6:00:00 AM,600,110,1368,4313,San Jose,43,True,True,B,SIDE SWIPE,,Wednesday,NotApplicable,False,M,,False,True,False,SANTA CLARA SUPERIOR COURT DOWNTOWN SUPERIOR COURT,C,OTHER MOTOR VEHICLE,,0.0,0.0,CLEAR,, NO UNUSUAL CONDITIONS,, ,A,DAYLIGHT,37.325347,-121.837992,,,,,A,NO PEDESTRIANS INVOLVED,11/24/2021 6:00:00 AM,A,VC 21658(A),False,1.0,US101 N/B,,,12/2/2021 12:00:00 AM,A,N,3000.0,TULLY RD,F,,D,12/2/2021 2:56:58 PM,12/2/2021 2:56:58 PM,False,True,4,,,,,,,
1641200,9340-2021-12686,1,False,9340,11/23/2021 12:30:00 AM,30,087,1368,4313,San Jose,43,True,True,C,REAR END,,Tuesday,Yes,False,,,False,True,True,SANTA CLARA SUPERIOR COURT HALL OF JUSTICE,C,OTHER MOTOR VEHICLE,,3.0,0.0,CLEAR,, NO UNUSUAL CONDITIONS,, ,D,DARK-NO STREET LIGHTS,37.31311,-121.88564,,,,,A,NO PEDESTRIANS INVOLVED,11/23/2021 12:30:00 AM,A,VC 23152(A),True,1.0,SR-87 N/B,,,12/2/2021 12:00:00 AM,A,N,830.0,ALMA AVE,F,,D,12/2/2021 2:54:39 PM,12/2/2021 2:54:39 PM,False,True,4,,,,,,,
1641183,9340-2021-12695,1,False,9340,11/23/2021 3:20:00 PM,1520,110,1368,4313,San Jose,43,True,True,C,REAR END,,Tuesday,NotApplicable,False,,,False,True,True,SANTA CLARA SUPERIOR COURT DOWNTOWN SUPERIOR COURT,C,OTHER MOTOR VEHICLE,,0.0,0.0,CLEAR,, NO UNUSUAL CONDITIONS,, ,A,DAYLIGHT,37.362442,-121.884593,,,,,A,NO PEDESTRIANS INVOLVED,11/23/2021 3:20:00 PM,A,VC 22350,False,1.0,US-101 N/B,,,12/2/2021 12:00:00 AM,A,S,300.0,OAKLAND ROAD,F,,D,12/2/2021 2:42:22 PM,12/2/2021 2:42:22 PM,False,True,4,,,,,,,
1641136,9340-2021-12706,1,False,9340,11/24/2021 9:20:00 AM,920,681,1368,4313,San Jose,43,True,True,B,SIDE SWIPE,,Wednesday,NotApplicable,False,,,False,True,False,SANTA CLARA SUPERIOR COURT HALL OF JUSTICE,C,OTHER MOTOR VEHICLE,,0.0,0.0,CLEAR,, NO UNUSUAL CONDITIONS,, ,A,DAYLIGHT,37.349852,-121.839692,,,,,A,NO PEDESTRIANS INVOLVED,11/24/2021 9:20:00 AM,D,,,,I-680 S/B,,,12/2/2021 12:00:00 AM,A,S,100.0,JACKSON AVE,F,,D,12/2/2021 2:15:14 PM,12/2/2021 2:15:14 PM,False,True,4,,,,,,,
1641134,9340-2021-12703,1,False,9340,11/23/2021 6:00:00 PM,1800,088,1368,4313,San Jose,43,True,True,C,REAR END,,Tuesday,NotApplicable,False,M,,False,True,False,SANTA CLARA SUPERIOR COURT DOWNTOWN SUPERIOR COURT,C,OTHER MOTOR VEHICLE,,0.0,0.0,CLEAR,, NO UNUSUAL CONDITIONS,, ,C,DARK-STREET LIGHTS,37.352186,-121.913351,,,,,A,NO PEDESTRIANS INVOLVED,11/23/2021 6:00:00 PM,A,VC 22350,False,2.0,I-880 N/B,,,12/2/2021 12:00:00 AM,A,S,200.0,SR-87,F,,D,12/2/2021 2:13:48 PM,12/2/2021 2:13:48 PM,False,True,4,,,,,,,
1641132,9340-2021-12701,1,False,9340,11/24/2021 12:45:00 AM,45,087,1368,4313,San Jose,43,True,True,E,HIT OBJECT,,Wednesday,NotApplicable,False,,,False,True,True,SANTA CLARA SUPERIOR COURT HALL OF JUSTICE,I,FIXED OBJECT,CONCRETE WALL,1.0,0.0,CLEAR,, NO UNUSUAL CONDITIONS,, ,D,DARK-NO STREET LIGHTS,37.344576,-121.901824,,,,,A,NO PEDESTRIANS INVOLVED,11/24/2021 12:45:00 AM,A,VC 23152(a),True,1.0,SR-87 N/B TO TAYLOR STREET,,,12/2/2021 12:00:00 AM,A,S,1048.0,TAYLOR ST,F,,D,12/2/2021 2:12:26 PM,12/2/2021 2:12:26 PM,False,True,4,,,,,,,
1641106,9340-2021-12700,1,False,9340,11/23/2021 7:15:00 PM,1915,089,1368,4313,San Jose,43,True,True,B,SIDE SWIPE,,Tuesday,NotApplicable,False,,,False,True,False,Santa Clara Superior Court Hall of Justice,C,OTHER MOTOR VEHICLE,,0.0,0.0,CLEAR,, NO UNUSUAL CONDITIONS,, ,C,DARK-STREET LIGHTS,37.363613,-121.902042,,,,,A,NO PEDESTRIANS INVOLVED,11/23/2021 7:15:00 PM,A,VC 21658(a),False,1.0,I-880 N/B,,,12/2/2021 12:00:00 AM,A,N,112.0,US-101,F,,D,12/2/2021 1:55:57 PM,12/2/2021 1:55:57 PM,False,True,4,,,,,,,
1641014,9340-2021-12696,1,False,9340,11/23/2021 5:00:00 PM,1700,282,1368,4313,San Jose,43,True,True,C,REAR END,,Tuesday,NotApplicable,False,,,False,True,True,SANTA CLARA SUPERIOR COURT HALL OF JUSTICE,C,OTHER MOTOR VEHICLE,,0.0,0.0,CLEAR,, NO UNUSUAL CONDITIONS,, ,C,DARK-STREET LIGHTS,37.309928,-121.999295,,,,,A,NO PEDESTRIANS INVOLVED,11/23/2021 5:00:00 PM,A,VC 22350,False,1.0,I-280 S/B,,,12/2/2021 12:00:00 AM,A,S,700.0,LAWRENCE EXPY,F,,D,12/2/2021 12:57:42 PM,12/2/2021 12:57:42 PM,False,True,4,,,,,,,
1640968,9340-2021-12690,1,False,9340,11/23/2021 2:00:00 PM,1400,230,1368,4313,San Jose,43,True,True,C,REAR END,,Tuesday,NotApplicable,False,,,False,True,True,SANTA CLARA SUPERIOR COURT HALL OF JUSTICE,C,OTHER MOTOR VEHICLE,,0.0,0.0,CLEAR,, NO UNUSUAL CONDITIONS,, ,A,DAYLIGHT,37.418955,-121.965322,,,,,A,NO PEDESTRIANS INVOLVED,11/23/2021 2:00:00 PM,A,VC 22350,False,1.0,SR-237 E/B,,,12/2/2021 12:00:00 AM,A,W,1700.0,NORTH FIRST ST. O/C,F,,D,12/2/2021 12:16:56 PM,12/2/2021 12:16:56 PM,False,True,4,,,,,,,
1640967,9340-2021-12689,1,False,9340,11/23/2021 1:20:00 PM,1320,120,1368,4313,San Jose,43,True,True,C,REAR END,,Tuesday,NotApplicable,False,,,False,True,True,Santa Clara Superior Court Hall of Justice,C,OTHER MOTOR VEHICLE,,0.0,0.0,CLEAR,, NO UNUSUAL CONDITIONS,, ,A,DAYLIGHT,37.363212,-121.891693,,,,,A,NO PEDESTRIANS INVOLVED,11/23/2021 1:20:00 PM,A,VC 22350,False,1.0,US-101 N/B,,,12/2/2021 12:00:00 AM,A,N,150.0,OAKLAND RD,F,,D,12/2/2021 12:13:34 PM,12/2/2021 12:13:34 PM,False,True,4,,,,,,,
1640953,9340-2021-12600,1,False,9340,11/18/2021 11:20:00 AM,1120,120,1368,4313,San Jose,43,True,True,B,SIDE SWIPE,,Thursday,NotApplicable,False,,,False,True,True,SANTA CLARA SUPERIOR COURT HALL OF JUSTICE,C,OTHER MOTOR VEHICLE,,1.0,0.0,CLOUDY,, NO UNUSUAL CONDITIONS,, ,A,DAYLIGHT,37.223207,-121.560709,,,,,A,NO PEDESTRIANS INVOLVED,11/18/2021 11:20:00 AM,A,VC 22107,False,1.0,US-101 N/B,,,12/2/2021 12:00:00 AM,A,N,1920.0,SR-87,F,,D,12/2/2021 12:04:28 PM,12/2/2021 12:04:28 PM,False,True,4,,,,,,,
1640779,9340-2021-12683,1,False,9340,11/22/2021 8:20:00 PM,2020,087,1368,4313,San Jose,43,True,True,E,HIT OBJECT,,Monday,NotApplicable,False,,,False,True,True,Santa Clara Superior Court Hall of Justice,I,FIXED OBJECT,CONCRETE CENTER MEDIAN,0.0,0.0,CLEAR,, NO UNUSUAL CONDITIONS,, ,C,DARK-STREET LIGHTS,37.306546,-121.880388,,,,,A,NO PEDESTRIANS INVOLVED,11/22/2021 8:20:00 PM,C,,,,SR-87 N/B,,,12/2/2021 12:00:00 AM,A,N,500.0,ALMADEN AVE,F,,D,12/2/2021 9:45:49 AM,12/2/2021 9:45:49 AM,False,True,4,,,,,,,
1640733,9340-2021-12684,1,False,9340,11/22/2021 5:20:00 PM,1720,281,1368,4313,San Jose,43,True,True,B,SIDE SWIPE,,Monday,NotApplicable,False,M,,False,True,False,SANTA CLARA SUPERIOR COURT HALL OF JUSTICE,C,OTHER MOTOR VEHICLE,,0.0,0.0,CLEAR,, NO UNUSUAL CONDITIONS,, ,D,DARK-NO STREET LIGHTS,37.326556,-121.881984,,,,,A,NO PEDESTRIANS INVOLVED,11/22/2021 5:20:00 PM,A,VC 21658(A),False,1.0,I-280 S/B,,,12/2/2021 12:00:00 AM,A,N,400.0,7TH STREET,F,,D,12/2/2021 9:23:38 AM,12/2/2021 9:23:38 AM,False,True,4,,,,,,,
1640674,9340-2021-12675,1,False,9340,11/22/2021 10:00:00 AM,1000,087,1368,4313,San Jose,43,True,True,C,REAR END,,Monday,Yes,False,,,False,True,True,SANTA CLARA SUPERIOR COURT DOWNTOWN SUPERIOR COURT,C,OTHER MOTOR VEHICLE,,2.0,0.0,CLEAR,, NO UNUSUAL CONDITIONS,, ,A,DAYLIGHT,37.30404,-121.878415,,,,,A,NO PEDESTRIANS INVOLVED,11/22/2021 10:00:00 AM,A,VC 22350,False,1.0,SR-87 N/B,,,12/2/2021 12:00:00 AM,A,N,838.0,ALMADEN EXPY,F,,D,12/2/2021 8:39:50 AM,12/2/2021 8:39:50 AM,False,True,4,,,,,,,
1640664,9340-2021-12670,1,False,9340,11/22/2021 5:38:00 AM,538,087,1368,4313,San Jose,43,True,True,C,REAR END,,Monday,NotApplicable,False,M,,False,True,True,SANTA CLARA SUPERIOR COURT DOWNTOWN SUPERIOR COURT,C,OTHER MOTOR VEHICLE,,0.0,0.0,CLEAR,, NO UNUSUAL CONDITIONS,, ,C,DARK-STREET LIGHTS,37.336617,-121.897354,,,,,A,NO PEDESTRIANS INVOLVED,11/22/2021 5:38:00 AM,A,VC 22350,False,1.0,I-280 S/B TO SR-87 N/B,,,12/2/2021 12:00:00 AM,A,N,1355.0,SANTA CLARA ST.,F,,D,12/2/2021 8:33:55 AM,12/2/2021 8:33:55 AM,False,True,4,,,,,,,
1640620,9340-2021-12668,1,False,9340,11/21/2021 11:40:00 PM,2340,088,1368,4313,San Jose,43,True,True,E,HIT OBJECT,,Sunday,NotApplicable,False,M,,False,True,True,SANTA CLARA SUPERIOR COURT HALL OF JUSTICE,I,FIXED OBJECT,GUARDRAIL,0.0,0.0,CLEAR,, NO UNUSUAL CONDITIONS,, ,C,DARK-STREET LIGHTS,37.316324,-121.940786,,,,,A,NO PEDESTRIANS INVOLVED,11/21/2021 11:40:00 PM,A,VC 22107,False,1.0,I-880 S/B TO I-280 S/B,,,12/2/2021 12:00:00 AM,A,N,60.0,MOORPARK AVE,F,,A,12/2/2021 7:46:36 AM,12/2/2021 7:46:36 AM,False,True,4,,,,,,,
1640609,9340-2021-12659,1,False,9340,11/21/2021 12:10:00 PM,1210,122,1368,4313,San Jose,43,True,True,C,REAR END,,Sunday,NotApplicable,False,,,False,True,False,Santa Clara Superior Court Hall of Justice,C,OTHER MOTOR VEHICLE,,0.0,0.0,CLEAR,, NO UNUSUAL CONDITIONS,, ,A,DAYLIGHT,37.256836,-121.859005,,,,,A,NO PEDESTRIANS INVOLVED,11/21/2021 12:10:00 PM,A,VC 22350,False,2.0,SR-87 S/B TO SANTA TERESA BLVD,,,12/2/2021 12:00:00 AM,A,N,380.0,SR-85,F,,A,12/2/2021 7:33:37 AM,12/2/2021 7:33:37 AM,False,True,4,,,,,,,
1640244,9340-2021-12632,1,False,9340,11/19/2021 1:40:00 PM,1340,110,1368,4313,San Jose,43,True,True,B,SIDE SWIPE,,Friday,NotApplicable,False,,,False,True,False,SANTA CLARA SUPERIOR COURT DOWNTOWN SUPERIOR COURT,C,OTHER MOTOR VEHICLE,,0.0,0.0,CLEAR,, NO UNUSUAL CONDITIONS,, ,A,DAYLIGHT,37.353215,-121.865029,,,,,A,NO PEDESTRIANS INVOLVED,11/19/2021 1:40:00 PM,A,VC 21658(A),False,1.0,US-101 S/B,,,12/1/2021 12:00:00 AM,A,S,300.0,MCKEE ROAD,F,,D,12/1/2021 8:47:59 PM,12/1/2021 8:47:59 PM,False,True,4,,,,,,,
1640228,9340-2021-12651,1,False,9340,11/20/2021 6:45:00 PM,1845,110,1368,4313,San Jose,43,True,True,E,HIT OBJECT,,Saturday,NotApplicable,False,M,,False,True,False,SANTA CLARA SUPERIOR COURT HALL OF JUSTICE,I,FIXED OBJECT,GUARDRAIL,0.0,0.0,CLEAR,, NO UNUSUAL CONDITIONS,, ,D,DARK-NO STREET LIGHTS,37.3323,-121.8445,,,,,A,NO PEDESTRIANS INVOLVED,11/20/2021 6:45:00 PM,A,VC 22107,False,1.0,US101 N/B,,,12/1/2021 12:00:00 AM,A,S,3000.0,STORY RD,F,,D,12/1/2021 7:32:25 PM,12/1/2021 7:32:25 PM,False,True,4,,,,,,,
1640226,9340-2021-12649,1,False,9340,11/20/2021 5:25:00 PM,1725,681,1368,4313,San Jose,43,True,True,C,REAR END,,Saturday,NotApplicable,False,,,False,True,True,SANTA CLARA SUPERIOR COURT HALL OF JUSTICE,C,OTHER MOTOR VEHICLE,,2.0,0.0,CLEAR,, NO UNUSUAL CONDITIONS,, ,A,DAYLIGHT,37.34787,-121.841002,,,,,A,NO PEDESTRIANS INVOLVED,11/20/2021 5:25:00 PM,A,VC 22350,False,1.0,I-680 S/B,,,12/1/2021 12:00:00 AM,A,N,2235.0,KING RED.,F,,D,12/1/2021 7:31:07 PM,12/1/2021 7:31:07 PM,False,True,4,,,,,,,
1640224,9340-2021-12647,1,False,9340,11/20/2021 4:09:00 PM,1609,681,1368,4313,San Jose,43,True,True,C,REAR END,,Saturday,NotApplicable,False,,,False,True,False,SANTA CLARA SUPERIOR COURT HALL OF JUSTICE,C,OTHER MOTOR VEHICLE,,0.0,0.0,CLEAR,, NO UNUSUAL CONDITIONS,, ,A,DAYLIGHT,37.360138,-121.841429,,,,,A,NO PEDESTRIANS INVOLVED,11/20/2021 4:09:00 PM,A,VC 22350,False,1.0,I-680,,,12/1/2021 12:00:00 AM,A,N,200.0,ALUM ROCK AVE,F,,D,12/1/2021 7:25:57 PM,12/1/2021 7:25:57 PM,False,True,4,,,,,,,
1640215,9340-2021-12576,1,False,9340,11/16/2021 6:30:00 PM,1830,110,1368,4313,San Jose,43,True,True,C,REAR END,,Tuesday,NotApplicable,False,,,False,True,False,SANTA CLARA SUPERIOR COURT HALL OF JUSTICE,C,OTHER MOTOR VEHICLE,,0.0,0.0,CLEAR,, NO UNUSUAL CONDITIONS,, ,D,DARK-NO STREET LIGHTS,37.30779,-121.82085,,,,,A,NO PEDESTRIANS INVOLVED,11/16/2021 6:30:00 PM,A,VC 22350,False,2.0,US-101,,,12/1/2021 12:00:00 AM,A,N,600.0,CAPITOL EXPY,F,,D,12/1/2021 6:36:24 PM,12/1/2021 6:36:24 PM,False,True,4,,,,,,,
1640143,9340-2021-12601,1,False,9340,11/18/2021 11:50:00 AM,1150,681,1368,4313,San Jose,43,True,True,C,REAR END,,Thursday,NotApplicable,False,,,False,True,True,SANTA CLARA SUPERIOR COURT HALL OF JUSTICE,C,OTHER MOTOR VEHICLE,,0.0,0.0,CLEAR,, NO UNUSUAL CONDITIONS,, ,A,DAYLIGHT,37.369081,-121.844483,,,,,A,NO PEDESTRIANS INVOLVED,11/18/2021 11:50:00 AM,A,VC 22350,False,1.0,N/B I-680 TO E/B MCKEE RD,,,12/1/2021 12:00:00 AM,A,S,500.0,MCKEE ROAD,F,,D,12/1/2021 4:20:49 PM,12/1/2021 4:20:49 PM,False,True,4,,,,,,,