Collision Id,	Report Number,	Report Version,	Is Preliminary,	NCIC Code,Crash Date Time,	Crash Time Description,	Beat,City Id,	City Code,	City Name,County Code,	City Is Active,	City Is Incorporated,	Collision Type Code,Collision Type Description,	Collision Type Other Desc,	Day Of Week,	DispatchNotified,	HasPhotographs,	HitRun,	IsAttachmentsMailed,	IsDeleted,	IsHighwayRelated,	IsTowAway,	JudicialDistrict,	MotorVehicleInvolvedWithCode,	MotorVehicleInvolvedWithDesc,MotorVehicleInvolvedWithOtherDesc,	NumberInjured,	NumberKilled,Weather 1, Weather 2, Road Condition 1, Road Condition 2, Special Condition,LightingCode, LightingDescription,Latitude,Longitude,MilepostDirection,MilepostDistance,MilepostMarker,MilepostUnitOfMeasure,	PedestrianActionCode,PedestrianActionDesc,PreparedDate,	Primary Collision Factor Code,Primary Collision Factor Violation,PrimaryCollisionFactorIsCited,	PrimaryCollisionPartyNumber,	PrimaryRoad,	ReportingDistrict,	ReportingDistrictCode,ReviewedDate,	RoadwaySurfaceCode,SecondaryDirection,	SecondaryDistance,	SecondaryRoad,	SecondaryUnitOfMeasure,	SketchDesc,	TrafficControlDeviceCode,CreatedDate,	ModifiedDate,IsCountyRoad,IsFreeway,CHP555Version,	IsAdditonalObjectStruck,NotificationDate,	NotificationTimeDescription,	HasDigitalMediaFiles,	EvidenceNumber,	IsLocationReferToNarrative,	IsAOIOneSameAsLocation
2731904,2021-210360830,2,False,4313,2/5/2021 8:45:00 PM,2045,K3,1368,4313,San Jose,43,True,True,A,HEAD-ON,,Friday,,,,,False,False,False,,C,OTHER MOTOR VEHICLE,,1.0,0.0,CLEAR,, NO UNUSUAL CONDITIONS - NO UNUSUAL CONDITIONS,, ,C,DARK-STREET LIGHTS,37.203791,-121.522762,,,,,A,NO PEDESTRIANS INVOLVED,,A,21801A,,1.0,E SANTA CLARA ST,CENTR,,,A,W,20.0,S 17TH ST,F,,A,7/26/2024 11:41:39 AM,1/29/2025 9:53:26 AM,,,2,,,,,,,
2731903,2021-210360691,2,False,4313,2/5/2021 6:14:00 PM,1814,ONE,1368,4313,San Jose,43,True,True,B,SIDE SWIPE,,Friday,,,,,False,False,True,,C,OTHER MOTOR VEHICLE,,3.0,0.0,CLEAR,, NO UNUSUAL CONDITIONS - NO UNUSUAL CONDITIONS,, ,C,DARK-STREET LIGHTS,,,,,,,A,NO PEDESTRIANS INVOLVED,,A,22350,,1.0,S 7TH ST,LINCO,,,A,,,E HUMBOLDT ST,,,D,7/26/2024 11:41:39 AM,1/29/2025 9:53:26 AM,,,2,,,,,,,
2731902,2021-210360662,2,False,4313,2/5/2021 11:11:00 PM,2311,X3,1368,4313,San Jose,43,True,True,D,BROADSIDE,,Friday,,,,,False,False,False,,E,PARKED MOTOR VEHICLE,,1.0,0.0,CLEAR,, NO UNUSUAL CONDITIONS - NO UNUSUAL CONDITIONS,, ,B,DUSK-DAWN,37.162543,-121.484016,,,,,A,NO PEDESTRIANS INVOLVED,,A,22106,,,GIRAUDO DR,XRAY,,,A,,,RENZO CT,,,D,7/26/2024 11:41:39 AM,1/29/2025 9:53:26 AM,,,2,,,,,,,
2731901,2021-210370519,2,False,4313,2/6/2021 3:45:00 PM,1545,P2,1368,4313,San Jose,43,True,True,D,BROADSIDE,,Saturday,,,,,False,False,True,,C,OTHER MOTOR VEHICLE,,1.0,0.0,CLEAR,, NO UNUSUAL CONDITIONS - NO UNUSUAL CONDITIONS,, ,A,DAYLIGHT,37.203378,-121.4825,,,,,A,NO PEDESTRIANS INVOLVED,,A,22450A,,,S WHITE RD,PAUL,,,A,,,SYLVAN DR,,,A,7/26/2024 11:41:39 AM,1/29/2025 9:53:26 AM,,,2,,,,,,,
2731900,2021-210360202,2,False,4313,2/5/2021 8:17:00 AM,817,K4,1368,4313,San Jose,43,True,True,A,HEAD-ON,,Friday,,,,,False,False,False,,G,BICYCLE,,1.0,0.0,CLEAR,, NO UNUSUAL CONDITIONS - NO UNUSUAL CONDITIONS,, ,A,DAYLIGHT,,,,,,,A,NO PEDESTRIANS INVOLVED,,A,22107,,,WEST CT,CENTR,,,A,,,E JULIAN ST,,,D,7/26/2024 11:41:39 AM,1/29/2025 9:53:26 AM,,,2,,,,,,,
2731899,2021-210350994,2,False,4313,2/4/2021 10:50:00 PM,2250,C1,1368,4313,San Jose,43,True,True,D,BROADSIDE,,Thursday,,,,,False,False,True,,C,OTHER MOTOR VEHICLE,,2.0,0.0,CLEAR,, NO UNUSUAL CONDITIONS - NO UNUSUAL CONDITIONS,, ,C,DARK-STREET LIGHTS,,,,,,,A,NO PEDESTRIANS INVOLVED,,D,,,,CAPITOL EXPWY,WESTE,,,A,,,STORY RD,,,A,7/26/2024 11:41:39 AM,1/29/2025 9:53:26 AM,,,2,,,,,,,
2731898,2021-210350936,2,False,4313,2/4/2021 9:32:00 PM,2132,1,1368,4313,San Jose,43,True,True,G,VEHICLE/PEDESTRAIN,,Thursday,,,,,False,False,False,,B,PEDESTRIAN,,1.0,0.0,CLEAR,, NO UNUSUAL CONDITIONS - NO UNUSUAL CONDITIONS,, ,C,DARK-STREET LIGHTS,37.183982,-121.55522,,,,,F,NOT IN ROAD,,A,22106,,1.0,S BASCOM AV,SAM,,,A,,,S BASCOM AV 898,,,D,7/26/2024 11:41:39 AM,1/29/2025 9:53:26 AM,,,2,,,,,,,
2731897,9221032,2,False,4313,2/2/2021 1:59:00 PM,1359,F3,1368,4313,San Jose,43,True,True,B,SIDE SWIPE,,Tuesday,,,,,False,False,True,,J,OTHER OBJECT,,1.0,0.0,CLEAR,, NO UNUSUAL CONDITIONS - NO UNUSUAL CONDITIONS,, ,A,DAYLIGHT,37.202681,-121.55228,,,,,A,NO PEDESTRIANS INVOLVED,,A,21806A,,1.0,THE ALAMEDA,WESTE,,,A,W,16.0,W HEDDING ST,F,,A,7/26/2024 11:41:39 AM,1/29/2025 9:53:26 AM,,,2,,,,,,,
2731896,2021-210330556,2,False,4313,2/2/2021 3:13:00 PM,1513,R1,1368,4313,San Jose,43,True,True,D,BROADSIDE,,Tuesday,,,,,False,False,True,,C,OTHER MOTOR VEHICLE,,1.0,0.0,CLEAR,, NO UNUSUAL CONDITIONS - NO UNUSUAL CONDITIONS,, ,A,DAYLIGHT,37.235321,-121.544639,,,,,A,NO PEDESTRIANS INVOLVED,,A,21801,,1.0,MONTAGUE EX,CENTR,,,A,,,OTOOLE AV,,,D,7/26/2024 11:41:39 AM,1/29/2025 9:53:26 AM,,,2,,,,,,,
2731895,2021-210360607,2,False,4313,2/5/2021 4:53:00 PM,1653,3,1368,4313,San Jose,43,True,True,G,VEHICLE/PEDESTRAIN,,Friday,,,F,,False,False,False,,B,PEDESTRIAN,,2.0,0.0,CLEAR,, NO UNUSUAL CONDITIONS - NO UNUSUAL CONDITIONS,, ,A,DAYLIGHT,,,,,,,D,CROSSING - NOT IN CROSSWALK,,A,22450,,1.0,WOODHAVEN DR,WILLI,,,A,,,S WHITE RD,,,A,7/26/2024 11:41:39 AM,1/29/2025 9:53:26 AM,,,2,,,,,,,
2731894,2021210370034,2,False,4313,2/6/2021 12:53:00 AM,53,W4,1368,4313,San Jose,43,True,True,G,VEHICLE/PEDESTRAIN,,Saturday,,,F,,False,False,False,,B,PEDESTRIAN,,1.0,0.0,CLEAR,, NO UNUSUAL CONDITIONS - NO UNUSUAL CONDITIONS,, ,C,DARK-STREET LIGHTS,,,,,,,E,IN ROAD - INCLUDES SHOULDER,,A,22107,,1.0,MC KEE RD,FOOTH,,,A,,,N WHITE RD,,,A,7/26/2024 11:41:38 AM,1/29/2025 9:53:26 AM,,,2,,,,,,,
2731893,2021-210370717,2,False,4313,2/6/2021 7:36:00 PM,1936,E4,1368,4313,San Jose,43,True,True,G,VEHICLE/PEDESTRAIN,,Saturday,,,F,,False,False,False,,B,PEDESTRIAN,,1.0,0.0,CLEAR,, NO UNUSUAL CONDITIONS - NO UNUSUAL CONDITIONS,, ,C,DARK-STREET LIGHTS,,,,,,,D,CROSSING - NOT IN CROSSWALK,,A,22350A,,1.0,S 14TH ST,DE,,,A,,,E REED ST,,,A,7/26/2024 11:41:38 AM,1/29/2025 9:53:25 AM,,,2,,,,,,,
2731892,2021-210380519,2,False,4313,2/7/2021 4:00:00 PM,1600,3,1368,4313,San Jose,43,True,True,A,HEAD-ON,,Sunday,,,,,False,False,True,,I,FIXED OBJECT,,1.0,0.0,CLEAR,, NO UNUSUAL CONDITIONS - NO UNUSUAL CONDITIONS,, ,A,DAYLIGHT,,,,,,,A,NO PEDESTRIANS INVOLVED,,D,22107,,1.0,HICKS AV,TOM,,,A,,,CURTNER AV,,,D,7/26/2024 11:41:38 AM,1/29/2025 9:53:25 AM,,,2,,,,,,,
2731891,2021-210380229,2,False,4313,2/7/2021 9:42:00 AM,942,F1,1368,4313,San Jose,43,True,True,D,BROADSIDE,,Sunday,,,,,False,False,True,,C,OTHER MOTOR VEHICLE,,1.0,0.0,CLEAR,, NO UNUSUAL CONDITIONS - NO UNUSUAL CONDITIONS,, ,A,DAYLIGHT,,,,,,,A,NO PEDESTRIANS INVOLVED,,A,21453A,,1.0,TISCH WY,WESTE,,,A,,,S WINSCHESTER BL,,,A,7/26/2024 11:41:38 AM,1/29/2025 9:53:25 AM,,,2,,,,,,,
2731890,2021-210370103,2,False,4313,2/6/2021 3:23:00 AM,323,S6,1368,4313,San Jose,43,True,True,A,HEAD-ON,,Saturday,,,,,False,False,True,,I,FIXED OBJECT,,1.0,0.0,CLEAR,, NO UNUSUAL CONDITIONS - NO UNUSUAL CONDITIONS,, ,C,DARK-STREET LIGHTS,37.183972,-121.52537,,,,,A,NO PEDESTRIANS INVOLVED,,A,22107,,,LICK AV,WESTE,,,A,S,3.0,W ALAMA AV,F,,A,7/26/2024 11:41:38 AM,1/29/2025 9:53:25 AM,,,2,,,,,,,
2731889,2021-210330348,2,False,4313,2/2/2021 11:39:00 AM,1139,P6,1368,4313,San Jose,43,True,True,E,HIT OBJECT,,Tuesday,,,,,False,False,False,,I,FIXED OBJECT,,1.0,0.0,CLEAR,CLOUDY, NO UNUSUAL CONDITIONS - NO UNUSUAL CONDITIONS,, ,A,DAYLIGHT,,,,,,,A,NO PEDESTRIANS INVOLVED,,A,22350,,1.0,THE VILLAGES FAIRWAY DR,FOOTH,,,B,S,288.0,LAKE GARDA DR ,F,,D,7/26/2024 11:41:38 AM,1/29/2025 9:53:25 AM,,,2,,,,,,,
2731888,2021-210360538,2,False,4313,2/5/2021 4:32:00 PM,1632,2,1368,4313,San Jose,43,True,True,D,BROADSIDE,,Friday,,,,,False,False,True,,C,OTHER MOTOR VEHICLE,,2.0,0.0,CLEAR,, NO UNUSUAL CONDITIONS - NO UNUSUAL CONDITIONS,, ,A,DAYLIGHT,,,,,,,A,NO PEDESTRIANS INVOLVED,,A,22450A,,1.0,PEPPERMINT DR,PAUL,,,A,,,TAFFY DR,,,D,7/26/2024 11:41:38 AM,1/29/2025 9:53:25 AM,,,2,,,,,,,
2731887,2021-210350895,2,False,4313,2/4/2021 8:36:00 PM,2036,LG,1368,4313,San Jose,43,True,True,D,BROADSIDE,,Thursday,,,,,False,False,True,,C,OTHER MOTOR VEHICLE,,1.0,0.0,CLEAR,, NO UNUSUAL CONDITIONS - NO UNUSUAL CONDITIONS,, ,C,DARK-STREET LIGHTS,,,,,,,A,NO PEDESTRIANS INVOLVED,,A,22450A,,1.0,MCLAUGHLIN AV,LINCO,,,A,,,LOUPE AV,,,A,7/26/2024 11:41:38 AM,1/29/2025 9:53:25 AM,,,2,,,,,,,
2731886,2021-210350391,2,False,4313,2/4/2021 12:21:00 PM,1221,5,1368,4313,San Jose,43,True,True,H,OTHER,,Thursday,,,,,False,False,False,,G,BICYCLE,,1.0,0.0,CLEAR,, NO UNUSUAL CONDITIONS - NO UNUSUAL CONDITIONS,, ,A,DAYLIGHT,,,,,,,,,,A,21453A,,1.0,SENTER RD ,LINCO,,,A,,,LEWIS RD,,,A,7/26/2024 11:41:38 AM,1/29/2025 9:53:25 AM,,,2,,,,,,,
2731885,2021-210360685,2,False,4313,2/5/2021 6:10:00 PM,1810,,1368,4313,San Jose,43,True,True,C,REAR END,,Friday,,,,,False,False,True,,C,OTHER MOTOR VEHICLE,,3.0,0.0,CLEAR,, NO UNUSUAL CONDITIONS - NO UNUSUAL CONDITIONS,, ,C,DARK-STREET LIGHTS,,,,,,,B,CROSSING IN CROSS WALK AT INTERSECTION,,A,22350,,,BRANHAM LN,X1,,,A,,,HOLYCON CL,,,D,7/26/2024 11:41:37 AM,1/29/2025 9:53:25 AM,,,2,,,,,,,
2731884,2021-210320816,2,False,4313,2/1/2021 6:06:00 PM,1806,X4,1368,4313,San Jose,43,True,True,A,HEAD-ON,,Monday,,,,,False,False,False,,B,PEDESTRIAN,,1.0,0.0,,, NO UNUSUAL CONDITIONS - NO UNUSUAL CONDITIONS,, ,C,DARK-STREET LIGHTS,37.15467,-121.495087,,,,,D,CROSSING - NOT IN CROSSWALK,,A,21955,,,BLOSSOM HILL RD,SOUTH,,,A,,,SNELL AV,,,D,7/26/2024 11:41:37 AM,1/29/2025 9:53:25 AM,,,2,,,,,,,
2731883,2021-210320543,2,False,4313,2/1/2021 1:30:00 PM,1330,K2,1368,4313,San Jose,43,True,True,G,VEHICLE/PEDESTRAIN,,Monday,,,,,False,False,False,,G,BICYCLE,,1.0,0.0,CLEAR,, NO UNUSUAL CONDITIONS - NO UNUSUAL CONDITIONS,, ,A,DAYLIGHT,37.201565,-121.53145,,,,,B,CROSSING IN CROSS WALK AT INTERSECTION,,A,21453A,,1.0,S 4TH ST,DK,,,A,,,E SANTA CLARA ST,,,A,7/26/2024 11:41:37 AM,1/29/2025 9:53:25 AM,,,2,,,,,,,
2731881,2021-210370272,2,False,4313,2/6/2021 10:01:00 AM,1001,F5,1368,4313,San Jose,43,True,True,B,SIDE SWIPE,,Saturday,,,,,False,False,False,,G,BICYCLE,,1.0,0.0,CLEAR,, NO UNUSUAL CONDITIONS - NO UNUSUAL CONDITIONS,, ,A,DAYLIGHT,37.1911,-121.543997,,,,,E,IN ROAD - INCLUDES SHOULDER,,A,21453A,,,RACE ST,WESTE,,,A,,,SADDLE RACK ST,,,A,7/26/2024 11:41:37 AM,1/29/2025 9:53:25 AM,,,2,,,,,,,
2731880,2021-210360543,2,False,4313,2/5/2021 3:38:00 PM,1538,1,1368,4313,San Jose,43,True,True,C,REAR END,,Friday,,,,,False,False,True,,C,OTHER MOTOR VEHICLE,,4.0,0.0,CLEAR,, NO UNUSUAL CONDITIONS - NO UNUSUAL CONDITIONS,, ,A,DAYLIGHT,,,,,,,A,NO PEDESTRIANS INVOLVED,,A,22350,,1.0,SANTA TERESA BL,YELLO,,,A,E,112.0,CHESBRO AV,F,,A,7/26/2024 11:41:37 AM,1/29/2025 9:53:25 AM,,,2,,,,,,,
2731879,2021-210360926,2,False,4313,2/6/2021 12:52:00 AM,52,W4,1368,4313,San Jose,43,True,True,A,HEAD-ON,,Saturday,,,,,False,False,True,,,,,2.0,0.0,CLEAR,, NO UNUSUAL CONDITIONS - NO UNUSUAL CONDITIONS,, ,C,DARK-STREET LIGHTS,,,,,,,A,NO PEDESTRIANS INVOLVED,,A,22107,,1.0,MCKEE RD,WILLI,,,A,,,MCKEE 2811,,,D,7/26/2024 11:41:37 AM,1/29/2025 9:53:25 AM,,,2,,,,,,,
2731878,2021-210350802,2,False,4313,2/4/2021 6:38:00 PM,1838,3,1368,4313,San Jose,43,True,True,A,HEAD-ON,,Thursday,,,,,False,False,False,,C,OTHER MOTOR VEHICLE,,1.0,0.0,CLEAR,, NO UNUSUAL CONDITIONS - NO UNUSUAL CONDITIONS,, ,C,DARK-STREET LIGHTS,,,,,,,A,NO PEDESTRIANS INVOLVED,,A,21453A,,1.0,BIRD AV,SAM,,,A,,,RT 280,,,A,7/26/2024 11:41:37 AM,1/29/2025 9:53:24 AM,,,2,,,,,,,
2731877,2021-210360059,2,False,4313,2/5/2021 1:56:00 AM,156,L4,1368,4313,San Jose,43,True,True,C,REAR END,,Friday,,,F,,False,False,True,,C,OTHER MOTOR VEHICLE,,1.0,0.0,CLEAR,, NO UNUSUAL CONDITIONS - NO UNUSUAL CONDITIONS,, ,C,DARK-STREET LIGHTS,,,,,,,A,NO PEDESTRIANS INVOLVED,,A,22350,,1.0,MONTEREY RD,WESTE,,,A,S,600.0,OLD TULLY RD,F,,D,7/26/2024 11:41:37 AM,1/29/2025 9:53:24 AM,,,2,,,,,,,
2731875,2021-210350770,2,False,4313,2/4/2021 6:05:00 PM,1805,ONE,1368,4313,San Jose,43,True,True,B,SIDE SWIPE,,Thursday,,,F,,False,False,False,,C,OTHER MOTOR VEHICLE,,1.0,0.0,CLEAR,, NO UNUSUAL CONDITIONS - NO UNUSUAL CONDITIONS,, ,B,DUSK-DAWN,,,,,,,A,NO PEDESTRIANS INVOLVED,,A,22107,,1.0,KEYES ST,LINCO,,,A,,,S 10TH ST,,,A,7/26/2024 11:41:37 AM,1/29/2025 9:53:24 AM,,,2,,,,,,,
2731105,2021-210290297,2,False,4313,1/29/2021 10:24:00 AM,1024,T3,1368,4313,San Jose,43,True,True,B,SIDE SWIPE,,Friday,,,,,False,False,True,,C,OTHER MOTOR VEHICLE,,3.0,0.0,CLEAR,, NO UNUSUAL CONDITIONS - NO UNUSUAL CONDITIONS,, ,A,DAYLIGHT,,,,,,,A,NO PEDESTRIANS INVOLVED,,A,22350,,1.0,CURTNER AV,TOM,,,A,,,CHERRY AV,,,A,7/26/2024 11:40:29 AM,1/29/2025 9:52:38 AM,,,2,,,,,,,
2731103,2021-210290204,2,False,4313,1/29/2021 8:13:00 AM,813,R4,1368,4313,San Jose,43,True,True,D,BROADSIDE,,Friday,,,,,False,False,False,,C,OTHER MOTOR VEHICLE,,1.0,0.0,CLEAR,, NO UNUSUAL CONDITIONS - NO UNUSUAL CONDITIONS,, ,A,DAYLIGHT,,,,,,,A,NO PEDESTRIANS INVOLVED,,A,21800D,,1.0,OAKLAND RD,ROBER,,,A,,,CORIE CT,,,B,7/26/2024 11:40:29 AM,1/29/2025 9:52:38 AM,,,2,,,,,,,
2731102,2021-210290198,2,False,4313,1/29/2021 8:06:00 AM,806,K3,1368,4313,San Jose,43,True,True,D,BROADSIDE,,Friday,,,,,False,False,True,,C,OTHER MOTOR VEHICLE,,1.0,0.0,CLOUDY,, NO UNUSUAL CONDITIONS - NO UNUSUAL CONDITIONS,, ,A,DAYLIGHT,,,,,,,A,NO PEDESTRIANS INVOLVED,,A,21453A,,1.0,E SANTA CLARA ST,KING,,,B,,,N 13TH ST,,,A,7/26/2024 11:40:28 AM,1/29/2025 9:52:38 AM,,,2,,,,,,,
2731101,2021-210290054,2,False,4313,1/29/2021 1:47:00 AM,147,M4,1368,4313,San Jose,43,True,True,D,BROADSIDE,,Friday,,,,,False,False,True,,D,MOTOR VEHICLE ON OTHER ROADWAY,,2.0,0.0,CLOUDY,, CONSTRUCTION-REPAIR ZONE - CONSTRUCTION-REPAIR ZONE,, ,E,DARK-STREET LIGHTS NOT FUNCTIONING*,,,,,,,A,NO PEDESTRIANS INVOLVED,,A,21800D,,,ALUM ROCK AV,DM,,,B,,,JACKSON AV,,,B,7/26/2024 11:40:28 AM,1/29/2025 9:52:38 AM,,,2,,,,,,,
2731100,2021-210260173,2,False,4313,1/26/2021 8:32:00 AM,832,1,1368,4313,San Jose,43,True,True,D,BROADSIDE,,Tuesday,,,,,False,False,True,,C,OTHER MOTOR VEHICLE,,1.0,0.0,CLEAR,, NO UNUSUAL CONDITIONS - NO UNUSUAL CONDITIONS,, ,A,DAYLIGHT,,,,,,,A,NO PEDESTRIANS INVOLVED,,A,21451A,,1.0,7TH ST,LINCO,,,A,,,PHELAN AV,,,,7/26/2024 11:40:28 AM,1/29/2025 9:52:38 AM,,,2,,,,,,,
2731099,2021-210250446,2,False,4313,1/25/2021 12:39:00 PM,1239,C1,1368,4313,San Jose,43,True,True,D,BROADSIDE,,Monday,,,,,False,False,True,,C,OTHER MOTOR VEHICLE,,2.0,0.0,CLEAR,, NO UNUSUAL CONDITIONS - NO UNUSUAL CONDITIONS,, ,A,DAYLIGHT,,,,,,,A,NO PEDESTRIANS INVOLVED,,A,21453,,1.0,LIDO WY,CHARL,,,A,,,S KING RD,,,A,7/26/2024 11:40:28 AM,1/29/2025 9:52:38 AM,,,2,,,,,,,
2731098,2021-210240613,2,False,4313,1/24/2021 6:07:00 PM,1807,P2,1368,4313,San Jose,43,True,True,B,SIDE SWIPE,,Sunday,,,,,False,False,True,,C,OTHER MOTOR VEHICLE,,1.0,0.0,RAINING,, NO UNUSUAL CONDITIONS - NO UNUSUAL CONDITIONS,, ,C,DARK-STREET LIGHTS,37.194965,-121.475587,,,,,A,NO PEDESTRIANS INVOLVED,,A,21658,,1.0,S WHITE RD,PAUL,,,B,,,GLEN DONEGEL DR,,,A,7/26/2024 11:40:28 AM,1/29/2025 9:52:37 AM,,,2,,,,,,,
2731097,2021-210240629,2,False,4313,1/24/2021 6:30:00 PM,1830,M1,1368,4313,San Jose,43,True,True,E,HIT OBJECT,,Sunday,,,,,False,False,True,,I,FIXED OBJECT,,1.0,0.0,RAINING,, NO UNUSUAL CONDITIONS - NO UNUSUAL CONDITIONS,, ,C,DARK-STREET LIGHTS,,,,,,,A,NO PEDESTRIANS INVOLVED,,A,22350A,,1.0,MCKEE RD,FOOTH,,,B,,,N JACKSON AV,,,D,7/26/2024 11:40:28 AM,1/29/2025 9:52:37 AM,,,2,,,,,,,
2731096,2021-210250481,2,False,4313,1/25/2021 1:18:00 PM,1318,K5,1368,4313,San Jose,43,True,True,C,REAR END,,Monday,,,,,False,False,True,,C,OTHER MOTOR VEHICLE,,1.0,0.0,CLEAR,, NO UNUSUAL CONDITIONS - NO UNUSUAL CONDITIONS,, ,A,DAYLIGHT,,,,,,,A,NO PEDESTRIANS INVOLVED,,A,21703,,1.0,E WILLIAM ST,DE,,,A,,,S 18TH ST,,,A,7/26/2024 11:40:28 AM,1/29/2025 9:52:37 AM,,,2,,,,,,,
2731095,2021-210240441,2,False,4313,1/24/2021 2:30:00 PM,1430,C6,1368,4313,San Jose,43,True,True,A,HEAD-ON,,Sunday,,,,,False,False,True,,I,FIXED OBJECT,,1.0,0.0,RAINING,, NO UNUSUAL CONDITIONS - NO UNUSUAL CONDITIONS,, ,A,DAYLIGHT,,,,,,,A,NO PEDESTRIANS INVOLVED,,A,22350,,1.0,STORY RD,CHARL,,,B,,,STORY RD 3527,,,D,7/26/2024 11:40:28 AM,1/29/2025 9:52:37 AM,,,2,,,,,,,
2731094,2021-210230652,2,False,4313,1/23/2021 5:53:00 PM,1753,C2,1368,4313,San Jose,43,True,True,G,VEHICLE/PEDESTRAIN,,Saturday,,,F,,False,False,False,,B,PEDESTRIAN,,1.0,0.0,CLEAR,, NO UNUSUAL CONDITIONS - NO UNUSUAL CONDITIONS,, ,C,DARK-STREET LIGHTS,37.2023,-121.503119,,,,,D,CROSSING - NOT IN CROSSWALK,,A,22350,,1.0,PRIMM AV,FOOTH,,,A,,,FOLEY AV,,,D,7/26/2024 11:40:28 AM,1/29/2025 9:52:37 AM,,,2,,,,,,,
2731093,2021-210240460,2,False,4313,1/24/2021 2:47:00 PM,1447,C1,1368,4313,San Jose,43,True,True,G,VEHICLE/PEDESTRAIN,,Sunday,,,F,,False,False,False,,B,PEDESTRIAN,,1.0,0.0,CLOUDY,, NO UNUSUAL CONDITIONS - NO UNUSUAL CONDITIONS,, ,A,DAYLIGHT,37.20372,-121.501509,,,,,F,NOT IN ROAD,,A,23104A,,1.0,STORY RD,CHARL,,,B,,,HOPKINS DR,,,A,7/26/2024 11:40:28 AM,1/29/2025 9:52:37 AM,,,2,,,,,,,
2731092,2021-210240174,2,False,4313,1/24/2021 6:40:00 AM,640,4,1368,4313,San Jose,43,True,True,A,HEAD-ON,,Sunday,,,,,False,False,False,,E,PARKED MOTOR VEHICLE,,1.0,0.0,CLOUDY,, NO UNUSUAL CONDITIONS - NO UNUSUAL CONDITIONS,, ,B,DUSK-DAWN,,,,,,,A,NO PEDESTRIANS INVOLVED,,A,21651B,,1.0,S 24TH ST,KING,,,A,S,87.0,SHORTRIDGE DR,F,,D,7/26/2024 11:40:28 AM,1/29/2025 9:52:37 AM,,,2,,,,,,,
2731091,2021-210250193,2,False,4313,1/25/2021 7:57:00 AM,757,V3,1368,4313,San Jose,43,True,True,A,HEAD-ON,,Monday,,,F,,False,False,True,,C,OTHER MOTOR VEHICLE,,1.0,0.0,CLEAR,, NO UNUSUAL CONDITIONS - NO UNUSUAL CONDITIONS,, ,A,DAYLIGHT,37.204448,-121.532034,,,,,A,NO PEDESTRIANS INVOLVED,,A,22450A,,1.0,N 7TH ST,VICTO,,,A,,,WASHINGTON ST,,,A,7/26/2024 11:40:28 AM,1/29/2025 9:52:37 AM,,,2,,,,,,,
2731090,2021-210230197,2,False,4313,1/23/2021 7:45:00 AM,745,2,1368,4313,San Jose,43,True,True,D,BROADSIDE,,Saturday,,,,,False,False,True,,C,OTHER MOTOR VEHICLE,,1.0,0.0,CLEAR,, NO UNUSUAL CONDITIONS - NO UNUSUAL CONDITIONS,, ,A,DAYLIGHT,37.224354,-121.51674,,,,,A,NO PEDESTRIANS INVOLVED,,D,,,,MABURY RD,WILLI,,,A,,,N CAPITOL AV,,,A,7/26/2024 11:40:27 AM,1/29/2025 9:52:37 AM,,,2,,,,,,,
2731089,2021-210230584,2,False,4313,1/23/2021 4:57:00 PM,1657,L1,1368,4313,San Jose,43,True,True,C,REAR END,,Saturday,,,,,False,False,False,,C,OTHER MOTOR VEHICLE,,1.0,0.0,CLEAR,, NO UNUSUAL CONDITIONS - NO UNUSUAL CONDITIONS,, ,A,DAYLIGHT,37.192541,-121.52112,,,,,A,NO PEDESTRIANS INVOLVED,,A,22350,,1.0,KEYES ST,LINCO,,,A,E,51.0,9TH ST,F,,,7/26/2024 11:40:27 AM,1/29/2025 9:52:37 AM,,,2,,,,,,,
2731088,2021-210240129,2,False,4313,1/24/2021 4:00:00 AM,400,M2,1368,4313,San Jose,43,True,True,B,SIDE SWIPE,,Sunday,,,,,False,False,True,,I,FIXED OBJECT,,2.0,0.0,CLEAR,, NO UNUSUAL CONDITIONS - NO UNUSUAL CONDITIONS,, ,C,DARK-STREET LIGHTS,37.213649,-121.512758,,,,,A,NO PEDESTRIANS INVOLVED,,A,22350,,1.0,MCKEE RD,FOOTH,,,A,,,CHECKERS DR,,,A,7/26/2024 11:40:27 AM,1/29/2025 9:52:37 AM,,,2,,,,,,,
2731085,2021-210230800,2,False,4313,1/23/2021 8:48:00 PM,2048,1,1368,4313,San Jose,43,True,True,C,REAR END,,Saturday,,,,,False,False,True,,E,PARKED MOTOR VEHICLE,,1.0,0.0,CLOUDY,, NO UNUSUAL CONDITIONS - NO UNUSUAL CONDITIONS,, ,C,DARK-STREET LIGHTS,,,,,,,A,NO PEDESTRIANS INVOLVED,,A,22350,,1.0,COLEMAN AV,V,,,A,,,ASBURY ST,,,D,7/26/2024 11:40:27 AM,1/29/2025 9:52:37 AM,,,2,,,,,,,
2731060,2021-210270655,2,False,4313,1/27/2021 5:25:00 PM,1725,X1,1368,4313,San Jose,43,True,True,A,HEAD-ON,,Wednesday,,,,,False,False,True,,I,FIXED OBJECT,,2.0,0.0,RAINING,, NO UNUSUAL CONDITIONS - NO UNUSUAL CONDITIONS,, ,C,DARK-STREET LIGHTS,,,,,,,A,NO PEDESTRIANS INVOLVED,,A,22107,,1.0,CAPITAL EXPWY,SOUTH,,,B,,,SNELL AV,,,A,7/26/2024 11:40:25 AM,1/29/2025 9:52:35 AM,,,2,,,,,,,
2731059,2021-210260496,2,False,4313,1/26/2021 3:10:00 PM,1510,K5,1368,4313,San Jose,43,True,True,D,BROADSIDE,,Tuesday,,,,,False,False,True,,C,OTHER MOTOR VEHICLE,,2.0,0.0,RAINING,, NO UNUSUAL CONDITIONS - NO UNUSUAL CONDITIONS,, ,A,DAYLIGHT,,,,,,,A,NO PEDESTRIANS INVOLVED,,A,21802A,,1.0,E SAN FERNANDO ST,CENTR,,,B,,,S 21ST ST,,,A,7/26/2024 11:40:25 AM,1/29/2025 9:52:35 AM,,,2,,,,,,,