Collision Id,	Report Number,	Report Version,	Is Preliminary,	NCIC Code,Crash Date Time,	Crash Time Description,	Beat,City Id,	City Code,	City Name,County Code,	City Is Active,	City Is Incorporated,	Collision Type Code,Collision Type Description,	Collision Type Other Desc,	Day Of Week,	DispatchNotified,	HasPhotographs,	HitRun,	IsAttachmentsMailed,	IsDeleted,	IsHighwayRelated,	IsTowAway,	JudicialDistrict,	MotorVehicleInvolvedWithCode,	MotorVehicleInvolvedWithDesc,MotorVehicleInvolvedWithOtherDesc,	NumberInjured,	NumberKilled,Weather 1, Weather 2, Road Condition 1, Road Condition 2, Special Condition,LightingCode, LightingDescription,Latitude,Longitude,MilepostDirection,MilepostDistance,MilepostMarker,MilepostUnitOfMeasure,	PedestrianActionCode,PedestrianActionDesc,PreparedDate,	Primary Collision Factor Code,Primary Collision Factor Violation,PrimaryCollisionFactorIsCited,	PrimaryCollisionPartyNumber,	PrimaryRoad,	ReportingDistrict,	ReportingDistrictCode,ReviewedDate,	RoadwaySurfaceCode,SecondaryDirection,	SecondaryDistance,	SecondaryRoad,	SecondaryUnitOfMeasure,	SketchDesc,	TrafficControlDeviceCode,CreatedDate,	ModifiedDate,IsCountyRoad,IsFreeway,CHP555Version,	IsAdditonalObjectStruck,NotificationDate,	NotificationTimeDescription,	HasDigitalMediaFiles,	EvidenceNumber,	IsLocationReferToNarrative,	IsAOIOneSameAsLocation
2733377,2021-210190268,2,False,4313,1/19/2021 9:14:00 AM,914,2,1368,4313,San Jose,43,True,True,,,,Tuesday,,,,,False,False,True,,C,OTHER MOTOR VEHICLE,,1.0,0.0,CLEAR,, ,, ,A,DAYLIGHT,37.192298,-121.594678,,,,,A,NO PEDESTRIANS INVOLVED,,A,21453,,1.0,STEVENS CREEK BL,NORA,,,A,,,LAWRENCE EXPWY,,,A,7/26/2024 11:43:51 AM,1/29/2025 9:54:56 AM,,,2,,,,,,,
2733376,2021-210150399,2,False,4313,1/15/2021 12:24:00 PM,1224,R3,1368,4313,San Jose,43,True,True,D,BROADSIDE,,Friday,,,,,False,False,False,,C,OTHER MOTOR VEHICLE,,2.0,0.0,CLEAR,, ,, ,A,DAYLIGHT,,,,,,,A,NO PEDESTRIANS INVOLVED,,A,21800,,1.0,TECHNOLOGY DR,ROBER,,,A,,,AIRPORT PKWY,,,A,7/26/2024 11:43:51 AM,1/29/2025 9:54:56 AM,,,2,,,,,,,
2733375,2021-210190230,2,False,4313,1/19/2021 8:29:00 AM,829,T3,1368,4313,San Jose,43,True,True,C,REAR END,,Tuesday,,,,,False,False,True,,C,OTHER MOTOR VEHICLE,,1.0,0.0,CLEAR,, NO UNUSUAL CONDITIONS - NO UNUSUAL CONDITIONS,, ,A,DAYLIGHT,37.152719,-121.535936,,,,,A,NO PEDESTRIANS INVOLVED,,A,22350,,1.0,MERIDIAN AV,TOM,,,A,,,CORTE DE PONS,,,A,7/26/2024 11:43:51 AM,1/29/2025 9:54:56 AM,,,2,,,,,,,
2733374,2021-210150398,2,False,4313,1/15/2021 12:23:00 PM,1223,3,1368,4313,San Jose,43,True,True,D,BROADSIDE,,Friday,,,,,False,False,True,,C,OTHER MOTOR VEHICLE,,1.0,0.0,CLEAR,, NO UNUSUAL CONDITIONS - NO UNUSUAL CONDITIONS,, ,A,DAYLIGHT,,,,,,,A,NO PEDESTRIANS INVOLVED,,A,21453C,,1.0,COTTLE RD,YELLO,,,A,,,BESWICK DR,,,A,7/26/2024 11:43:51 AM,1/29/2025 9:54:56 AM,,,2,,,,,,,
2733373,2021-210140549,2,False,4313,1/14/2021 3:09:00 PM,1509,Y3,1368,4313,San Jose,43,True,True,A,HEAD-ON,,Thursday,,,,,False,False,True,,C,OTHER MOTOR VEHICLE,,1.0,0.0,CLEAR,, NO UNUSUAL CONDITIONS - NO UNUSUAL CONDITIONS,, ,A,DAYLIGHT,37.144397,-121.475222,,,,,A,NO PEDESTRIANS INVOLVED,,A,21802A,,1.0,RALEIGH RD,SOUTH,,,A,,,AUTUMN MEADOW DR,,,D,7/26/2024 11:43:50 AM,1/29/2025 9:54:55 AM,,,2,,,,,,,
2733372,2021-21150261,2,False,4313,1/15/2021 9:51:00 AM,951,1,1368,4313,San Jose,43,True,True,B,SIDE SWIPE,,Friday,,,,,False,False,False,,G,BICYCLE,,1.0,0.0,CLEAR,, NO UNUSUAL CONDITIONS - NO UNUSUAL CONDITIONS,, ,A,DAYLIGHT,,,,,,,A,NO PEDESTRIANS INVOLVED,,A,21804,,1.0,MENKER AV,SAM,,,B,,,MENKER AV 683,,,D,7/26/2024 11:43:50 AM,1/29/2025 9:54:56 AM,,,2,,,,,,,
2733371,2021-210140329,2,False,4313,1/14/2021 11:27:00 AM,1127,1,1368,4313,San Jose,43,True,True,B,SIDE SWIPE,,Thursday,,,,,False,False,True,,C,OTHER MOTOR VEHICLE,,1.0,0.0,CLEAR,, NO UNUSUAL CONDITIONS - NO UNUSUAL CONDITIONS,, ,A,DAYLIGHT,,,,,,,A,NO PEDESTRIANS INVOLVED,,A,22107,,1.0,BLOSSOM HILL RD,YELLO,,,A,,,SANTA TERESA BL,,,D,7/26/2024 11:43:50 AM,1/29/2025 9:54:55 AM,,,2,,,,,,,
2733370,2021-210170672,2,False,4313,1/17/2021 6:53:00 PM,1853,X3,1368,4313,San Jose,43,True,True,G,VEHICLE/PEDESTRAIN,,Sunday,,,,,False,False,False,,B,PEDESTRIAN,,1.0,0.0,CLEAR,, NO UNUSUAL CONDITIONS - NO UNUSUAL CONDITIONS,, ,C,DARK-STREET LIGHTS,,,,,,,D,CROSSING - NOT IN CROSSWALK,,A,21954A,,1.0,MONTEREY RD,XRAY,,,A,,,BRANHAM LN,,,D,7/26/2024 11:43:50 AM,1/29/2025 9:54:55 AM,,,2,,,,,,,
2733369,2021-210170128,2,False,4313,1/17/2021 3:53:00 AM,353,L4,1368,4313,San Jose,43,True,True,C,REAR END,,Sunday,,,F,,False,False,True,,C,OTHER MOTOR VEHICLE,,2.0,0.0,CLEAR,, NO UNUSUAL CONDITIONS - NO UNUSUAL CONDITIONS,, ,E,DARK-STREET LIGHTS NOT FUNCTIONING*,,,,,,,A,NO PEDESTRIANS INVOLVED,,A,22350,,1.0,MONTEREY RD,WESTE,,,A,S,47.0,DAYLIGHT WY,F,,D,7/26/2024 11:43:50 AM,1/29/2025 9:54:55 AM,,,2,,,,,,,
2733368,2021-210160114,2,False,4313,1/16/2021 3:34:00 AM,334,F2,1368,4313,San Jose,43,True,True,E,HIT OBJECT,,Saturday,,,,,False,False,True,,I,FIXED OBJECT,,3.0,0.0,CLEAR,, NO UNUSUAL CONDITIONS - NO UNUSUAL CONDITIONS,, ,C,DARK-STREET LIGHTS,,,,,,,A,NO PEDESTRIANS INVOLVED,,A,22350,,1.0,N WINCHESTER BL,DF,,,A,,,STEVENS CREEK BL,,,A,7/26/2024 11:43:50 AM,1/29/2025 9:54:55 AM,,,2,,,,,,,
2733367,2021-210130811,2,False,4313,1/13/2021 7:16:00 PM,1916,4,1368,4313,San Jose,43,True,True,,,,Wednesday,,,,,False,False,True,,C,OTHER MOTOR VEHICLE,,1.0,0.0,CLEAR,, NO UNUSUAL CONDITIONS - NO UNUSUAL CONDITIONS,, ,C,DARK-STREET LIGHTS,,,,,,,A,NO PEDESTRIANS INVOLVED,,A,21801,,1.0,DANIEL MALONEY DR,P,,,A,,,BRIGADOON WY,,,A,7/26/2024 11:43:50 AM,1/29/2025 9:54:55 AM,,,2,,,,,,,
2733366,2021-210140659,2,False,4313,1/14/2021 5:04:00 PM,1704,2,1368,4313,San Jose,43,True,True,,,,Thursday,,,,,False,False,True,,C,OTHER MOTOR VEHICLE,,1.0,0.0,CLEAR,, NO UNUSUAL CONDITIONS - NO UNUSUAL CONDITIONS,, ,B,DUSK-DAWN,,,,,,,A,NO PEDESTRIANS INVOLVED,,A,21453A,,1.0,S WHITE RD,PAUL,,,A,,,LAKE CUNNINGHAM PK,,,A,7/26/2024 11:43:50 AM,1/29/2025 9:54:55 AM,,,2,,,,,,,
2733365,2021-210130857,2,False,4313,1/13/2021 8:30:00 PM,2030,4,1368,4313,San Jose,43,True,True,H,OTHER,,Wednesday,,,,,False,False,False,,G,BICYCLE,,1.0,0.0,CLEAR,, NO UNUSUAL CONDITIONS - NO UNUSUAL CONDITIONS,, ,C,DARK-STREET LIGHTS,,,,,,,A,NO PEDESTRIANS INVOLVED,,A,21801,,1.0,E SAN ANTONIO ST,MARY,,,A,,,E SAN ANTONIO ST 2020,,,D,7/26/2024 11:43:50 AM,1/29/2025 9:54:55 AM,,,2,,,,,,,
2733364,2021-210150054,2,False,4313,1/15/2021 1:38:00 AM,138,Y3,1368,4313,San Jose,43,True,True,A,HEAD-ON,,Friday,,,,,False,False,True,,I,FIXED OBJECT,,1.0,0.0,CLEAR,, NO UNUSUAL CONDITIONS - NO UNUSUAL CONDITIONS,, ,C,DARK-STREET LIGHTS,,,,,,,A,NO PEDESTRIANS INVOLVED,,A,22350,,1.0,GREAT OAKS PKWY,SOUTH,,,A,,,ENDICOTT BL,,,A,7/26/2024 11:43:50 AM,1/29/2025 9:54:55 AM,,,2,,,,,,,
2732644,2021-210630546,2,False,4313,3/4/2021 3:42:00 PM,1542,L4,1368,4313,San Jose,43,True,True,A,HEAD-ON,,Thursday,,,,,False,False,True,,B,PEDESTRIAN,,1.0,0.0,CLEAR,, NO UNUSUAL CONDITIONS - NO UNUSUAL CONDITIONS,, ,A,DAYLIGHT,,,,,,,F,NOT IN ROAD,,A,22350,,1.0,BARNARD AV,LINCO,,,A,,,STONE AV,,,D,7/26/2024 11:42:44 AM,1/29/2025 9:54:08 AM,,,2,,,,,,,
2732641,2021-210640935,2,False,4313,3/5/2021 10:24:00 PM,2224,S2,1368,4313,San Jose,43,True,True,E,HIT OBJECT,,Friday,,,,,False,True,True,,I,FIXED OBJECT,,0.0,0.0,CLEAR,, NO UNUSUAL CONDITIONS - NO UNUSUAL CONDITIONS,, ,C,DARK-STREET LIGHTS,,,,,,,A,NO PEDESTRIANS INVOLVED,,A,22107,,1.0,MERIDIAN AV,WESTE,,,,,,RT 280,,,D,7/26/2024 11:42:44 AM,1/29/2025 9:54:08 AM,,,2,,,,,,,
2732524,2021-210510238,2,False,4313,2/20/2021 9:46:00 AM,946,L4,1368,4313,San Jose,43,True,True,C,REAR END,,Saturday,,,F,,False,True,False,,C,OTHER MOTOR VEHICLE,,1.0,0.0,CLOUDY,, NO UNUSUAL CONDITIONS - NO UNUSUAL CONDITIONS,, ,A,DAYLIGHT,,,,,,,A,NO PEDESTRIANS INVOLVED,,A,22350,,1.0,RT 87,LINCO,,,B,,,CURTNER AV,,,A,7/26/2024 11:42:34 AM,1/29/2025 9:54:01 AM,,,2,,,,,,,
2732366,2021-210420962,2,False,4313,2/11/2021 11:26:00 PM,2326,R4,1368,4313,San Jose,43,True,True,E,HIT OBJECT,,Thursday,,,,,False,True,True,,I,FIXED OBJECT,,1.0,0.0,CLOUDY,RAINING, NO UNUSUAL CONDITIONS - NO UNUSUAL CONDITIONS,, ,C,DARK-STREET LIGHTS,37.214851,-121.532943,,,,,A,NO PEDESTRIANS INVOLVED,,A,22107,,1.0,OAKLAND RD,ROBER,,,B,,,RT 101,,,A,7/26/2024 11:42:20 AM,1/29/2025 9:53:52 AM,,,2,,,,,,,
2732362,2021-210440889,2,False,4313,2/13/2021 11:00:00 PM,2300,R2,1368,4313,San Jose,43,True,True,C,REAR END,,Saturday,,,,,False,False,True,,C,OTHER MOTOR VEHICLE,,1.0,0.0,CLEAR,, NO UNUSUAL CONDITIONS - NO UNUSUAL CONDITIONS,, ,C,DARK-STREET LIGHTS,37.241556,-121.541014,,,,,A,NO PEDESTRIANS INVOLVED,,A,22350,,1.0,OAKLAND RD,ROBER,,,A,,,MONTAGUE EXPWY,,,A,7/26/2024 11:42:20 AM,1/29/2025 9:53:52 AM,,,2,,,,,,,
2732358,2021-210420663,2,False,4313,2/11/2021 4:57:00 PM,1657,1,1368,4313,San Jose,43,True,True,D,BROADSIDE,,Thursday,,,,,False,False,True,,C,OTHER MOTOR VEHICLE,,1.0,0.0,RAINING,, NO UNUSUAL CONDITIONS - NO UNUSUAL CONDITIONS,, ,B,DUSK-DAWN,,,,,,,A,NO PEDESTRIANS INVOLVED,,A,22107,,1.0,MCKEE RD,MARY,,,B,,,MCDONALD AV,,,D,7/26/2024 11:42:19 AM,1/29/2025 9:53:52 AM,,,2,,,,,,,
2732354,2021-210450588,2,False,4313,2/14/2021 5:35:00 PM,1735,L5,1368,4313,San Jose,43,True,True,C,REAR END,,Sunday,,,,,False,False,False,,C,OTHER MOTOR VEHICLE,,3.0,0.0,CLEAR,, NO UNUSUAL CONDITIONS - NO UNUSUAL CONDITIONS,, ,A,DAYLIGHT,,,,,,,A,NO PEDESTRIANS INVOLVED,,A,21453B,,1.0,CAPITOL EXPWY,LINCO,,,A,,,SEVEN TREES BL,,,D,7/26/2024 11:42:19 AM,1/29/2025 9:53:52 AM,,,2,,,,,,,
2732350,2021-210380544,2,False,4313,2/7/2021 4:20:00 PM,1620,3,1368,4313,San Jose,43,True,True,C,REAR END,,Sunday,,,,,False,False,False,,C,OTHER MOTOR VEHICLE,,2.0,0.0,CLEAR,, NO UNUSUAL CONDITIONS - NO UNUSUAL CONDITIONS,, ,A,DAYLIGHT,,,,,,,A,NO PEDESTRIANS INVOLVED,,A,22106,,1.0,VIRGINIA AV,MARY,,,A,,,S 34TH ST,,,D,7/26/2024 11:42:19 AM,1/29/2025 9:53:51 AM,,,2,,,,,,,
2732044,2021-210290205,2,False,4313,1/29/2021 8:13:00 AM,813,E4,1368,4313,San Jose,43,True,True,G,VEHICLE/PEDESTRAIN,,Friday,,,,,False,False,False,,B,PEDESTRIAN,,1.0,0.0,CLEAR,, NO UNUSUAL CONDITIONS - NO UNUSUAL CONDITIONS,, ,B,DUSK-DAWN,37.193936,-121.525774,,,,,B,CROSSING IN CROSS WALK AT INTERSECTION,,A,21950A,,1.0,E REED ST,EDWAR,,,B,,,S 2ND ST,,,A,7/26/2024 11:41:52 AM,1/29/2025 9:53:34 AM,,,2,,,,,,,
2732042,2021-210280806,2,False,4313,1/28/2021 9:00:00 PM,2100,R1,1368,4313,San Jose,43,True,True,D,BROADSIDE,,Thursday,,,,,False,False,True,,C,OTHER MOTOR VEHICLE,,2.0,0.0,CLOUDY,RAINING, NO UNUSUAL CONDITIONS - NO UNUSUAL CONDITIONS,, ,C,DARK-STREET LIGHTS,,,,,,,A,NO PEDESTRIANS INVOLVED,,A,21453A,,1.0,MONTAGUE EX ,ROBER,,,B,,,ZANKER RD,,,A,7/26/2024 11:41:51 AM,1/29/2025 9:53:34 AM,,,2,,,,,,,
2732040,2021-210280434,2,False,4313,1/28/2021 1:30:00 PM,1330,X1,1368,4313,San Jose,43,True,True,C,REAR END,,Thursday,,,,,False,False,True,,C,OTHER MOTOR VEHICLE,,1.0,0.0,CLOUDY,RAINING, NO UNUSUAL CONDITIONS - NO UNUSUAL CONDITIONS,, ,A,DAYLIGHT,,,,,,,A,NO PEDESTRIANS INVOLVED,,A,22350,,1.0,CAPITOL EX ,XRAY,,,B,,,SNELL AV,,,D,7/26/2024 11:41:51 AM,1/29/2025 9:53:34 AM,,,2,,,,,,,
2732038,2021-210260889,2,False,4313,1/26/2021 11:29:00 PM,2329,2,1368,4313,San Jose,43,True,True,A,HEAD-ON,,Tuesday,,,,,False,True,True,,C,OTHER MOTOR VEHICLE,,2.0,0.0,RAINING,WIND, NO UNUSUAL CONDITIONS - NO UNUSUAL CONDITIONS,, ,D,DARK-NO STREET LIGHTS,,,,,,,A,NO PEDESTRIANS INVOLVED,,D,,,,STEVENS CREEK BL,DF,,,B,,,RT 280,,,B,7/26/2024 11:41:51 AM,1/29/2025 9:53:34 AM,,,2,,,,,,,
2732037,2021-210250332,2,False,4313,1/25/2021 10:19:00 AM,1019,Y5,1368,4313,San Jose,43,True,True,C,REAR END,,Monday,,,,,False,False,True,,C,OTHER MOTOR VEHICLE,,2.0,0.0,CLEAR,, NO UNUSUAL CONDITIONS - NO UNUSUAL CONDITIONS,, ,A,DAYLIGHT,,,,,,,A,NO PEDESTRIANS INVOLVED,,A,22350,,1.0,BAILEY AV,DY,,,A,,,MONTEREY HWY,,,A,7/26/2024 11:41:51 AM,1/29/2025 9:53:34 AM,,,2,,,,,,,
2750849,2021-210790720,2,False,4313,3/20/2021 6:37:00 PM,1837,5,1368,4313,San Jose,43,True,True,D,BROADSIDE,,Saturday,,,,,False,False,True,,C,OTHER MOTOR VEHICLE,,2.0,0.0,CLEAR,, NO UNUSUAL CONDITIONS - NO UNUSUAL CONDITIONS,, ,A,DAYLIGHT,,,,,,,A,NO PEDESTRIANS INVOLVED,,A,23153A,,1.0,VINE ST,SAM,,,A,,,WILLOW ST,,,A,7/26/2024 12:14:31 PM,1/29/2025 10:13:02 AM,,,2,,,,,,,
2750845,2021-210741012,2,False,4313,3/15/2021 10:34:00 PM,2234,W2,1368,4313,San Jose,43,True,True,B,SIDE SWIPE,,Monday,,,,,False,False,False,,C,OTHER MOTOR VEHICLE,,1.0,0.0,CLEAR,, NO UNUSUAL CONDITIONS - NO UNUSUAL CONDITIONS,, ,E,DARK-STREET LIGHTS NOT FUNCTIONING*,37.23182,-121.503197,,,,,A,NO PEDESTRIANS INVOLVED,,D,,,,N WHITE RD,WILLI,,,A,,,MABURY RD,,,D,7/26/2024 12:14:31 PM,1/29/2025 10:13:01 AM,,,2,,,,,,,
2750806,2021-210670929,2,False,4313,3/8/2021 9:24:00 PM,2124,C3,1368,4313,San Jose,43,True,True,D,BROADSIDE,,Monday,,,,,False,False,False,,C,OTHER MOTOR VEHICLE,,1.0,0.0,CLEAR,, NO UNUSUAL CONDITIONS - NO UNUSUAL CONDITIONS,, ,C,DARK-STREET LIGHTS,,,,,,,A,NO PEDESTRIANS INVOLVED,,A,22450A,,1.0,WAVERLY AV,CHARL,,,A,,,HURAN DR,,,A,7/26/2024 12:14:26 PM,1/29/2025 10:12:59 AM,,,2,,,,,,,
2750801,2021-210671022,2,False,4313,3/8/2021 11:48:00 PM,2348,2,1368,4313,San Jose,43,True,True,A,HEAD-ON,,Monday,,,,,False,False,True,,E,PARKED MOTOR VEHICLE,,1.0,0.0,CLEAR,, NO UNUSUAL CONDITIONS - NO UNUSUAL CONDITIONS,, ,C,DARK-STREET LIGHTS,37.175321,-121.555389,,,,,A,NO PEDESTRIANS INVOLVED,,A,23153,,1.0,S BASCOM AV,SAM,,,A,N,22.0,CAMPBELL LP K9372,F,,A,7/26/2024 12:14:25 PM,1/29/2025 10:12:59 AM,,,2,,,,,,,
2750123,2021-210180681,2,False,4313,1/18/2021 5:13:00 PM,1713,R4,1368,4313,San Jose,43,True,True,D,BROADSIDE,,Monday,,,,,False,False,False,,G,BICYCLE,,1.0,0.0,CLEAR,, NO UNUSUAL CONDITIONS - NO UNUSUAL CONDITIONS,, ,A,DAYLIGHT,,,,,,,,,,A,22106,,1.0,E BROKAW RD,ROBER,,,A,,,LIGHT POST #8L230,,,D,7/26/2024 12:13:02 PM,1/29/2025 10:12:21 AM,,,2,,,,,,,
2748732,2021-210950744,2,False,4313,4/4/2021 8:48:00 PM,2048,N2,1368,4313,San Jose,43,True,True,D,BROADSIDE,,Sunday,,,,,False,False,True,,C,OTHER MOTOR VEHICLE,,2.0,0.0,CLEAR,, NO UNUSUAL CONDITIONS - NO UNUSUAL CONDITIONS,, ,C,DARK-STREET LIGHTS,37.192184,-121.583355,,,,,A,NO PEDESTRIANS INVOLVED,,A,21453A,,1.0,STEVENS CREEK BL,DN,,,A,W,26.0,S KIELY BL,F,,A,7/26/2024 12:10:23 PM,1/29/2025 10:10:55 AM,,,2,,,,,,,
2748731,2021-210921019,2,False,4313,4/2/2021 10:18:00 PM,2218,Y5,1368,4313,San Jose,43,True,True,A,HEAD-ON,,Friday,,,F,,False,False,False,,B,PEDESTRIAN,,1.0,0.0,CLEAR,, NO UNUSUAL CONDITIONS - NO UNUSUAL CONDITIONS,, ,C,DARK-STREET LIGHTS,,,,,,,E,IN ROAD - INCLUDES SHOULDER,,A,22107,,1.0,GRANVILLE CT,SOUTH,,,A,E,84.0,LIGHT POLE #21T48,F,,D,7/26/2024 12:10:23 PM,1/29/2025 10:10:55 AM,,,2,,,,,,,
2748730,2021-210940584,2,False,4313,4/4/2021 4:51:00 PM,1651,K6,1368,4313,San Jose,43,True,True,C,REAR END,,Sunday,,,F,,False,False,False,,C,OTHER MOTOR VEHICLE,,2.0,0.0,CLEAR,, NO UNUSUAL CONDITIONS - NO UNUSUAL CONDITIONS,, ,A,DAYLIGHT,37.195833,-121.522969,,,,,A,NO PEDESTRIANS INVOLVED,,A,21804A,,1.0,S 10TH ST,DK,,,A,S,159.0,E WILLIAM ST,F,,A,7/26/2024 12:10:23 PM,1/29/2025 10:10:55 AM,,,2,,,,,,,
2748729,2021-210921100,2,False,4313,4/2/2021 11:31:00 PM,2331,A5,1368,4313,San Jose,43,True,True,C,REAR END,,Friday,,,,,False,False,True,,E,PARKED MOTOR VEHICLE,,1.0,0.0,CLEAR,, NO UNUSUAL CONDITIONS - NO UNUSUAL CONDITIONS,, ,C,DARK-STREET LIGHTS,,,,,,,A,NO PEDESTRIANS INVOLVED,,A,23152,,1.0,CAMDEN AV,ADAM,,,A,,,LITTLE FALLS DR,,,A,7/26/2024 12:10:23 PM,1/29/2025 10:10:55 AM,,,2,,,,,,,
2748728,2021-210911047,2,False,4313,4/1/2021 10:47:00 PM,2247,2,1368,4313,San Jose,43,True,True,A,HEAD-ON,,Thursday,,,F,,False,False,True,,C,OTHER MOTOR VEHICLE,,1.0,0.0,CLEAR,, NO UNUSUAL CONDITIONS - NO UNUSUAL CONDITIONS,, ,C,DARK-STREET LIGHTS,37.183855,-121.545633,,,,,A,NO PEDESTRIANS INVOLVED,,A,21460A,,1.0,ST ELIZABETH DR,SAM,,,A,S,571.0,FRUITDALE AV,F,,D,7/26/2024 12:10:23 PM,1/29/2025 10:10:55 AM,,,2,,,,,,,
2748727,2021-2109-10141,2,False,4313,4/1/2021 5:31:00 AM,531,A4,1368,4313,San Jose,43,True,True,G,VEHICLE/PEDESTRAIN,,Thursday,,,,,False,False,False,,B,PEDESTRIAN,,1.0,0.0,CLEAR,, NO UNUSUAL CONDITIONS - NO UNUSUAL CONDITIONS,, ,C,DARK-STREET LIGHTS,,,,,,,D,CROSSING - NOT IN CROSSWALK,,A,21956A,,1.0,ALMADEN EXPWY,ADAM,,,A,,,BLOSSOM HILL RD,,,A,7/26/2024 12:10:23 PM,1/29/2025 10:10:55 AM,,,2,,,,,,,
2748644,2021-210900290,2,False,4313,3/31/2021 9:36:00 AM,936,M5,1368,4313,San Jose,43,True,True,A,HEAD-ON,,Wednesday,,,,,False,False,True,,C,OTHER MOTOR VEHICLE,,1.0,0.0,CLEAR,, NO UNUSUAL CONDITIONS - NO UNUSUAL CONDITIONS,, ,A,DAYLIGHT,37.214413,-121.492887,,,,,A,NO PEDESTRIANS INVOLVED,,A,21453,,1.0,S WHITE RD,MARY,,,A,,,E HILLS DR,,,A,7/26/2024 12:10:12 PM,1/29/2025 10:10:50 AM,,,2,,,,,,,
2748642,2021-210900665,2,False,4313,3/31/2021 3:49:00 PM,1549,L3,1368,4313,San Jose,43,True,True,D,BROADSIDE,,Wednesday,,,,,False,False,True,,C,OTHER MOTOR VEHICLE,,1.0,0.0,CLEAR,, NO UNUSUAL CONDITIONS - NO UNUSUAL CONDITIONS,, ,A,DAYLIGHT,37.191218,-121.501599,,,,,A,NO PEDESTRIANS INVOLVED,,A,22350,,1.0,BAYARD DR,LINCO,,,A,,,DENAIR AV,,,,7/26/2024 12:10:12 PM,1/29/2025 10:10:49 AM,,,2,,,,,,,
2748641,2021-210900679,2,False,4313,3/31/2021 4:00:00 PM,1600,K3,1368,4313,San Jose,43,True,True,D,BROADSIDE,,Wednesday,,,,,False,False,False,,G,BICYCLE,,1.0,0.0,CLEAR,, NO UNUSUAL CONDITIONS - NO UNUSUAL CONDITIONS,, ,A,DAYLIGHT,37.202833,-121.524781,,,,,A,NO PEDESTRIANS INVOLVED,,D,,,,N 11TH ST,CENTR,,,A,,,E SANTA CLARA ST,,,A,7/26/2024 12:10:12 PM,1/29/2025 10:10:49 AM,,,2,,,,,,,
2748640,2021-210890196,2,False,4313,3/30/2021 8:24:00 AM,824,A4,1368,4313,San Jose,43,True,True,,,,Tuesday,,,,,False,False,False,,E,PARKED MOTOR VEHICLE,,1.0,0.0,CLEAR,, NO UNUSUAL CONDITIONS - NO UNUSUAL CONDITIONS,, ,A,DAYLIGHT,37.145122,-121.513614,,,,,A,NO PEDESTRIANS INVOLVED,,A,22107,,,HALLECK DR,ADAM,,,A,,,SUMMERBROOK LN,,,D,7/26/2024 12:10:11 PM,1/29/2025 10:10:49 AM,,,2,,,,,,,
2748639,2021-210900341,2,False,4313,3/31/2021 10:30:00 AM,1030,F5,1368,4313,San Jose,43,True,True,C,REAR END,,Wednesday,,,,,False,False,False,,D,MOTOR VEHICLE ON OTHER ROADWAY,,1.0,0.0,CLEAR,, NO UNUSUAL CONDITIONS - NO UNUSUAL CONDITIONS,, ,A,DAYLIGHT,,,,,,,A,NO PEDESTRIANS INVOLVED,,A,22106,,1.0,PARKMOOR AV,WESTE,,,A,,,MERIDIAN AV,,,A,7/26/2024 12:10:11 PM,1/29/2025 10:10:49 AM,,,2,,,,,,,
2748638,2021-210890916,2,False,4313,3/30/2021 8:37:00 PM,2037,L6,1368,4313,San Jose,43,True,True,A,HEAD-ON,,Tuesday,,,F,,False,False,True,,C,OTHER MOTOR VEHICLE,,1.0,0.0,CLEAR,, NO UNUSUAL CONDITIONS - NO UNUSUAL CONDITIONS,, ,C,DARK-STREET LIGHTS,37.182286,-121.494059,,,,,A,NO PEDESTRIANS INVOLVED,,A,22107,,1.0,MCLAUGHLIN AV,WESTE,,,A,,,UMBARGER RD,,,D,7/26/2024 12:10:11 PM,1/29/2025 10:10:49 AM,,,2,,,,,,,
2748637,2021-210870293,2,False,4313,3/28/2021 10:11:00 AM,1011,R3,1368,4313,San Jose,43,True,True,C,REAR END,,Sunday,,,F,,False,False,True,,C,OTHER MOTOR VEHICLE,,1.0,0.0,CLEAR,, NO UNUSUAL CONDITIONS - NO UNUSUAL CONDITIONS,, ,A,DAYLIGHT,37.221014,-121.545549,,,,,A,NO PEDESTRIANS INVOLVED,,A,20001,,1.0,METRO DR,ROBER,,,A,,,N 1ST ST,,,D,7/26/2024 12:10:11 PM,1/29/2025 10:10:49 AM,,,2,,,,,,,
2748636,2021-210890538,2,False,4313,3/30/2021 1:48:00 PM,1348,R3,1368,4313,San Jose,43,True,True,C,REAR END,,Tuesday,,,,,False,False,False,,C,OTHER MOTOR VEHICLE,,1.0,0.0,CLEAR,, NO UNUSUAL CONDITIONS - NO UNUSUAL CONDITIONS,, ,A,DAYLIGHT,,,,,,,A,NO PEDESTRIANS INVOLVED,,A,22350,,1.0,BROKAW RD,ROBER,,,A,,,JUNCTION AV,,,A,7/26/2024 12:10:11 PM,1/29/2025 10:10:49 AM,,,2,,,,,,,
2748635,2021-210880208,2,False,4313,3/29/2021 8:10:00 AM,810,R3,1368,4313,San Jose,43,True,True,D,BROADSIDE,,Monday,,,F,,False,False,False,,C,OTHER MOTOR VEHICLE,,1.0,0.0,CLEAR,, NO UNUSUAL CONDITIONS - NO UNUSUAL CONDITIONS,, ,A,DAYLIGHT,,,,,,,A,NO PEDESTRIANS INVOLVED,,A,21453A,,1.0,N 1ST ST,ROBER,,,A,,,RT 880,,,A,7/26/2024 12:10:11 PM,1/29/2025 10:10:49 AM,,,2,,,,,,,
2748634,2021-210870691,2,False,4313,3/28/2021 5:30:00 PM,1730,P4,1368,4313,San Jose,43,True,True,,,,Sunday,,,F,,False,False,False,,C,OTHER MOTOR VEHICLE,,1.0,0.0,CLEAR,, NO UNUSUAL CONDITIONS - NO UNUSUAL CONDITIONS,, ,A,DAYLIGHT,37.184473,-121.48672,,,,,A,NO PEDESTRIANS INVOLVED,,A,21453C,,1.0,ABORN RD,FOOTH,,,A,,,NIEMAN BL,,,A,7/26/2024 12:10:11 PM,1/29/2025 10:10:49 AM,,,2,,,,,,,