Collision Id,	Report Number,	Report Version,	Is Preliminary,	NCIC Code,Crash Date Time,	Crash Time Description,	Beat,City Id,	City Code,	City Name,County Code,	City Is Active,	City Is Incorporated,	Collision Type Code,Collision Type Description,	Collision Type Other Desc,	Day Of Week,	DispatchNotified,	HasPhotographs,	HitRun,	IsAttachmentsMailed,	IsDeleted,	IsHighwayRelated,	IsTowAway,	JudicialDistrict,	MotorVehicleInvolvedWithCode,	MotorVehicleInvolvedWithDesc,MotorVehicleInvolvedWithOtherDesc,	NumberInjured,	NumberKilled,Weather 1, Weather 2, Road Condition 1, Road Condition 2, Special Condition,LightingCode, LightingDescription,Latitude,Longitude,MilepostDirection,MilepostDistance,MilepostMarker,MilepostUnitOfMeasure,	PedestrianActionCode,PedestrianActionDesc,PreparedDate,	Primary Collision Factor Code,Primary Collision Factor Violation,PrimaryCollisionFactorIsCited,	PrimaryCollisionPartyNumber,	PrimaryRoad,	ReportingDistrict,	ReportingDistrictCode,ReviewedDate,	RoadwaySurfaceCode,SecondaryDirection,	SecondaryDistance,	SecondaryRoad,	SecondaryUnitOfMeasure,	SketchDesc,	TrafficControlDeviceCode,CreatedDate,	ModifiedDate,IsCountyRoad,IsFreeway,CHP555Version,	IsAdditonalObjectStruck,NotificationDate,	NotificationTimeDescription,	HasDigitalMediaFiles,	EvidenceNumber,	IsLocationReferToNarrative,	IsAOIOneSameAsLocation
2752385,2021-210670545,2,False,4313,3/8/2021 2:53:00 PM,1453,2,1368,4313,San Jose,43,True,True,C,REAR END,,Monday,,,,,False,False,False,,C,OTHER MOTOR VEHICLE,,2.0,0.0,CLOUDY,, NO UNUSUAL CONDITIONS - NO UNUSUAL CONDITIONS,, ,A,DAYLIGHT,,,,,,,A,NO PEDESTRIANS INVOLVED,,A,21703,,1.0,DRY CREEK RD,TOM,,,A,,,MERIDIAN AV,,,A,7/26/2024 12:17:35 PM,1/29/2025 10:14:25 AM,,,2,,,,,,,
2771990,2021-211410202,2,False,4313,5/21/2021 8:52:00 AM,852,T5,1368,4313,San Jose,43,True,True,A,HEAD-ON,,Friday,,,,,False,False,True,,C,OTHER MOTOR VEHICLE,,2.0,0.0,CLEAR,, NO UNUSUAL CONDITIONS - NO UNUSUAL CONDITIONS,, ,A,DAYLIGHT,,,,,,,A,NO PEDESTRIANS INVOLVED,,A,21604,,1.0,HILLSDALE AV,TOM,,,A,E,49.0,GARDENDALE DR LP#16M99,F,,,7/26/2024 1:04:43 PM,1/29/2025 10:34:25 AM,,,2,,,,,,,
2769800,2021-211340132,2,False,4313,5/14/2021 4:23:00 AM,423,S6,1368,4313,San Jose,43,True,True,B,SIDE SWIPE,,Friday,,,,,False,False,True,,E,PARKED MOTOR VEHICLE,,1.0,0.0,CLEAR,, NO UNUSUAL CONDITIONS - NO UNUSUAL CONDITIONS,, ,C,DARK-STREET LIGHTS,,,,,,,A,NO PEDESTRIANS INVOLVED,,A,22107,,1.0,ALMADEN EXPWY,SAM,,,A,N,20.0,CITY POLE  13M600,F,,D,7/26/2024 12:58:59 PM,1/29/2025 10:31:57 AM,,,2,,,,,,,
2769799,2021-211350723,2,False,4313,5/15/2021 6:31:00 PM,1831,1,1368,4313,San Jose,43,True,True,B,SIDE SWIPE,,Saturday,,,,,False,False,True,,C,OTHER MOTOR VEHICLE,,1.0,0.0,CLEAR,, NO UNUSUAL CONDITIONS - NO UNUSUAL CONDITIONS,, ,A,DAYLIGHT,,,,,,,A,NO PEDESTRIANS INVOLVED,,A,21801,,1.0,RIVER OAKS PY,ROBER,,,A,,,ZANKER RD,,,A,7/26/2024 12:58:58 PM,1/29/2025 10:31:57 AM,,,2,,,,,,,
2769735,2020-211400172,2,False,4313,5/20/2021 7:52:00 AM,752,3,1368,4313,San Jose,43,True,True,A,HEAD-ON,,Thursday,,,,,False,False,False,,B,PEDESTRIAN,,1.0,0.0,CLEAR,, ,, ,A,DAYLIGHT,,,,,,,B,CROSSING IN CROSS WALK AT INTERSECTION,,A,22350,,1.0,HELLYER AV,XRAY,,,A,,,PALISADE DR,,,A,7/26/2024 12:58:49 PM,1/29/2025 10:31:53 AM,,,2,,,,,,,
2769022,2021-211410756,2,False,4313,5/21/2021 6:58:00 PM,1858,K6,1368,4313,San Jose,43,True,True,C,REAR END,,Friday,,,F,,False,False,False,,C,OTHER MOTOR VEHICLE,,2.0,0.0,CLEAR,, NO UNUSUAL CONDITIONS - NO UNUSUAL CONDITIONS,, ,A,DAYLIGHT,37.195999,-121.52252,,,,,A,NO PEDESTRIANS INVOLVED,,A,22350,,1.0,S 11TH ST,KING,,,A,,,S 11TH ST 526,,,A,7/26/2024 12:57:05 PM,1/29/2025 10:31:07 AM,,,2,,,,,,,
2769007,2021-211420234,2,False,4313,5/22/2021 8:59:00 AM,859,V4,1368,4313,San Jose,43,True,True,D,BROADSIDE,,Saturday,,,,,False,False,True,,C,OTHER MOTOR VEHICLE,,1.0,0.0,CLEAR,, NO UNUSUAL CONDITIONS - NO UNUSUAL CONDITIONS,, ,A,DAYLIGHT,,,,,,,A,NO PEDESTRIANS INVOLVED,,A,21801,,1.0,N 17TH ST,DV,,,A,,,E JULIAN ST,,,A,7/26/2024 12:57:02 PM,1/29/2025 10:31:06 AM,,,2,,,,,,,
2769006,2021-211420498,2,False,4313,5/22/2021 2:50:00 PM,1450,L4,1368,4313,San Jose,43,True,True,C,REAR END,,Saturday,,,,,False,True,False,,C,OTHER MOTOR VEHICLE,,1.0,0.0,CLEAR,, ,, ,A,DAYLIGHT,,,,,,,A,NO PEDESTRIANS INVOLVED,,A,21802A,,1.0,CURTNER AV,LINCO,,,A,,,RT 87,,,A,7/26/2024 12:57:02 PM,1/29/2025 10:31:06 AM,,,2,,,,,,,
2769005,2021-211430136,2,False,4313,5/23/2021 3:16:00 AM,316,M1,1368,4313,San Jose,43,True,True,E,HIT OBJECT,,Sunday,,,,,False,False,True,,I,FIXED OBJECT,,1.0,0.0,CLEAR,, CONSTRUCTION-REPAIR ZONE - CONSTRUCTION-REPAIR ZONE,REDUCED ROADWAY WIDTH - REDUCED ROADWAY WIDTH, ,C,DARK-STREET LIGHTS,,,,,,,A,NO PEDESTRIANS INVOLVED,,A,22107,,1.0,N KING RD 687,FOOTH,,,A,E,26.0,KING RD,F,,A,7/26/2024 12:57:02 PM,1/29/2025 10:31:06 AM,,,2,,,,,,,
2769004,2021-211390968,2,False,4313,5/19/2021 10:23:00 PM,2223,L4,1368,4313,San Jose,43,True,True,G,VEHICLE/PEDESTRAIN,,Wednesday,,,F,,False,False,False,,G,BICYCLE,,1.0,0.0,CLEAR,, NO UNUSUAL CONDITIONS - NO UNUSUAL CONDITIONS,, ,C,DARK-STREET LIGHTS,,,,,,,D,CROSSING - NOT IN CROSSWALK,,A,22350,,1.0,SAN JOSE AV,LINCO,,,A,,,ALMADEN EXPWY,,,A,7/26/2024 12:57:02 PM,1/29/2025 10:31:06 AM,,,2,,,,,,,
2769003,2021-211430579,2,False,4313,5/23/2021 4:30:00 PM,1630,2,1368,4313,San Jose,43,True,True,G,VEHICLE/PEDESTRAIN,,Sunday,,,,,False,False,False,,G,BICYCLE,,1.0,0.0,CLEAR,, NO UNUSUAL CONDITIONS - NO UNUSUAL CONDITIONS,, ,A,DAYLIGHT,,,,,,,B,CROSSING IN CROSS WALK AT INTERSECTION,,A,21950,,2.0,BERRYESSA RD,WILLI,,,A,E,55.0,CAPITOL AV,F,,D,7/26/2024 12:57:02 PM,1/29/2025 10:31:06 AM,,,2,,,,,,,
2769002,2021-211420701,2,False,4313,5/22/2021 6:36:00 PM,1836,S5,1368,4313,San Jose,43,True,True,C,REAR END,,Saturday,,,,,False,False,False,,C,OTHER MOTOR VEHICLE,,2.0,0.0,CLEAR,, NO UNUSUAL CONDITIONS - NO UNUSUAL CONDITIONS,, ,A,DAYLIGHT,,,,,,,A,NO PEDESTRIANS INVOLVED,,A,23153,,1.0,ALMADEN AV,WESTE,,,A,S,27.0,OAK ST,F,,A,7/26/2024 12:57:01 PM,1/29/2025 10:31:06 AM,,,2,,,,,,,
2769001,2021-211380561,2,False,4313,5/18/2021 1:41:00 PM,1341,R2,1368,4313,San Jose,43,True,True,A,HEAD-ON,,Tuesday,,,,,False,True,True,,I,FIXED OBJECT,,2.0,0.0,CLEAR,, NO UNUSUAL CONDITIONS - NO UNUSUAL CONDITIONS,, ,A,DAYLIGHT,,,,,,,D,CROSSING - NOT IN CROSSWALK,,A,22350,,1.0,CAPITOL AV,ROBER,,,A,,,RT 680,,,,7/26/2024 12:57:01 PM,1/29/2025 10:31:06 AM,,,2,,,,,,,
2769000,2021-211420048,2,False,4313,5/22/2021 1:04:00 AM,104,E3,1368,4313,San Jose,43,True,True,A,HEAD-ON,,Saturday,,,F,,False,False,True,,B,PEDESTRIAN,,1.0,0.0,CLEAR,, NO UNUSUAL CONDITIONS - NO UNUSUAL CONDITIONS,, ,C,DARK-STREET LIGHTS,,,,,,,D,CROSSING - NOT IN CROSSWALK,,D,,,,W SAN FERNANDO ST,CENTR,,,A,,,S SAN PEDRO ST,,,D,7/26/2024 12:57:01 PM,1/29/2025 10:31:06 AM,,,2,,,,,,,
2768999,2021-211410794,2,False,4313,5/21/2021 7:26:00 PM,1926,5,1368,4313,San Jose,43,True,True,G,VEHICLE/PEDESTRAIN,,Friday,,,,,False,False,False,,B,PEDESTRIAN,,1.0,0.0,CLEAR,, NO UNUSUAL CONDITIONS - NO UNUSUAL CONDITIONS,, ,A,DAYLIGHT,,,,,,,D,CROSSING - NOT IN CROSSWALK,,A,21954A,,1.0,S WILLARD AV,FRANK,,,A,,,S WILLARD AV 485,,,D,7/26/2024 12:57:01 PM,1/29/2025 10:31:06 AM,,,2,,,,,,,
2768998,2021-211420099,2,False,4313,5/22/2021 2:40:00 AM,240,L5,1368,4313,San Jose,43,True,True,A,HEAD-ON,,Saturday,,,,,False,False,True,,I,FIXED OBJECT,,2.0,0.0,CLEAR,, NO UNUSUAL CONDITIONS - NO UNUSUAL CONDITIONS,, ,C,DARK-STREET LIGHTS,,,,,,,A,NO PEDESTRIANS INVOLVED,,A,22350,,1.0,LONE BLUFF WY,WESTE,,,A,,,LONE BLUFF WY 3039,,,D,7/26/2024 12:57:00 PM,1/29/2025 10:31:05 AM,,,2,,,,,,,
2768997,2021-211410156,2,False,4313,5/21/2021 7:20:00 AM,720,W3,1368,4313,San Jose,43,True,True,D,BROADSIDE,,Friday,,,,,False,False,False,,C,OTHER MOTOR VEHICLE,,1.0,0.0,CLEAR,, NO UNUSUAL CONDITIONS - NO UNUSUAL CONDITIONS,, ,A,DAYLIGHT,37.23471,-121.502964,,,,,A,NO PEDESTRIANS INVOLVED,,A,21703,,1.0,MABURY RD,DW,,,A,,,MABURY RD 3133,,,D,7/26/2024 12:57:00 PM,1/29/2025 10:31:05 AM,,,2,,,,,,,
2768996,2021-211420057,2,False,4313,5/22/2021 1:18:00 AM,118,L1,1368,4313,San Jose,43,True,True,D,BROADSIDE,,Saturday,,,,,False,False,True,,C,OTHER MOTOR VEHICLE,,1.0,0.0,CLEAR,, NO UNUSUAL CONDITIONS - NO UNUSUAL CONDITIONS,, ,C,DARK-STREET LIGHTS,,,,,,,A,NO PEDESTRIANS INVOLVED,,D,,,,KEYES ST,LINCO,,,A,,,S 11TH ST,,,A,7/26/2024 12:57:00 PM,1/29/2025 10:31:05 AM,,,2,,,,,,,
2768995,2021-211410563,2,False,4313,5/21/2021 3:45:00 PM,1545,N1,1368,4313,San Jose,43,True,True,A,HEAD-ON,,Friday,,,,,False,False,False,,G,BICYCLE,,1.0,0.0,CLEAR,, NO UNUSUAL CONDITIONS - NO UNUSUAL CONDITIONS,, ,A,DAYLIGHT,,,,,,,A,NO PEDESTRIANS INVOLVED,,A,22107,,1.0,BOLLINGER RD,WESTE,,,A,,,HYDE AV,,,A,7/26/2024 12:57:00 PM,1/29/2025 10:31:05 AM,,,2,,,,,,,
2768994,2021-211410300,2,False,4313,5/21/2021 11:01:00 AM,1101,4,1368,4313,San Jose,43,True,True,B,SIDE SWIPE,,Friday,,,,,False,False,False,,C,OTHER MOTOR VEHICLE,,1.0,0.0,CLEAR,, NO UNUSUAL CONDITIONS - NO UNUSUAL CONDITIONS,, ,A,DAYLIGHT,,,,,,,A,NO PEDESTRIANS INVOLVED,,A,22107,,1.0,PAYNE AV,NORA,,,A,,,SAN TOMAS AQUINO RD,,,D,7/26/2024 12:57:00 PM,1/29/2025 10:31:05 AM,,,2,,,,,,,
2768993,2021-211370914,2,False,4313,5/17/2021 8:55:00 PM,2055,P6,1368,4313,San Jose,43,True,True,D,BROADSIDE,,Monday,,,,,False,False,True,,C,OTHER MOTOR VEHICLE,,1.0,0.0,CLEAR,, NO UNUSUAL CONDITIONS - NO UNUSUAL CONDITIONS,, ,A,DAYLIGHT,,,,,,,A,NO PEDESTRIANS INVOLVED,,A,21451A,,1.0,SAN FELIPE RD,DP,,,A,,,THE VILLAGES PKWY,,,A,7/26/2024 12:57:00 PM,1/29/2025 10:31:05 AM,,,2,,,,,,,
2768992,2021-211400710,2,False,4313,5/20/2021 6:34:00 PM,1834,T1,1368,4313,San Jose,43,True,True,D,BROADSIDE,,Thursday,,,,,False,False,True,,C,OTHER MOTOR VEHICLE,,1.0,0.0,CLEAR,, NO UNUSUAL CONDITIONS - NO UNUSUAL CONDITIONS,, ,A,DAYLIGHT,,,,,,,A,NO PEDESTRIANS INVOLVED,,A,21800B,,1.0,CAMDEN AV,SOUTH,,,A,,,PASEO DEL ORO,,,D,7/26/2024 12:57:00 PM,1/29/2025 10:31:05 AM,,,2,,,,,,,
2768991,2021-211381130,2,False,4313,5/18/2021 10:09:00 PM,2209,5,1368,4313,San Jose,43,True,True,G,VEHICLE/PEDESTRAIN,,Tuesday,,,,,False,False,False,,B,PEDESTRIAN,,1.0,0.0,CLEAR,, NO UNUSUAL CONDITIONS - NO UNUSUAL CONDITIONS,, ,C,DARK-STREET LIGHTS,,,,,,,B,CROSSING IN CROSS WALK AT INTERSECTION,,A,21955,,1.0,KEYES ST,SAM,,,A,,,S 1ST ST,,,A,7/26/2024 12:56:59 PM,1/29/2025 10:31:05 AM,,,2,,,,,,,
2768990,2021-211390118,2,False,4313,5/19/2021 5:30:00 AM,530,R5,1368,4313,San Jose,43,True,True,D,BROADSIDE,,Wednesday,,,,,False,True,True,,C,OTHER MOTOR VEHICLE,,2.0,0.0,CLEAR,, NO UNUSUAL CONDITIONS - NO UNUSUAL CONDITIONS,, ,A,DAYLIGHT,37.22237,-121.55559,,,,,A,NO PEDESTRIANS INVOLVED,,A,22107,,1.0,E BROKAW RD,DR,,,A,,,N 1ST ST,,,A,7/26/2024 12:56:59 PM,1/29/2025 10:31:05 AM,,,2,,,,,,,
2768989,2021-211390540,2,False,4313,5/19/2021 3:13:00 PM,1513,R2,1368,4313,San Jose,43,True,True,B,SIDE SWIPE,,Wednesday,,,F,,False,False,False,,C,OTHER MOTOR VEHICLE,,1.0,0.0,CLEAR,, NO UNUSUAL CONDITIONS - NO UNUSUAL CONDITIONS,, ,A,DAYLIGHT,,,,,,,A,NO PEDESTRIANS INVOLVED,,A,22100A,,1.0,MONTAGUE EXPWY,CENTR,,,A,,,TRADE ZONE BL,,,A,7/26/2024 12:56:59 PM,1/29/2025 10:31:05 AM,,,2,,,,,,,
2768988,2021-211390911,2,False,4313,5/19/2021 9:20:00 PM,2120,R3,1368,4313,San Jose,43,True,True,B,SIDE SWIPE,,Wednesday,,,F,,False,True,True,,C,OTHER MOTOR VEHICLE,,1.0,0.0,CLEAR,, NO UNUSUAL CONDITIONS - NO UNUSUAL CONDITIONS,, ,C,DARK-STREET LIGHTS,,,,,,,A,NO PEDESTRIANS INVOLVED,,A,22107,,1.0,RT 101,ROBER,,,A,,,DE LA CRUZ BL,,,D,7/26/2024 12:56:59 PM,1/29/2025 10:31:05 AM,,,2,,,,,,,
2768987,2021-211390858,2,False,4313,5/19/2021 8:32:00 PM,2032,N5,1368,4313,San Jose,43,True,True,D,BROADSIDE,,Wednesday,,,F,,False,False,False,,G,BICYCLE,,1.0,0.0,CLEAR,, NO UNUSUAL CONDITIONS - NO UNUSUAL CONDITIONS,, ,C,DARK-STREET LIGHTS,,,,,,,B,CROSSING IN CROSS WALK AT INTERSECTION,,A,21950A,,1.0,LOMA VERDE DR,WESTE,,,A,,,S WINCHESTER BL,,,D,7/26/2024 12:56:59 PM,1/29/2025 10:31:05 AM,,,2,,,,,,,
2768986,2021-211350662,2,False,4313,5/15/2021 5:38:00 PM,1738,W4,1368,4313,San Jose,43,True,True,D,BROADSIDE,,Saturday,,,,,False,False,True,,C,OTHER MOTOR VEHICLE,,2.0,0.0,CLEAR,, NO UNUSUAL CONDITIONS - NO UNUSUAL CONDITIONS,, ,A,DAYLIGHT,37.223039,-121.5082,,,,,A,NO PEDESTRIANS INVOLVED,,A,21453,,,N WHITE RD,WILLI,,,A,,,MCKEE RD,,,A,7/26/2024 12:56:59 PM,1/29/2025 10:31:05 AM,,,2,,,,,,,
2768985,2021-211380774,2,False,4313,5/18/2021 4:59:00 PM,1659,F4,1368,4313,San Jose,43,True,True,G,VEHICLE/PEDESTRAIN,,Tuesday,,,,,False,False,False,,B,PEDESTRIAN,,1.0,0.0,CLEAR,, NO UNUSUAL CONDITIONS - NO UNUSUAL CONDITIONS,, ,A,DAYLIGHT,,,,,,,B,CROSSING IN CROSS WALK AT INTERSECTION,,A,214615,,1.0,PARK AV,WESTE,,,A,,,SUNOL ST,,,A,7/26/2024 12:56:59 PM,1/29/2025 10:31:05 AM,,,2,,,,,,,
2768984,2021-211380015,2,False,4313,5/18/2021 12:19:00 AM,19,C5,1368,4313,San Jose,43,True,True,D,BROADSIDE,,Tuesday,,,,,False,False,True,,C,OTHER MOTOR VEHICLE,,2.0,0.0,CLEAR,, NO UNUSUAL CONDITIONS - NO UNUSUAL CONDITIONS,, ,C,DARK-STREET LIGHTS,,,,,,,A,NO PEDESTRIANS INVOLVED,,A,21453A,,,STORY RD,FOOTH,,,A,,,S CAPITOL AV,,,A,7/26/2024 12:56:58 PM,1/29/2025 10:31:05 AM,,,2,,,,,,,
2768983,2021-211390039,2,False,4313,5/18/2021 12:45:00 PM,1245,5,1368,4313,San Jose,43,True,True,B,SIDE SWIPE,,Tuesday,,,,,False,False,True,,C,OTHER MOTOR VEHICLE,,1.0,0.0,CLEAR,, NO UNUSUAL CONDITIONS - NO UNUSUAL CONDITIONS,, ,C,DARK-STREET LIGHTS,,,,,,,A,NO PEDESTRIANS INVOLVED,,D,,,,BLOSSOM HILL RD,XRAY,,,,,,MONNTEREY HWY,,,D,7/26/2024 12:56:58 PM,1/29/2025 10:31:05 AM,,,2,,,,,,,
2768975,2021-211420047,2,False,4313,5/22/2021 1:04:00 AM,104,P1,1368,4313,San Jose,43,True,True,G,VEHICLE/PEDESTRAIN,,Saturday,,,,,False,True,False,,B,PEDESTRIAN,,1.0,0.0,CLEAR,, NO UNUSUAL CONDITIONS - NO UNUSUAL CONDITIONS,, ,C,DARK-STREET LIGHTS,,,,,,,B,CROSSING IN CROSS WALK AT INTERSECTION,,B,,,1.0,TULLY RD,PAUL,,,A,,,RT 101,,,A,7/26/2024 12:56:57 PM,1/29/2025 10:31:04 AM,,,2,,,,,,,
2768235,2021-210930093,2,False,4313,4/3/2021 2:11:00 AM,211,X1,1368,4313,San Jose,43,True,True,F,OVERTURNED,,Saturday,,,,,False,False,True,,A,NON-COLLISION,,1.0,0.0,CLEAR,, NO UNUSUAL CONDITIONS - NO UNUSUAL CONDITIONS,, ,C,DARK-STREET LIGHTS,,,,,,,A,NO PEDESTRIANS INVOLVED,,A,22350,,1.0,NARVAEZ AV,XRAY,,,A,,,CAPITOL EX,,,D,7/26/2024 12:54:58 PM,1/29/2025 10:30:15 AM,,,2,,,,,,,
2768187,2021-211330969,2,False,4313,5/13/2021 6:00:00 PM,1800,L5,1368,4313,San Jose,43,True,True,G,VEHICLE/PEDESTRAIN,,Thursday,,,,,False,False,False,,B,PEDESTRIAN,,1.0,0.0,CLEAR,, NO UNUSUAL CONDITIONS - NO UNUSUAL CONDITIONS,, ,A,DAYLIGHT,,,,,,,B,CROSSING IN CROSS WALK AT INTERSECTION,,A,21950,,1.0,RANCHO DR,F,,,A,,,SEVEN TREES BL,,,D,7/26/2024 12:54:51 PM,1/29/2025 10:30:12 AM,,,2,,,,,,,
2767899,2021-211290541,2,False,4313,5/9/2021 4:08:00 PM,1608,4,1368,4313,San Jose,43,True,True,A,HEAD-ON,,Sunday,,,,,False,False,True,,C,OTHER MOTOR VEHICLE,,1.0,0.0,CLEAR,, NO UNUSUAL CONDITIONS - NO UNUSUAL CONDITIONS,, ,A,DAYLIGHT,37.181293,-121.514025,,,,,A,NO PEDESTRIANS INVOLVED,,B,,,1.0,MONTEREY RD,LINCO,,,A,,,TULLY RD,,,A,7/26/2024 12:54:05 PM,1/29/2025 10:29:53 AM,,,2,,,,,,,
2767897,2021-211331001,2,False,4313,5/13/2021 9:36:00 PM,2136,R4,1368,4313,San Jose,43,True,True,D,BROADSIDE,,Thursday,,,,,False,True,False,,C,OTHER MOTOR VEHICLE,,1.0,0.0,CLEAR,, NO UNUSUAL CONDITIONS - NO UNUSUAL CONDITIONS,, ,C,DARK-STREET LIGHTS,37.225592,-121.541932,,,,,A,NO PEDESTRIANS INVOLVED,,A,21453C,,1.0,E BROKAW RD,ROBER,,,A,,,RT 880,,,A,7/26/2024 12:54:05 PM,1/29/2025 10:29:52 AM,,,2,,,,,,,
2767896,,2,False,4313,5/13/2021 3:26:00 PM,1526,M5,1368,4313,San Jose,43,True,True,C,REAR END,,Thursday,,,,,False,True,False,,C,OTHER MOTOR VEHICLE,,1.0,0.0,CLEAR,, NO UNUSUAL CONDITIONS - NO UNUSUAL CONDITIONS,, ,A,DAYLIGHT,,,,,,,A,NO PEDESTRIANS INVOLVED,,A,23103A,,1.0,CAPITOL EXPWY,MARY,,,A,,,RT 680,,,D,7/26/2024 12:54:05 PM,1/29/2025 10:29:52 AM,,,2,,,,,,,
2767895,2021-211320748,2,False,4313,5/12/2021 6:00:00 PM,1800,2,1368,4313,San Jose,43,True,True,A,HEAD-ON,,Wednesday,,,,,False,False,False,,C,OTHER MOTOR VEHICLE,,2.0,0.0,CLEAR,, NO UNUSUAL CONDITIONS - NO UNUSUAL CONDITIONS,, ,A,DAYLIGHT,37.192324,-121.585669,,,,,A,NO PEDESTRIANS INVOLVED,,A,22102,,1.0,STEVENS CREEK BL,NORA,,,A,,,WOODHAMS RD,,,A,7/26/2024 12:54:04 PM,1/29/2025 10:29:52 AM,,,2,,,,,,,
2767894,2021-211381179,2,False,4313,5/18/2021 11:23:00 PM,2323,3,1368,4313,San Jose,43,True,True,B,SIDE SWIPE,,Tuesday,,,,,False,False,False,,C,OTHER MOTOR VEHICLE,,1.0,0.0,CLEAR,, NO UNUSUAL CONDITIONS - NO UNUSUAL CONDITIONS,, ,C,DARK-STREET LIGHTS,,,,,,,A,NO PEDESTRIANS INVOLVED,,A,22107,,1.0,TULLY RD,LINCO,,,A,,,MCLAUGHLIN AV,,,D,7/26/2024 12:54:04 PM,1/29/2025 10:29:52 AM,,,2,,,,,,,
2767893,2021-211350710,2,False,4313,5/15/2021 6:21:00 PM,1821,5,1368,4313,San Jose,43,True,True,B,SIDE SWIPE,,Saturday,,,,,False,False,True,,C,OTHER MOTOR VEHICLE,,1.0,0.0,CLEAR,, NO UNUSUAL CONDITIONS - NO UNUSUAL CONDITIONS,, ,A,DAYLIGHT,,,,,,,A,NO PEDESTRIANS INVOLVED,,A,22100B,,1.0,ALMADEN AV,SAM,,,A,,,WILLOW ST,,,,7/26/2024 12:54:04 PM,1/29/2025 10:29:52 AM,,,2,,,,,,,
2767892,2021-211280743,2,False,4313,5/8/2021 6:50:00 PM,1850,F4,1368,4313,San Jose,43,True,True,D,BROADSIDE,,Saturday,,,,,False,False,False,,C,OTHER MOTOR VEHICLE,,1.0,0.0,CLEAR,, NO UNUSUAL CONDITIONS - NO UNUSUAL CONDITIONS,, ,A,DAYLIGHT,37.194485,-121.55565,,,,,A,NO PEDESTRIANS INVOLVED,,A,21453A,,1.0,PARK AV,DF,,,A,,,SHASTA AV,,,A,7/26/2024 12:54:04 PM,1/29/2025 10:29:52 AM,,,2,,,,,,,
2767891,2021-211320522,2,False,4313,5/12/2021 1:12:00 PM,1312,5,1368,4313,San Jose,43,True,True,D,BROADSIDE,,Wednesday,,,,,False,False,True,,C,OTHER MOTOR VEHICLE,,2.0,0.0,CLEAR,, NO UNUSUAL CONDITIONS - NO UNUSUAL CONDITIONS,, ,A,DAYLIGHT,,,,,,,A,NO PEDESTRIANS INVOLVED,,A,21453,,1.0,STORY RD,CHARL,,,A,,,LYNDALE AV,,,A,7/26/2024 12:54:04 PM,1/29/2025 10:29:52 AM,,,2,,,,,,,
2767890,2021-211290037,2,False,4313,5/9/2021 12:34:00 AM,34,M3,1368,4313,San Jose,43,True,True,A,HEAD-ON,,Sunday,,,,,False,False,False,,B,PEDESTRIAN,,1.0,0.0,CLEAR,, NO UNUSUAL CONDITIONS - NO UNUSUAL CONDITIONS,, ,C,DARK-STREET LIGHTS,,,,,,,B,CROSSING IN CROSS WALK AT INTERSECTION,,A,21456,,,KING RD,FOOTH,,,A,,,MKEE RD,,,A,7/26/2024 12:54:04 PM,1/29/2025 10:29:52 AM,,,2,,,,,,,
2767889,2021-211280559,2,False,4313,5/8/2021 3:06:00 PM,1506,2,1368,4313,San Jose,43,True,True,D,BROADSIDE,,Saturday,,,,,False,True,True,,C,OTHER MOTOR VEHICLE,,1.0,0.0,CLEAR,, NO UNUSUAL CONDITIONS - NO UNUSUAL CONDITIONS,, ,A,DAYLIGHT,,,,,,,A,NO PEDESTRIANS INVOLVED,,D,,,,OAKLAND RD,VICTO,,,A,,,RT 101,,,A,7/26/2024 12:54:04 PM,1/29/2025 10:29:52 AM,,,2,,,,,,,
2767888,2021-211250191,2,False,4313,5/5/2021 8:18:00 AM,818,Y1,1368,4313,San Jose,43,True,True,C,REAR END,,Wednesday,,,,,False,False,False,,C,OTHER MOTOR VEHICLE,,1.0,0.0,CLEAR,, NO UNUSUAL CONDITIONS - NO UNUSUAL CONDITIONS,, ,A,DAYLIGHT,37.15129,-121.513196,,,,,A,NO PEDESTRIANS INVOLVED,,A,21453A,,1.0,SANTA TERESA BL,SOUTH,,,A,,,BLOSSOM HILL RD,,,A,7/26/2024 12:54:03 PM,1/29/2025 10:29:52 AM,,,2,,,,,,,
2767887,2021-211250153,2,False,4313,5/5/2021 7:17:00 AM,717,5,1368,4313,San Jose,43,True,True,,,,Wednesday,,,,,False,False,True,,C,OTHER MOTOR VEHICLE,,1.0,0.0,CLEAR,, NO UNUSUAL CONDITIONS - NO UNUSUAL CONDITIONS,, ,A,DAYLIGHT,,,,,,,A,NO PEDESTRIANS INVOLVED,,A,22350,,1.0,HILLSDALE AV,DISTR,,,A,,,CAPITOL EXPWY,,,D,7/26/2024 12:54:03 PM,1/29/2025 10:29:52 AM,,,2,,,,,,,
2767886,2021-211270382,2,False,4313,5/7/2021 12:06:00 PM,1206,YELLOW,1368,4313,San Jose,43,True,True,C,REAR END,,Friday,,,,,False,False,False,,C,OTHER MOTOR VEHICLE,,1.0,0.0,CLEAR,, NO UNUSUAL CONDITIONS - NO UNUSUAL CONDITIONS,, ,A,DAYLIGHT,37.151134,-121.49511,,,,,A,NO PEDESTRIANS INVOLVED,,D,,,,SNELL AV,SOUTH,,,A,,,GUIFFRIDA AV,,,D,7/26/2024 12:54:03 PM,1/29/2025 10:29:52 AM,,,2,,,,,,,
2767885,2021-211290477,2,False,4313,5/9/2021 2:55:00 PM,1455,X4,1368,4313,San Jose,43,True,True,D,BROADSIDE,,Sunday,,,,,False,False,False,,G,BICYCLE,,1.0,0.0,CLEAR,, NO UNUSUAL CONDITIONS - NO UNUSUAL CONDITIONS,, ,A,DAYLIGHT,37.15525,-121.49298,,,,,E,IN ROAD - INCLUDES SHOULDER,,A,21804,,1.0,LEAN AV,SOUTH,,,A,,,BLOSSOM HILL RD,,,D,7/26/2024 12:54:03 PM,1/29/2025 10:29:52 AM,,,2,,,,,,,