Collision Id,	Report Number,	Report Version,	Is Preliminary,	NCIC Code,Crash Date Time,	Crash Time Description,	Beat,City Id,	City Code,	City Name,County Code,	City Is Active,	City Is Incorporated,	Collision Type Code,Collision Type Description,	Collision Type Other Desc,	Day Of Week,	DispatchNotified,	HasPhotographs,	HitRun,	IsAttachmentsMailed,	IsDeleted,	IsHighwayRelated,	IsTowAway,	JudicialDistrict,	MotorVehicleInvolvedWithCode,	MotorVehicleInvolvedWithDesc,MotorVehicleInvolvedWithOtherDesc,	NumberInjured,	NumberKilled,Weather 1, Weather 2, Road Condition 1, Road Condition 2, Special Condition,LightingCode, LightingDescription,Latitude,Longitude,MilepostDirection,MilepostDistance,MilepostMarker,MilepostUnitOfMeasure,	PedestrianActionCode,PedestrianActionDesc,PreparedDate,	Primary Collision Factor Code,Primary Collision Factor Violation,PrimaryCollisionFactorIsCited,	PrimaryCollisionPartyNumber,	PrimaryRoad,	ReportingDistrict,	ReportingDistrictCode,ReviewedDate,	RoadwaySurfaceCode,SecondaryDirection,	SecondaryDistance,	SecondaryRoad,	SecondaryUnitOfMeasure,	SketchDesc,	TrafficControlDeviceCode,CreatedDate,	ModifiedDate,IsCountyRoad,IsFreeway,CHP555Version,	IsAdditonalObjectStruck,NotificationDate,	NotificationTimeDescription,	HasDigitalMediaFiles,	EvidenceNumber,	IsLocationReferToNarrative,	IsAOIOneSameAsLocation
2764029,2021-211570745,2,False,4313,6/6/2021 7:26:00 PM,1926,3,1368,4313,San Jose,43,True,True,B,SIDE SWIPE,,Sunday,,,F,,False,True,True,,C,OTHER MOTOR VEHICLE,,2.0,0.0,CLEAR,, NO UNUSUAL CONDITIONS - NO UNUSUAL CONDITIONS,, ,A,DAYLIGHT,,,,,,,A,NO PEDESTRIANS INVOLVED,,A,21453C,,1.0,TRIMBLE RD,ROBER,,,A,,,RT 101,,,D,7/26/2024 12:44:23 PM,1/29/2025 10:25:57 AM,,,2,,,,,,,
2764028,2021-211580955,2,False,4313,6/7/2021 8:15:00 PM,2015,L4,1368,4313,San Jose,43,True,True,C,REAR END,,Monday,,,F,,False,False,False,,C,OTHER MOTOR VEHICLE,,1.0,0.0,CLEAR,, NO UNUSUAL CONDITIONS - NO UNUSUAL CONDITIONS,, ,A,DAYLIGHT,,,,,,,A,NO PEDESTRIANS INVOLVED,,A,22350,,1.0,TULLY RD,DL,,,A,,,S 10TH ST,,,A,7/26/2024 12:44:23 PM,1/29/2025 10:25:57 AM,,,2,,,,,,,
2764027,2021-2115660379,2,False,4313,6/5/2021 11:44:00 AM,1144,A3,1368,4313,San Jose,43,True,True,D,BROADSIDE,,Saturday,,,,,False,False,True,,C,OTHER MOTOR VEHICLE,,1.0,0.0,CLEAR,, NO UNUSUAL CONDITIONS - NO UNUSUAL CONDITIONS,, ,B,DUSK-DAWN,,,,,,,A,NO PEDESTRIANS INVOLVED,,A,21453A,,1.0,ALMADEN EX,ADAM,,,A,,,ALMADEN PLAZA WY,,,A,7/26/2024 12:44:23 PM,1/29/2025 10:25:57 AM,,,2,,,,,,,
2764026,2021-211560486,2,False,4313,6/5/2021 2:25:00 PM,1425,M2,1368,4313,San Jose,43,True,True,D,BROADSIDE,,Saturday,,,,,False,False,False,,G,BICYCLE,,1.0,0.0,CLEAR,, NO UNUSUAL CONDITIONS - NO UNUSUAL CONDITIONS,, ,A,DAYLIGHT,,,,,,,A,NO PEDESTRIANS INVOLVED,,A,21453A,,1.0,MCKEE RD,DM,,,A,,,EL RANCHO VERDE,,,A,7/26/2024 12:44:23 PM,1/29/2025 10:25:57 AM,,,2,,,,,,,
2764025,2021-211560086,2,False,4313,6/5/2021 1:45:00 AM,145,E3,1368,4313,San Jose,43,True,True,D,BROADSIDE,,Saturday,,,F,,False,False,False,,B,PEDESTRIAN,,1.0,0.0,CLEAR,, OTHER* - OTHER*,, ,C,DARK-STREET LIGHTS,37.20701,-121.532367,,,,,B,CROSSING IN CROSS WALK AT INTERSECTION,,A,21801,,1.0,POST ST,EDWAR,,,A,,,S 1ST ST,,,A,7/26/2024 12:44:23 PM,1/29/2025 10:25:57 AM,,,2,,,,,,,
2764024,2021-211520779,2,False,4313,6/1/2021 5:24:00 PM,1724,A4,1368,4313,San Jose,43,True,True,D,BROADSIDE,,Tuesday,,,,,False,False,False,,C,OTHER MOTOR VEHICLE,,1.0,0.0,CLEAR,, NO UNUSUAL CONDITIONS - NO UNUSUAL CONDITIONS,, ,A,DAYLIGHT,37.134541,-121.523572,,,,,A,NO PEDESTRIANS INVOLVED,,A,21453,,1.0,REDMOND AV,SOUTH,,,A,E,52.0,MCABEE RD,F,,A,7/26/2024 12:44:23 PM,1/29/2025 10:25:57 AM,,,2,,,,,,,
2764023,2021-211531137,2,False,4313,6/2/2021 9:44:00 PM,2144,F3,1368,4313,San Jose,43,True,True,G,VEHICLE/PEDESTRAIN,,Wednesday,,,,,False,False,False,,B,PEDESTRIAN,,1.0,0.0,CLEAR,, NO UNUSUAL CONDITIONS - NO UNUSUAL CONDITIONS,, ,D,DARK-NO STREET LIGHTS,,,,,,,D,CROSSING - NOT IN CROSSWALK,,D,,,,NAGLEE AV,DF,,,A,W,13.0,DANA AV,F,,A,7/26/2024 12:44:22 PM,1/29/2025 10:25:57 AM,,,2,,,,,,,
2764022,2021-211530526,2,False,4313,6/2/2021 12:59:00 PM,1259,R4,1368,4313,San Jose,43,True,True,D,BROADSIDE,,Wednesday,,,,,False,False,False,,C,OTHER MOTOR VEHICLE,,1.0,0.0,CLEAR,, NO UNUSUAL CONDITIONS - NO UNUSUAL CONDITIONS,, ,A,DAYLIGHT,,,,,,,A,NO PEDESTRIANS INVOLVED,,A,21804A,,1.0,COMMERCIAL ST,ROBER,,,A,,,OAKLAND RD,,,,7/26/2024 12:44:22 PM,1/29/2025 10:25:57 AM,,,2,,,,,,,
2764021,2021-211520467,2,False,4313,6/1/2021 12:15:00 PM,1215,L2,1368,4313,San Jose,43,True,True,D,BROADSIDE,,Tuesday,,,,,False,False,True,,C,OTHER MOTOR VEHICLE,,1.0,0.0,CLEAR,, NO UNUSUAL CONDITIONS - NO UNUSUAL CONDITIONS,, ,A,DAYLIGHT,,,,,,,A,NO PEDESTRIANS INVOLVED,,A,21453A,,1.0,MCLAUGHLIN AV,LINCO,,,A,,,PHELAN AV,,,,7/26/2024 12:44:22 PM,1/29/2025 10:25:57 AM,,,2,,,,,,,
2764020,2021-211520248,2,False,4313,6/1/2021 8:30:00 AM,830,2,1368,4313,San Jose,43,True,True,A,HEAD-ON,,Tuesday,,,,,False,False,True,,I,FIXED OBJECT,,1.0,0.0,CLEAR,, NO UNUSUAL CONDITIONS - NO UNUSUAL CONDITIONS,, ,A,DAYLIGHT,37.225896,-121.512388,,,,,A,NO PEDESTRIANS INVOLVED,,A,22350,,1.0,N CAPITOL AV,WILLI,,,A,,,PENITENCIA CREEK RD,,,A,7/26/2024 12:44:22 PM,1/29/2025 10:25:57 AM,,,2,,,,,,,
2764017,2021-211520691,2,False,4313,6/11/2021 6:37:00 PM,1837,Y5,1368,4313,San Jose,43,True,True,C,REAR END,,Friday,,,,,False,False,True,,C,OTHER MOTOR VEHICLE,,1.0,0.0,CLEAR,, NO UNUSUAL CONDITIONS - NO UNUSUAL CONDITIONS,, ,A,DAYLIGHT,37.10277,-121.411982,,,,,A,NO PEDESTRIANS INVOLVED,,A,22350,,1.0,MONTEREY HY,DY,,,A,,,LIVE OAK AV,,,D,7/26/2024 12:44:22 PM,1/29/2025 10:25:57 AM,,,2,,,,,,,
2764016,2021-211460316,2,False,4313,5/26/2021 11:34:00 AM,1134,F5,1368,4313,San Jose,43,True,True,D,BROADSIDE,,Wednesday,,,,,False,False,True,,C,OTHER MOTOR VEHICLE,,1.0,0.0,CLEAR,, NO UNUSUAL CONDITIONS - NO UNUSUAL CONDITIONS,, ,A,DAYLIGHT,,,,,,,A,NO PEDESTRIANS INVOLVED,,A,21453,,1.0,PARKMOOR AV,WESTE,,,A,,,LEIGH AV,,,A,7/26/2024 12:44:21 PM,1/29/2025 10:25:57 AM,,,2,,,,,,,
2764015,2021-211510812,2,False,4313,5/31/2021 8:14:00 PM,2014,W4,1368,4313,San Jose,43,True,True,E,HIT OBJECT,,Monday,,,F,,False,False,True,,I,FIXED OBJECT,,1.0,0.0,CLEAR,, NO UNUSUAL CONDITIONS - NO UNUSUAL CONDITIONS,, ,A,DAYLIGHT,,,,,,,,,,A,22107,,2.0,N WHITE RD,WILLI,,,A,,,MADELINE DR,,,D,7/26/2024 12:44:21 PM,1/29/2025 10:25:57 AM,,,2,,,,,,,
2764014,2021-211400216,2,False,4313,5/20/2021 8:15:00 AM,815,1,1368,4313,San Jose,43,True,True,C,REAR END,,Thursday,,,,,False,False,False,,C,OTHER MOTOR VEHICLE,,1.0,0.0,CLEAR,, NO UNUSUAL CONDITIONS - NO UNUSUAL CONDITIONS,, ,A,DAYLIGHT,,,,,,,A,NO PEDESTRIANS INVOLVED,,A,22350,,1.0,FRUITDALE AV,SAM,,,A,S,20.0,RICHMOND AV,F,,A,7/26/2024 12:44:21 PM,1/29/2025 10:25:56 AM,,,2,,,,,,,
2764013,2021-211510465,2,False,4313,5/31/2021 12:58:00 PM,1258,N2,1368,4313,San Jose,43,True,True,B,SIDE SWIPE,,Monday,,,,,False,False,True,,E,PARKED MOTOR VEHICLE,,1.0,0.0,CLEAR,, NO UNUSUAL CONDITIONS - NO UNUSUAL CONDITIONS,, ,A,DAYLIGHT,,,,,,,A,NO PEDESTRIANS INVOLVED,,A,22107,,1.0,AUBURN WY,DN,,,A,N,36.0,NORWALK DR,F,,A,7/26/2024 12:44:21 PM,1/29/2025 10:25:56 AM,,,2,,,,,,,
2764012,2021-211500650,2,False,4313,5/30/2021 5:30:00 PM,1730,4,1368,4313,San Jose,43,True,True,D,BROADSIDE,,Sunday,,,,,False,False,True,,D,MOTOR VEHICLE ON OTHER ROADWAY,,4.0,0.0,CLEAR,, NO UNUSUAL CONDITIONS - NO UNUSUAL CONDITIONS,, ,A,DAYLIGHT,,,,,,,A,NO PEDESTRIANS INVOLVED,,A,21808A,,1.0,SIERRA RD,ROBER,,,A,,,BRIARBERRY CT,,,D,7/26/2024 12:44:21 PM,1/29/2025 10:25:56 AM,,,2,,,,,,,
2764011,2021-211500570,2,False,4313,5/30/2021 3:58:00 PM,1558,N4,1368,4313,San Jose,43,True,True,A,HEAD-ON,,Sunday,,,,,False,False,True,,I,FIXED OBJECT,,4.0,0.0,CLEAR,, NO UNUSUAL CONDITIONS - NO UNUSUAL CONDITIONS,, ,A,DAYLIGHT,,,,,,,A,NO PEDESTRIANS INVOLVED,,A,22350,,1.0,WILL ROGERS DR,,,,A,,,SARATOGA AV,,,A,7/26/2024 12:44:20 PM,1/29/2025 10:25:56 AM,,,2,,,,,,,
2764010,2021-211410642,2,False,4313,5/21/2021 5:17:00 PM,1717,3,1368,4313,San Jose,43,True,True,D,BROADSIDE,,Friday,,,F,,False,False,False,,G,BICYCLE,,1.0,0.0,CLEAR,, NO UNUSUAL CONDITIONS - NO UNUSUAL CONDITIONS,, ,A,DAYLIGHT,,,,,,,A,NO PEDESTRIANS INVOLVED,,A,22450A,,1.0,E EMPIRE ST,VICTO,,,A,,,N 17TH ST,,,A,7/26/2024 12:44:20 PM,1/29/2025 10:25:56 AM,,,2,,,,,,,
2764009,2021-211490536,2,False,4313,5/29/2021 3:24:00 PM,1524,2,1368,4313,San Jose,43,True,True,G,VEHICLE/PEDESTRAIN,,Saturday,,,F,,False,False,False,,B,PEDESTRIAN,,1.0,0.0,CLEAR,, NO UNUSUAL CONDITIONS - NO UNUSUAL CONDITIONS,, ,A,DAYLIGHT,,,,,,,B,CROSSING IN CROSS WALK AT INTERSECTION,,A,22107,,1.0,KOOSER RD,ADAM,,,A,,,CARTER AV,,,,7/26/2024 12:44:20 PM,1/29/2025 10:25:56 AM,,,2,,,,,,,
2764008,2021-211500662,2,False,4313,5/30/2021 5:42:00 PM,1742,F3,1368,4313,San Jose,43,True,True,B,SIDE SWIPE,,Sunday,,,,,False,False,True,,C,OTHER MOTOR VEHICLE,,0.0,0.0,CLEAR,, NO UNUSUAL CONDITIONS - NO UNUSUAL CONDITIONS,, ,A,DAYLIGHT,,,,,,,A,NO PEDESTRIANS INVOLVED,,A,21751,,1.0,PARK AV,DF,,,A,,, EMORY ST,,,D,7/26/2024 12:44:20 PM,1/29/2025 10:25:56 AM,,,2,,,,,,,
2764007,2021-211510472,2,False,4313,5/31/2021 1:08:00 PM,1308,V2,1368,4313,San Jose,43,True,True,,,,Monday,,,,,False,False,True,,C,OTHER MOTOR VEHICLE,,1.0,0.0,CLEAR,, NO UNUSUAL CONDITIONS - NO UNUSUAL CONDITIONS,, ,A,DAYLIGHT,,,,,,,F,NOT IN ROAD,,A,21658,,1.0,N 13TH ST,DV,,,A,,,VESTAL ST,,,A,7/26/2024 12:44:20 PM,1/29/2025 10:25:56 AM,,,2,,,,,,,
2764006,2021-211510358,2,False,4313,5/31/2021 10:44:00 AM,1044,L4,1368,4313,San Jose,43,True,True,A,HEAD-ON,,Monday,,,,,False,False,True,,C,OTHER MOTOR VEHICLE,,2.0,0.0,CLEAR,, LOOSE MATERIAL ON ROADWAY* - LOOSE MATERIAL ON ROADWAY*,NO UNUSUAL CONDITIONS - NO UNUSUAL CONDITIONS, ,A,DAYLIGHT,,,,,,,A,NO PEDESTRIANS INVOLVED,,A,21703,,1.0,MONTEREY RD,DL,,,A,,,OLD TULLY RD,,,D,7/26/2024 12:44:20 PM,1/29/2025 10:25:56 AM,,,2,,,,,,,
2764005,2021-211510668,2,False,4313,5/31/2021 5:58:00 PM,1758,X4,1368,4313,San Jose,43,True,True,B,SIDE SWIPE,,Monday,,,,,False,False,False,,D,MOTOR VEHICLE ON OTHER ROADWAY,,1.0,0.0,CLEAR,, NO UNUSUAL CONDITIONS - NO UNUSUAL CONDITIONS,, ,A,DAYLIGHT,,,,,,,A,NO PEDESTRIANS INVOLVED,,A,21804,,1.0,LEAN AV,XRAY,,,A,,,HAYES AV,,,D,7/26/2024 12:44:19 PM,1/29/2025 10:25:56 AM,,,2,,,,,,,
2764004,2021-211480388,2,False,4313,5/28/2021 2:12:00 PM,1412,T3,1368,4313,San Jose,43,True,True,C,REAR END,,Friday,,,,,False,False,False,,C,OTHER MOTOR VEHICLE,,1.0,0.0,CLEAR,, NO UNUSUAL CONDITIONS - NO UNUSUAL CONDITIONS,, ,A,DAYLIGHT,37.172508,-121.53748,,,,,A,NO PEDESTRIANS INVOLVED,,A,21703,,1.0,CURTNER AV,DT,,,A,E,0.25,LINCOLN AV,M,,D,7/26/2024 12:44:19 PM,1/29/2025 10:25:56 AM,,,2,,,,,,,
2763985,2021-211490951,2,False,4313,5/29/2021 10:30:00 PM,2230,1,1368,4313,San Jose,43,True,True,D,BROADSIDE,,Saturday,,,,,False,False,True,,C,OTHER MOTOR VEHICLE,,1.0,0.0,CLEAR,, NO UNUSUAL CONDITIONS - NO UNUSUAL CONDITIONS,, ,C,DARK-STREET LIGHTS,,,,,,,A,NO PEDESTRIANS INVOLVED,,A,21453A,,1.0,S 1ST ST,LINCO,,,A,,,MARTHA ST,,,A,7/26/2024 12:44:16 PM,1/29/2025 10:25:54 AM,,,2,,,,,,,
2763978,2021-211480624,2,False,4313,5/28/2021 4:45:00 PM,1645,Y5,1368,4313,San Jose,43,True,True,D,BROADSIDE,,Friday,,,,,False,False,True,,C,OTHER MOTOR VEHICLE,,1.0,0.0,CLEAR,, NO UNUSUAL CONDITIONS - NO UNUSUAL CONDITIONS,, ,A,DAYLIGHT,,,,,,,A,NO PEDESTRIANS INVOLVED,,D,21456A,,1.0,FLINTWELL WY,SOUTH,,,A,,,KNOLLWELL WY,,,D,7/26/2024 12:44:15 PM,1/29/2025 10:25:53 AM,,,2,,,,,,,
2763977,2021-211450632,2,False,4313,5/25/2021 2:53:00 PM,1453,K-2,1368,4313,San Jose,43,True,True,D,BROADSIDE,,Tuesday,,,,,False,False,False,,C,OTHER MOTOR VEHICLE,,2.0,0.0,CLEAR,, NO UNUSUAL CONDITIONS - NO UNUSUAL CONDITIONS,, ,A,DAYLIGHT,,,,,,,A,NO PEDESTRIANS INVOLVED,,A,21453A,,1.0,S 10TH ST,CENTR,,,A,,,E SAN SALVADOR ST,,,A,7/26/2024 12:44:15 PM,1/29/2025 10:25:53 AM,,,2,,,,,,,
2763588,2021-211220524,2,False,4313,5/2/2021 2:14:00 PM,1414,R2,1368,4313,San Jose,43,True,True,D,BROADSIDE,,Sunday,,,,,False,False,True,,C,OTHER MOTOR VEHICLE,,5.0,0.0,CLEAR,, NO UNUSUAL CONDITIONS - NO UNUSUAL CONDITIONS,, ,A,DAYLIGHT,37.234987,-121.531878,,,,,A,NO PEDESTRIANS INVOLVED,,A,22350,,1.0,QUME DR,CENTR,,,A,,,CONCOURSE DR,,,D,7/26/2024 12:43:07 PM,1/29/2025 10:25:29 AM,,,2,,,,,,,
2763584,2021-211280991,2,False,4313,5/8/2021 10:40:00 PM,2240,M5,1368,4313,San Jose,43,True,True,G,VEHICLE/PEDESTRAIN,,Saturday,,,,,False,False,False,,B,PEDESTRIAN,,1.0,0.0,CLEAR,, NO UNUSUAL CONDITIONS - NO UNUSUAL CONDITIONS,, ,C,DARK-STREET LIGHTS,,,,,,,D,CROSSING - NOT IN CROSSWALK,,A,21954A,,1.0,S CAPITOL AV,MARY,,,A,N,164.0,WILBUR AV,F,,D,7/26/2024 12:43:07 PM,1/29/2025 10:25:29 AM,,,2,,,,,,,
2763583,2021-211290334,2,False,4313,5/9/2021 11:21:00 AM,1121,P2,1368,4313,San Jose,43,True,True,D,BROADSIDE,,Sunday,,,,,False,False,True,,C,OTHER MOTOR VEHICLE,,1.0,0.0,CLEAR,, NO UNUSUAL CONDITIONS - NO UNUSUAL CONDITIONS,, ,A,DAYLIGHT,,,,,,,A,NO PEDESTRIANS INVOLVED,,A,21453A,,1.0,TULLY RD,PAUL,,,A,,,E CAPITOL EXPWY,,,A,7/26/2024 12:43:06 PM,1/29/2025 10:25:29 AM,,,2,,,,,,,
2763582,2021-211250693,2,False,4313,5/5/2021 5:30:00 PM,1730,R2,1368,4313,San Jose,43,True,True,C,REAR END,,Wednesday,,,,,False,False,False,,C,OTHER MOTOR VEHICLE,,1.0,0.0,CLEAR,, NO UNUSUAL CONDITIONS - NO UNUSUAL CONDITIONS,, ,A,DAYLIGHT,,,,,,,A,NO PEDESTRIANS INVOLVED,,A,22350,,1.0,MURPHY AV,ROBER,,,A,,,RINGWOOD AV,,,D,7/26/2024 12:43:06 PM,1/29/2025 10:25:29 AM,,,2,,,,,,,
2763581,2021-211270614,2,False,4313,5/7/2021 4:22:00 PM,1622,M5,1368,4313,San Jose,43,True,True,A,HEAD-ON,,Friday,,,,,False,False,True,,C,OTHER MOTOR VEHICLE,,2.0,0.0,CLEAR,, NO UNUSUAL CONDITIONS - NO UNUSUAL CONDITIONS,, ,A,DAYLIGHT,,,,,,,A,NO PEDESTRIANS INVOLVED,,A,22107,,1.0,FLORENCE AV,MARY,,,A,E,42.0,NANCY LN,F,,,7/26/2024 12:43:06 PM,1/29/2025 10:25:29 AM,,,2,,,,,,,
2763580,2021-211251050,2,False,4313,5/5/2021 11:15:00 PM,2315,L3,1368,4313,San Jose,43,True,True,D,BROADSIDE,,Wednesday,,,,,False,False,True,,C,OTHER MOTOR VEHICLE,,3.0,0.0,CLEAR,, NO UNUSUAL CONDITIONS - NO UNUSUAL CONDITIONS,, ,C,DARK-STREET LIGHTS,,,,,,,A,NO PEDESTRIANS INVOLVED,,A,21804A,,1.0,LUCRETIA AV,LINCO,,,A,,,DEER MEADOW CT,,,D,7/26/2024 12:43:06 PM,1/29/2025 10:25:29 AM,,,2,,,,,,,
2763579,2021-211250987,2,False,4313,5/6/2021 6:55:00 AM,655,F1,1368,4313,San Jose,43,True,True,D,BROADSIDE,,Thursday,,,,,False,False,True,,C,OTHER MOTOR VEHICLE,,1.0,0.0,CLEAR,, NO UNUSUAL CONDITIONS - NO UNUSUAL CONDITIONS,, ,C,DARK-STREET LIGHTS,,,,,,,A,NO PEDESTRIANS INVOLVED,,A,21453A,,1.0,MOORPARK AV,DF,,,A,,,S WINCHESTER AV,,,A,7/26/2024 12:43:06 PM,1/29/2025 10:25:29 AM,,,2,,,,,,,
2763578,2021-211240484,2,False,4313,5/4/2021 1:12:00 PM,1312,C1,1368,4313,San Jose,43,True,True,C,REAR END,,Tuesday,,,,,False,False,False,,C,OTHER MOTOR VEHICLE,,1.0,0.0,CLEAR,, NO UNUSUAL CONDITIONS - NO UNUSUAL CONDITIONS,, ,A,DAYLIGHT,,,,,,,,,,A,21703,,1.0,CAPITOL EXPWY,FOOTH,,,A,,,STORY RD,,,A,7/26/2024 12:43:05 PM,1/29/2025 10:25:29 AM,,,2,,,,,,,
2763577,2021-211280795,2,False,4313,5/8/2021 7:43:00 PM,1943,2,1368,4313,San Jose,43,True,True,D,BROADSIDE,,Saturday,,,,,False,False,True,,C,OTHER MOTOR VEHICLE,,1.0,0.0,CLEAR,, NO UNUSUAL CONDITIONS - NO UNUSUAL CONDITIONS,, ,A,DAYLIGHT,,,,,,,A,NO PEDESTRIANS INVOLVED,,A,22107,,1.0,E JULIAN ST,VICTO,,,A,,,E JULIAN ST 797,,,A,7/26/2024 12:43:05 PM,1/29/2025 10:25:28 AM,,,2,,,,,,,
2763576,2021-211240423,2,False,4313,5/3/2021 1:00:00 PM,1300,W1,1368,4313,San Jose,43,True,True,D,BROADSIDE,,Monday,,,,,False,False,False,,G,BICYCLE,,1.0,0.0,CLEAR,, NO UNUSUAL CONDITIONS - NO UNUSUAL CONDITIONS,, ,A,DAYLIGHT,,,,,,,A,NO PEDESTRIANS INVOLVED,,A,,,1.0,PIEDMONT RD,WILLI,,,A,,,PIEDMONT RD 1315,,,A,7/26/2024 12:43:05 PM,1/29/2025 10:25:29 AM,,,2,,,,,,,
2763575,2021-211230497,2,False,4313,5/3/2021 2:23:00 PM,1423,F4,1368,4313,San Jose,43,True,True,D,BROADSIDE,,Monday,,,F,,False,False,False,,C,OTHER MOTOR VEHICLE,,1.0,0.0,CLEAR,, NO UNUSUAL CONDITIONS - NO UNUSUAL CONDITIONS,, ,A,DAYLIGHT,37.193439,-121.542235,,,,,A,NO PEDESTRIANS INVOLVED,,A,,,1.0,SUNOL ST,DF,,,A,,,PARK AV,,,A,7/26/2024 12:43:05 PM,1/29/2025 10:25:28 AM,,,2,,,,,,,
2763574,2021-211340428,2,False,4313,5/14/2021 1:17:00 PM,1317,F1,1368,4313,San Jose,43,True,True,C,REAR END,,Friday,,,F,,False,False,True,,C,OTHER MOTOR VEHICLE,,1.0,0.0,CLEAR,, NO UNUSUAL CONDITIONS - NO UNUSUAL CONDITIONS,, ,A,DAYLIGHT,37.1922,-121.57044,,,,,A,NO PEDESTRIANS INVOLVED,,A,22107,,1.0,S WINCHESTER BL,CENTR,,,A,N,2.0,TISCH WY,F,,A,7/26/2024 12:43:05 PM,1/29/2025 10:25:28 AM,,,2,,,,,,,
2763573,2021-211310193,2,False,4313,5/11/2021 7:35:00 AM,735,X5,1368,4313,San Jose,43,True,True,B,SIDE SWIPE,,Tuesday,,,,,False,False,True,,E,PARKED MOTOR VEHICLE,,1.0,0.0,CLEAR,, NO UNUSUAL CONDITIONS - NO UNUSUAL CONDITIONS,, ,A,DAYLIGHT,,,,,,,A,NO PEDESTRIANS INVOLVED,,A,22350,,1.0,FULLERTON DR,XRAY,,,A,E,150.0,FONTANELLE DR,F,,D,7/26/2024 12:43:05 PM,1/29/2025 10:25:28 AM,,,2,,,,,,,
2763572,2021-211290114,2,False,4313,5/9/2021 2:28:00 AM,228,A2,1368,4313,San Jose,43,True,True,A,HEAD-ON,,Sunday,,,,,False,True,True,,I,FIXED OBJECT,,1.0,0.0,CLEAR,, NO UNUSUAL CONDITIONS - NO UNUSUAL CONDITIONS,, ,C,DARK-STREET LIGHTS,,,,,,,A,NO PEDESTRIANS INVOLVED,,A,22350,,1.0,ALMADEN EXPWY,ADAM,,,A,,,RT 85,,,A,7/26/2024 12:43:05 PM,1/29/2025 10:25:28 AM,,,2,,,,,,,
2763571,2021-211260615,2,False,4313,5/6/2021 3:30:00 PM,1530,L1,1368,4313,San Jose,43,True,True,D,BROADSIDE,,Thursday,,,,,False,False,True,,C,OTHER MOTOR VEHICLE,,3.0,0.0,CLEAR,, NO UNUSUAL CONDITIONS - NO UNUSUAL CONDITIONS,, ,A,DAYLIGHT,,,,,,,A,NO PEDESTRIANS INVOLVED,,A,21801,,1.0,MONTEREY RD,DISTR,,,A,,,BELLEVUE AV,,,D,7/26/2024 12:43:04 PM,1/29/2025 10:25:28 AM,,,2,,,,,,,
2763570,2021-211290570,2,False,4313,5/9/2021 5:04:00 PM,1704,S4,1368,4313,San Jose,43,True,True,A,HEAD-ON,,Sunday,,,,,False,False,True,,C,OTHER MOTOR VEHICLE,,1.0,0.0,CLEAR,, NO UNUSUAL CONDITIONS - NO UNUSUAL CONDITIONS,, ,A,DAYLIGHT,37.181391,-121.53144,,,,,A,NO PEDESTRIANS INVOLVED,,A,21800A,,,WILLOW GLEN WY,SAM,,,A,,,BIRD AV,,,,7/26/2024 12:43:04 PM,1/29/2025 10:25:28 AM,,,2,,,,,,,
2763569,2021-211270906,2,False,4313,5/7/2021 8:56:00 PM,2056,E2,1368,4313,San Jose,43,True,True,G,VEHICLE/PEDESTRAIN,,Friday,,,,,False,False,False,,B,PEDESTRIAN,,2.0,0.0,CLEAR,, NO UNUSUAL CONDITIONS - NO UNUSUAL CONDITIONS,, ,C,DARK-STREET LIGHTS,,,,,,,B,CROSSING IN CROSS WALK AT INTERSECTION,,A,21950A,,1.0,N 1ST ST,CENTR,,,A,,,E SANTA CLARA ST,,,,7/26/2024 12:43:04 PM,1/29/2025 10:25:28 AM,,,2,,,,,,,
2763568,2021-211340910,2,False,4313,5/14/2021 9:29:00 PM,2129,V4,1368,4313,San Jose,43,True,True,C,REAR END,,Friday,,,F,,False,False,False,,C,OTHER MOTOR VEHICLE,,2.0,0.0,CLEAR,, NO UNUSUAL CONDITIONS - NO UNUSUAL CONDITIONS,, ,C,DARK-STREET LIGHTS,,,,,,,A,NO PEDESTRIANS INVOLVED,,A,22350,,1.0,E JULIAN ST,VICTO,,,A,,,N 17TH ST,,,D,7/26/2024 12:43:04 PM,1/29/2025 10:25:28 AM,,,2,,,,,,,
2763567,2021-211310992,2,False,4313,5/11/2021 9:45:00 PM,2145,5,1368,4313,San Jose,43,True,True,B,SIDE SWIPE,,Tuesday,,,F,,False,False,True,,D,MOTOR VEHICLE ON OTHER ROADWAY,,3.0,0.0,CLEAR,, NO UNUSUAL CONDITIONS - NO UNUSUAL CONDITIONS,, ,C,DARK-STREET LIGHTS,,,,,,,A,NO PEDESTRIANS INVOLVED,,A,22350,,1.0,S WHITE RD,CHARL,,,A,,,S WHITE RD 1500,,,A,7/26/2024 12:43:04 PM,1/29/2025 10:25:28 AM,,,2,,,,,,,
2763512,2021-211270134,2,False,4313,5/7/2021 7:20:00 AM,720,F5,1368,4313,San Jose,43,True,True,D,BROADSIDE,,Friday,,,,,False,False,True,,C,OTHER MOTOR VEHICLE,,4.0,0.0,CLEAR,, NO UNUSUAL CONDITIONS - NO UNUSUAL CONDITIONS,, ,A,DAYLIGHT,,,,,,,A,NO PEDESTRIANS INVOLVED,,A,21453A,,1.0,PARKMOOR AV,WESTE,,,A,,,LEIGH AV,,,A,7/26/2024 12:42:56 PM,1/29/2025 10:25:25 AM,,,2,,,,,,,
2763495,2021-211350004,2,False,4313,5/15/2021 12:02:00 AM,2,L5,1368,4313,San Jose,43,True,True,E,HIT OBJECT,,Saturday,,,F,,False,False,True,,E,PARKED MOTOR VEHICLE,,2.0,0.0,CLEAR,, NO UNUSUAL CONDITIONS - NO UNUSUAL CONDITIONS,, ,C,DARK-STREET LIGHTS,,,,,,,A,NO PEDESTRIANS INVOLVED,,A,23152,,1.0,SUNBURST DR,DL,,,A,,,SOUTHSIDE DR,,,D,7/26/2024 12:42:53 PM,1/29/2025 10:25:23 AM,,,2,,,,,,,
2763493,2021-211320914,2,False,4313,5/12/2021 8:23:00 PM,2023,R3,1368,4313,San Jose,43,True,True,B,SIDE SWIPE,,Wednesday,,,,,False,False,False,,C,OTHER MOTOR VEHICLE,,1.0,0.0,CLEAR,, NO UNUSUAL CONDITIONS - NO UNUSUAL CONDITIONS,, ,B,DUSK-DAWN,,,,,,,A,NO PEDESTRIANS INVOLVED,,A,21750A,,1.0,KERLEY DR,ROBER,,,A,,,KERLEY DR 1465,,,D,7/26/2024 12:42:53 PM,1/29/2025 10:25:23 AM,,,2,,,,,,,