Collision Id,	Report Number,	Report Version,	Is Preliminary,	NCIC Code,Crash Date Time,	Crash Time Description,	Beat,City Id,	City Code,	City Name,County Code,	City Is Active,	City Is Incorporated,	Collision Type Code,Collision Type Description,	Collision Type Other Desc,	Day Of Week,	DispatchNotified,	HasPhotographs,	HitRun,	IsAttachmentsMailed,	IsDeleted,	IsHighwayRelated,	IsTowAway,	JudicialDistrict,	MotorVehicleInvolvedWithCode,	MotorVehicleInvolvedWithDesc,MotorVehicleInvolvedWithOtherDesc,	NumberInjured,	NumberKilled,Weather 1, Weather 2, Road Condition 1, Road Condition 2, Special Condition,LightingCode, LightingDescription,Latitude,Longitude,MilepostDirection,MilepostDistance,MilepostMarker,MilepostUnitOfMeasure,	PedestrianActionCode,PedestrianActionDesc,PreparedDate,	Primary Collision Factor Code,Primary Collision Factor Violation,PrimaryCollisionFactorIsCited,	PrimaryCollisionPartyNumber,	PrimaryRoad,	ReportingDistrict,	ReportingDistrictCode,ReviewedDate,	RoadwaySurfaceCode,SecondaryDirection,	SecondaryDistance,	SecondaryRoad,	SecondaryUnitOfMeasure,	SketchDesc,	TrafficControlDeviceCode,CreatedDate,	ModifiedDate,IsCountyRoad,IsFreeway,CHP555Version,	IsAdditonalObjectStruck,NotificationDate,	NotificationTimeDescription,	HasDigitalMediaFiles,	EvidenceNumber,	IsLocationReferToNarrative,	IsAOIOneSameAsLocation
2845841,2021-213480414,2,False,4313,12/14/2021 12:40:00 PM,1240,T4,1368,4313,San Jose,43,True,True,B,SIDE SWIPE,,Tuesday,,,,,False,False,False,,C,OTHER MOTOR VEHICLE,,1.0,0.0,CLOUDY,, NO UNUSUAL CONDITIONS - NO UNUSUAL CONDITIONS,, ,A,DAYLIGHT,,,,,,,A,NO PEDESTRIANS INVOLVED,,A,21658A,,1.0,BASCOM AV,DT,,,A,,,DRY CREEK RD,,,A,7/29/2024 10:24:10 AM,1/29/2025 2:44:00 PM,,,2,,,,,,,
2845840,2021-213490132,2,False,4313,12/15/2021 5:45:00 AM,545,P2,1368,4313,San Jose,43,True,True,,,,Wednesday,,,,,False,False,True,,C,OTHER MOTOR VEHICLE,,1.0,0.0,CLEAR,, NO UNUSUAL CONDITIONS - NO UNUSUAL CONDITIONS,, ,C,DARK-STREET LIGHTS,,,,,,,A,NO PEDESTRIANS INVOLVED,,A,21453A,,1.0,TULLY RD,FOOTH,,,A,,,E CAPITOL EX,,,,7/29/2024 10:24:10 AM,1/29/2025 2:44:00 PM,,,2,,,,,,,
2845839,2021-213490991,2,False,4313,12/15/2021 11:02:00 PM,2302,3,1368,4313,San Jose,43,True,True,E,HIT OBJECT,,Wednesday,,,,,False,False,True,,J,OTHER OBJECT,,1.0,0.0,RAINING,, NO UNUSUAL CONDITIONS - NO UNUSUAL CONDITIONS,, ,C,DARK-STREET LIGHTS,,,,,,,A,NO PEDESTRIANS INVOLVED,,A,23152,,1.0,CURTNER AV,TOM,,,B,W,59.0,COASTLAND AV,F,,D,7/29/2024 10:24:10 AM,1/29/2025 2:44:00 PM,,,2,,,,,,,
2845838,2021-213480129,2,False,4313,12/14/2021 7:15:00 AM,715,X1,1368,4313,San Jose,43,True,True,A,HEAD-ON,,Tuesday,,,,,False,False,True,,C,OTHER MOTOR VEHICLE,,1.0,0.0,CLOUDY,, NO UNUSUAL CONDITIONS - NO UNUSUAL CONDITIONS,, ,A,DAYLIGHT,,,,,,,A,NO PEDESTRIANS INVOLVED,,A,21651,,1.0,BRANHAM LN,SOUTH,,,B,,,BRANHAM LN 191,,,D,7/29/2024 10:24:10 AM,1/29/2025 2:44:00 PM,,,2,,,,,,,
2845837,2021-213490418,2,False,4313,12/15/2021 12:28:00 PM,1228,2,1368,4313,San Jose,43,True,True,,,,Wednesday,,,,,False,False,False,,I,FIXED OBJECT,,1.0,0.0,CLEAR,, NO UNUSUAL CONDITIONS - NO UNUSUAL CONDITIONS,, ,A,DAYLIGHT,,,,,,,D,CROSSING - NOT IN CROSSWALK,,A,22350,,1.0,4TH ST,,,,A,,,4TH ST 359,,,A,7/29/2024 10:24:10 AM,1/29/2025 2:44:00 PM,,,2,,,,,,,
2845802,2021-213260292,2,False,4313,11/22/2021 9:35:00 AM,935,M5,1368,4313,San Jose,43,True,True,E,HIT OBJECT,,Monday,,,,,False,False,True,,J,OTHER OBJECT,,0.0,0.0,CLEAR,, NO UNUSUAL CONDITIONS - NO UNUSUAL CONDITIONS,, ,A,DAYLIGHT,,,,,,,A,NO PEDESTRIANS INVOLVED,,A,22350,,1.0,SOUTH WHITE RD,FOOTH,,,A,,,ALUM ROCK AV,,,D,7/29/2024 10:24:06 AM,1/29/2025 2:43:59 PM,,,2,,,,,,,
2845801,2021-213130711,2,False,4313,11/9/2021 5:29:00 PM,1729,F5,1368,4313,San Jose,43,True,True,C,REAR END,,Tuesday,,,,,False,False,True,,C,OTHER MOTOR VEHICLE,,2.0,0.0,CLEAR,, NO UNUSUAL CONDITIONS - NO UNUSUAL CONDITIONS,, ,C,DARK-STREET LIGHTS,,,,,,,A,NO PEDESTRIANS INVOLVED,,A,22350,,1.0,SAN CARLOS ST,FRANK,,,A,,,BUENA VISTA AV,,,,7/29/2024 10:24:06 AM,1/29/2025 2:43:59 PM,,,2,,,,,,,
2845501,2021-212810055,2,False,4313,10/8/2021 1:52:00 AM,152,M4,1368,4313,San Jose,43,True,True,F,OVERTURNED,,Friday,,,,,False,False,True,,I,FIXED OBJECT,,1.0,0.0,CLEAR,, NO UNUSUAL CONDITIONS - NO UNUSUAL CONDITIONS,, ,C,DARK-STREET LIGHTS,,,,,,,A,NO PEDESTRIANS INVOLVED,,A,22350,,1.0,S JACKSON AV ,FOOTH,,,A,S,114.0,DOBERN AV,F,,D,7/29/2024 10:23:36 AM,1/29/2025 2:43:48 PM,,,2,,,,,,,
2845500,2021-212930686,2,False,4313,10/20/2021 4:27:00 PM,1627,3,1368,4313,San Jose,43,True,True,D,BROADSIDE,,Wednesday,,,,,False,False,True,,C,OTHER MOTOR VEHICLE,,2.0,0.0,CLEAR,CLOUDY, NO UNUSUAL CONDITIONS - NO UNUSUAL CONDITIONS,, ,A,DAYLIGHT,,,,,,,A,NO PEDESTRIANS INVOLVED,,A,21804A,,1.0,ALMADEN EXPWY,ADAM,,,A,,,BRANHAM LN,,,D,7/29/2024 10:23:36 AM,1/29/2025 2:43:48 PM,,,2,,,,,,,
2845499,2021-212820632,2,False,4313,10/9/2021 4:17:00 PM,1617,T4,1368,4313,San Jose,43,True,True,A,HEAD-ON,,Saturday,,,,,False,False,False,,G,BICYCLE,,1.0,0.0,CLEAR,, NO UNUSUAL CONDITIONS - NO UNUSUAL CONDITIONS,, ,A,DAYLIGHT,,,,,,,A,NO PEDESTRIANS INVOLVED,,A,21451A,,1.0,JACOB AV,DT,,,A,,,MERIDIAN AV,,,A,7/29/2024 10:23:36 AM,1/29/2025 2:43:48 PM,,,2,,,,,,,
2845498,2021-212970986,2,False,4313,10/24/2021 11:19:00 PM,2319,E4,1368,4313,San Jose,43,True,True,C,REAR END,,Sunday,,,F,,False,False,True,,C,OTHER MOTOR VEHICLE,,1.0,0.0,RAINING,, NO UNUSUAL CONDITIONS - NO UNUSUAL CONDITIONS,, ,C,DARK-STREET LIGHTS,,,,,,,A,NO PEDESTRIANS INVOLVED,,A,21703,,1.0,REED ST,EDWAR,,,B,,,3RD ST,,,A,7/29/2024 10:23:36 AM,1/29/2025 2:43:48 PM,,,2,,,,,,,
2845497,2021-212820802,2,False,4313,10/9/2021 7:21:00 PM,1921,Y1,1368,4313,San Jose,43,True,True,A,HEAD-ON,,Saturday,,,,,False,False,True,,C,OTHER MOTOR VEHICLE,,2.0,0.0,CLEAR,, NO UNUSUAL CONDITIONS - NO UNUSUAL CONDITIONS,, ,C,DARK-STREET LIGHTS,,,,,,,A,NO PEDESTRIANS INVOLVED,,A,22453,,,SANTA TERESA BL,SOUTH,,,A,,,CHESBRO AV,,,A,7/29/2024 10:23:36 AM,1/29/2025 2:43:48 PM,,,2,,,,,,,
2845496,2021-212820469,2,False,4313,10/9/2021 1:16:00 PM,1316,R1,1368,4313,San Jose,43,True,True,D,BROADSIDE,,Saturday,,,,,False,False,True,,C,OTHER MOTOR VEHICLE,,1.0,0.0,CLEAR,, NO UNUSUAL CONDITIONS - NO UNUSUAL CONDITIONS,, ,A,DAYLIGHT,,,,,,,A,NO PEDESTRIANS INVOLVED,,A,22500,,1.0,N 1ST ST,ROBER,,,,,,MONTAGUE EX,,,A,7/29/2024 10:23:36 AM,1/29/2025 2:43:48 PM,,,2,,,,,,,
2845495,2021-212820334,2,False,4313,10/9/2021 10:20:00 AM,1020,K4,1368,4313,San Jose,43,True,True,,,,Saturday,,,,,False,False,False,,B,PEDESTRIAN,,1.0,0.0,CLEAR,, NO UNUSUAL CONDITIONS - NO UNUSUAL CONDITIONS,, ,A,DAYLIGHT,,,,,,,B,CROSSING IN CROSS WALK AT INTERSECTION,,A,21950,,1.0,N 17TH ST,DK,,,A,,,E SANTA CLARA ST,,,A,7/29/2024 10:23:35 AM,1/29/2025 2:43:48 PM,,,2,,,,,,,
2845494,2021-21990236,2,False,4313,10/26/2021 8:54:00 AM,854,K2,1368,4313,San Jose,43,True,True,D,BROADSIDE,,Tuesday,,,,,False,False,False,,C,OTHER MOTOR VEHICLE,,1.0,0.0,CLOUDY,, NO UNUSUAL CONDITIONS - NO UNUSUAL CONDITIONS,, ,A,DAYLIGHT,,,,,,,A,NO PEDESTRIANS INVOLVED,,A,21453A,,1.0,S 4TH ST,CENTR,,,A,,,E WILLIAM ST,,,A,7/29/2024 10:23:35 AM,1/29/2025 2:43:48 PM,,,2,,,,,,,
2845493,2021-212820241,2,False,4313,10/9/2021 10:09:00 AM,1009,L2,1368,4313,San Jose,43,True,True,B,SIDE SWIPE,,Saturday,,,,,False,True,True,,C,OTHER MOTOR VEHICLE,,1.0,0.0,CLEAR,, NO UNUSUAL CONDITIONS - NO UNUSUAL CONDITIONS,, ,A,DAYLIGHT,,,,,,,A,NO PEDESTRIANS INVOLVED,,A,22350,,1.0,STORY RD,LINCO,,,A,,,RT 101,,,D,7/29/2024 10:23:35 AM,1/29/2025 2:43:48 PM,,,2,,,,,,,
2845492,2021-212950382,2,False,4313,10/22/2021 11:57:00 AM,1157,3,1368,4313,San Jose,43,True,True,D,BROADSIDE,,Friday,,,,,False,False,True,,C,OTHER MOTOR VEHICLE,,2.0,0.0,CLEAR,, NO UNUSUAL CONDITIONS - NO UNUSUAL CONDITIONS,, ,A,DAYLIGHT,,,,,,,A,NO PEDESTRIANS INVOLVED,,A,22106,,1.0,MERIDIAN AV,SAM,,,A,E,35.0,WILLOW ST,F,,A,7/29/2024 10:23:35 AM,1/29/2025 2:43:48 PM,,,2,,,,,,,
2845491,2021-2930635,2,False,4313,10/20/2021 4:00:00 PM,1600,P5,1368,4313,San Jose,43,True,True,D,BROADSIDE,,Wednesday,,,,,False,False,True,,C,OTHER MOTOR VEHICLE,,1.0,0.0,CLOUDY,RAINING, NO UNUSUAL CONDITIONS - NO UNUSUAL CONDITIONS,, ,A,DAYLIGHT,,,,,,,A,NO PEDESTRIANS INVOLVED,,A,21804A,,1.0,ALTIA AV,FOOTH,,,B,,,MONTE VERDE LN,,,,7/29/2024 10:23:35 AM,1/29/2025 2:43:47 PM,,,2,,,,,,,
2845490,2021-212900213,2,False,4313,10/17/2021 6:44:00 AM,644,2,1368,4313,San Jose,43,True,True,D,BROADSIDE,,Sunday,,,,,False,False,True,,C,OTHER MOTOR VEHICLE,,2.0,0.0,CLEAR,, NO UNUSUAL CONDITIONS - NO UNUSUAL CONDITIONS,, ,C,DARK-STREET LIGHTS,,,,,,,A,NO PEDESTRIANS INVOLVED,,A,21453A,,,SARATOGA AV,DN,,,A,,,STEVENS CREEK BL,,,A,7/29/2024 10:23:35 AM,1/29/2025 2:43:47 PM,,,2,,,,,,,
2845489,2021-212990441,2,False,4313,10/26/2021 12:28:00 PM,1228,4,1368,4313,San Jose,43,True,True,G,VEHICLE/PEDESTRAIN,,Tuesday,,,,,False,False,False,,B,PEDESTRIAN,,1.0,0.0,CLEAR,, NO UNUSUAL CONDITIONS - NO UNUSUAL CONDITIONS,, ,A,DAYLIGHT,,,,,,,,,,A,21950,,1.0,WHITE RD,WILLI,,,A,,,MCKEE RD,,,A,7/29/2024 10:23:35 AM,1/29/2025 2:43:47 PM,,,2,,,,,,,
2845488,2021-213000190,2,False,4313,10/27/2021 7:26:00 AM,726,4,1368,4313,San Jose,43,True,True,D,BROADSIDE,,Wednesday,,,,,False,False,True,,C,OTHER MOTOR VEHICLE,,1.0,0.0,CLEAR,, NO UNUSUAL CONDITIONS - NO UNUSUAL CONDITIONS,, ,A,DAYLIGHT,37.221891,-121.533727,,,,,A,NO PEDESTRIANS INVOLVED,,A,22107,,1.0,E GISH RD,ROBER,,,A,,,OAKLAND RD,,,D,7/29/2024 10:23:35 AM,1/29/2025 2:43:47 PM,,,2,,,,,,,
2845487,2021-212870196,2,False,4313,10/14/2021 8:44:00 AM,844,M4,1368,4313,San Jose,43,True,True,A,HEAD-ON,,Thursday,,,,,False,True,False,,C,OTHER MOTOR VEHICLE,,1.0,0.0,CLEAR,, NO UNUSUAL CONDITIONS - NO UNUSUAL CONDITIONS,, ,A,DAYLIGHT,,,,,,,A,NO PEDESTRIANS INVOLVED,,A,21801,,1.0,JACKSON AV ,FOOTH,,,A,,,RT 680,,,D,7/29/2024 10:23:34 AM,1/29/2025 2:43:47 PM,,,2,,,,,,,
2845486,2021-212860957,2,False,4313,10/13/2021 8:13:00 PM,2013,R4,1368,4313,San Jose,43,True,True,A,HEAD-ON,,Wednesday,,,,,False,False,True,,C,OTHER MOTOR VEHICLE,,1.0,0.0,CLEAR,, NO UNUSUAL CONDITIONS - NO UNUSUAL CONDITIONS,, ,C,DARK-STREET LIGHTS,,,,,,,,,,A,21801A,,1.0,OLD BAYSHORE HWY,CENTR,,,A,,,E GISH RD,,,A,7/29/2024 10:23:34 AM,1/29/2025 2:43:47 PM,,,2,,,,,,,
2845485,2021-213040727,2,False,4313,10/31/2021 5:35:00 PM,1735,X3,1368,4313,San Jose,43,True,True,A,HEAD-ON,,Sunday,,,,,False,False,True,,C,OTHER MOTOR VEHICLE,,4.0,0.0,CLEAR,, NO UNUSUAL CONDITIONS - NO UNUSUAL CONDITIONS,, ,A,DAYLIGHT,37.164877,-121.485357,,,,,A,NO PEDESTRIANS INVOLVED,,A,23153A,,,PALISADE DR,XRAY,,,A,,,RIVER FALLS DR,,,D,7/29/2024 10:23:34 AM,1/29/2025 2:43:47 PM,,,2,,,,,,,
2845456,2021-212850202,2,False,4313,10/12/2021 8:01:00 AM,801,2,1368,4313,San Jose,43,True,True,,,,Tuesday,,,,,False,False,True,,C,OTHER MOTOR VEHICLE,,1.0,0.0,CLEAR,, NO UNUSUAL CONDITIONS - NO UNUSUAL CONDITIONS,, ,A,DAYLIGHT,37.233708,-121.523425,,,,,A,NO PEDESTRIANS INVOLVED,,A,21453A,,1.0,FOUR OAKS RD,ROBER,,,A,,,HOSTETTER RD,,,A,7/29/2024 10:23:31 AM,1/29/2025 2:43:46 PM,,,2,,,,,,,
2845455,2021-213021065,2,False,4313,10/29/2021 10:26:00 PM,2226,R2,1368,4313,San Jose,43,True,True,D,BROADSIDE,,Friday,,,F,,False,False,True,,C,OTHER MOTOR VEHICLE,,1.0,0.0,CLEAR,, NO UNUSUAL CONDITIONS - NO UNUSUAL CONDITIONS,, ,C,DARK-STREET LIGHTS,,,,,,,A,NO PEDESTRIANS INVOLVED,,A,23153A,,1.0,MURPHY AV,CENTR,,,A,,,RINGWOOD AV,,,A,7/29/2024 10:23:31 AM,1/29/2025 2:43:46 PM,,,2,,,,,,,
2845454,2021-212840462,2,False,4313,10/11/2021 12:44:00 PM,1244,4,1368,4313,San Jose,43,True,True,B,SIDE SWIPE,,Monday,,,,,False,False,False,,C,OTHER MOTOR VEHICLE,,1.0,0.0,CLEAR,, NO UNUSUAL CONDITIONS - NO UNUSUAL CONDITIONS,, ,A,DAYLIGHT,37.143334,-121.52299,,,,,A,NO PEDESTRIANS INVOLVED,,A,22107,,1.0,ALMADEN EX,ADAM,,,A,,,COLEMAN RD,,,D,7/29/2024 10:23:31 AM,1/29/2025 2:43:46 PM,,,2,,,,,,,
2845453,2021-212840199,2,False,4313,10/11/2021 7:52:00 AM,752,W2,1368,4313,San Jose,43,True,True,C,REAR END,,Monday,,,,,False,False,False,,C,OTHER MOTOR VEHICLE,,1.0,0.0,CLEAR,, ,, ,A,DAYLIGHT,37.231157,-121.513817,,,,,A,NO PEDESTRIANS INVOLVED,,A,22350,,1.0,N CAPITOL AV,WILLI,,,A,,,BERRYESSA RD,,,A,7/29/2024 10:23:31 AM,1/29/2025 2:43:46 PM,,,2,,,,,,,
2845452,2021-212850442,2,False,4313,10/12/2021 11:46:00 AM,1146,5,1368,4313,San Jose,43,True,True,A,HEAD-ON,,Tuesday,,,,,False,False,True,,,,,2.0,0.0,CLEAR,, NO UNUSUAL CONDITIONS - NO UNUSUAL CONDITIONS,, ,A,DAYLIGHT,,,,,,,A,NO PEDESTRIANS INVOLVED,,A,21453,,1.0,SAN TOMAS EXPWY,NORA,,,A,,,PAYNE AV,,,A,7/29/2024 10:23:30 AM,1/29/2025 2:43:46 PM,,,2,,,,,,,
2845451,2021-212980684,2,False,4313,10/25/2021 5:30:00 PM,1730,3,1368,4313,San Jose,43,True,True,G,VEHICLE/PEDESTRAIN,,Monday,,,F,,False,False,False,,B,PEDESTRIAN,,1.0,0.0,CLEAR,, NO UNUSUAL CONDITIONS - NO UNUSUAL CONDITIONS,, ,A,DAYLIGHT,,,,,,,B,CROSSING IN CROSS WALK AT INTERSECTION,,A,21950,,1.0,WILLOW ST,SAM,,,A,,,MERIDIAN AV,,,,7/29/2024 10:23:30 AM,1/29/2025 2:43:46 PM,,,2,,,,,,,
2845450,2021-212960574,2,False,4313,10/23/2021 3:11:00 PM,1511,E4,1368,4313,San Jose,43,True,True,D,BROADSIDE,,Saturday,,,,,False,False,True,,,,,2.0,0.0,CLEAR,, NO UNUSUAL CONDITIONS - NO UNUSUAL CONDITIONS,, ,A,DAYLIGHT,,,,,,,A,NO PEDESTRIANS INVOLVED,,A,21453,,1.0,E SAN SALVADOR ST,SJ SU,,,A,,,S 2ND ST,,,A,7/29/2024 10:23:30 AM,1/29/2025 2:43:46 PM,,,2,,,,,,,
2845449,2021-212960258,2,False,4313,10/23/2021 8:23:00 AM,823,T4,1368,4313,San Jose,43,True,True,D,BROADSIDE,,Saturday,,,,,False,False,True,,C,OTHER MOTOR VEHICLE,,1.0,0.0,CLEAR,, NO UNUSUAL CONDITIONS - NO UNUSUAL CONDITIONS,, ,A,DAYLIGHT,,,,,,,A,NO PEDESTRIANS INVOLVED,,D,,,,CURTNER AV,TOM,,,A,,,BACHMANN CT,,,D,7/29/2024 10:23:30 AM,1/29/2025 2:43:46 PM,,,2,,,,,,,
2845448,2021-212840218,2,False,4313,10/11/2021 8:27:00 AM,827,K6,1368,4313,San Jose,43,True,True,B,SIDE SWIPE,,Monday,,,,,False,False,False,,G,BICYCLE,,1.0,0.0,CLEAR,, NO UNUSUAL CONDITIONS - NO UNUSUAL CONDITIONS,, ,A,DAYLIGHT,,,,,,,A,NO PEDESTRIANS INVOLVED,,A,216501,,1.0,S 7TH ST,CENTR,,,A,,,MARGARET ST,,,A,7/29/2024 10:23:30 AM,1/29/2025 2:43:46 PM,,,2,,,,,,,
2845447,2021-212840165,2,False,4313,10/11/2021 6:50:00 AM,650,C4,1368,4313,San Jose,43,True,True,G,VEHICLE/PEDESTRAIN,,Monday,,,,,False,False,False,,B,PEDESTRIAN,,1.0,0.0,CLEAR,, NO UNUSUAL CONDITIONS - NO UNUSUAL CONDITIONS,, ,A,DAYLIGHT,,,,,,,A,NO PEDESTRIANS INVOLVED,,A,22106,,1.0,STORY RD,FOOTH,,,A,,,JACKSON AV,,,A,7/29/2024 10:23:30 AM,1/29/2025 2:43:46 PM,,,2,,,,,,,
2845446,2021-212830881,2,False,4313,10/10/2021 8:30:00 PM,2030,S2,1368,4313,San Jose,43,True,True,G,VEHICLE/PEDESTRAIN,,Sunday,,,,,False,False,False,,B,PEDESTRIAN,,1.0,0.0,CLEAR,, NO UNUSUAL CONDITIONS - NO UNUSUAL CONDITIONS,, ,C,DARK-STREET LIGHTS,,,,,,,B,CROSSING IN CROSS WALK AT INTERSECTION,,A,22350,,1.0,ST ELIZABETH DR,SAM,,,A,,,CURCI DR,,,A,7/29/2024 10:23:30 AM,1/29/2025 2:43:46 PM,,,2,,,,,,,
2845445,2021-212830793,2,False,4313,10/10/2021 7:00:00 PM,1900,Y-5,1368,4313,San Jose,43,True,True,D,BROADSIDE,,Sunday,,,,,False,False,True,,C,OTHER MOTOR VEHICLE,,2.0,0.0,CLEAR,, NO UNUSUAL CONDITIONS - NO UNUSUAL CONDITIONS,, ,B,DUSK-DAWN,,,,,,,A,NO PEDESTRIANS INVOLVED,,A,22107,,1.0,MONTEREY RD,SOUTH,,,A,,,RODLING WY,,,D,7/29/2024 10:23:30 AM,1/29/2025 2:43:46 PM,,,2,,,,,,,
2845444,2021-212830312,2,False,4313,10/10/2021 9:21:00 AM,921,C2,1368,4313,San Jose,43,True,True,E,HIT OBJECT,,Sunday,,,,,False,False,False,,I,FIXED OBJECT,,2.0,0.0,CLEAR,, NO UNUSUAL CONDITIONS - NO UNUSUAL CONDITIONS,, ,A,DAYLIGHT,,,,,,,A,NO PEDESTRIANS INVOLVED,,A,22107,,1.0,KING RD,FOOTH,,,A,,,TULLY RD,,,D,7/29/2024 10:23:30 AM,1/29/2025 2:43:46 PM,,,2,,,,,,,
2845403,2021-212960861,2,False,4313,10/23/2021 8:29:00 PM,2029,C3,1368,4313,San Jose,43,True,True,A,HEAD-ON,,Saturday,,,,,False,False,True,,E,PARKED MOTOR VEHICLE,,1.0,0.0,RAINING,, NO UNUSUAL CONDITIONS - NO UNUSUAL CONDITIONS,, ,C,DARK-STREET LIGHTS,,,,,,,A,NO PEDESTRIANS INVOLVED,,A,22350,,1.0,KARL ST,FOOTH,,,B,,,SULLIVAN AV,,,D,7/29/2024 10:23:25 AM,1/29/2025 2:43:44 PM,,,2,,,,,,,
2845371,2021-213060222,2,False,4313,11/2/2021 8:37:00 AM,837,5,1368,4313,San Jose,43,True,True,B,SIDE SWIPE,,Tuesday,,,,,False,False,False,,C,OTHER MOTOR VEHICLE,,1.0,0.0,CLEAR,CLOUDY, NO UNUSUAL CONDITIONS - NO UNUSUAL CONDITIONS,, ,A,DAYLIGHT,,,,,,,A,NO PEDESTRIANS INVOLVED,,A,21801,,1.0,FOWLER RD,P,,,A,,,TALATHY WY,,,,7/29/2024 10:23:22 AM,1/29/2025 2:43:43 PM,,,2,,,,,,,
2845370,2021-13061048,2,False,4313,11/2/2021 11:22:00 PM,2322,X2,1368,4313,San Jose,43,True,True,A,HEAD-ON,,Tuesday,,,,,False,False,True,,E,PARKED MOTOR VEHICLE,,1.0,0.0,CLEAR,, NO UNUSUAL CONDITIONS - NO UNUSUAL CONDITIONS,, ,C,DARK-STREET LIGHTS,,,,,,,A,NO PEDESTRIANS INVOLVED,,A,21460A,,1.0,SENTER RD,X-RAY,,,A,E,318.0,EZIE ST,F,,D,7/29/2024 10:23:22 AM,1/29/2025 2:43:43 PM,,,2,,,,,,,
2845369,2021-213050512,2,False,4313,11/1/2021 1:19:00 PM,1319,2,1368,4313,San Jose,43,True,True,A,HEAD-ON,,Monday,,,F,,False,False,False,,B,PEDESTRIAN,,1.0,0.0,CLOUDY,, NO UNUSUAL CONDITIONS - NO UNUSUAL CONDITIONS,, ,A,DAYLIGHT,,,,,,,E,IN ROAD - INCLUDES SHOULDER,,A,20001,,1.0,E SAN FERNANDO ST,VICTO,,,B,,,S 11TH ST,,,D,7/29/2024 10:23:22 AM,1/29/2025 2:43:43 PM,,,2,,,,,,,
2843706,2021-213200183,2,False,4313,11/16/2021 7:37:00 AM,737,5,1368,4313,San Jose,43,True,True,D,BROADSIDE,,Tuesday,,,,,False,False,True,,C,OTHER MOTOR VEHICLE,,3.0,0.0,CLEAR,, NO UNUSUAL CONDITIONS - NO UNUSUAL CONDITIONS,, ,A,DAYLIGHT,,,,,,,A,NO PEDESTRIANS INVOLVED,,A,21800A,,1.0,VINE ST,SAM,,,A,,,EDWARDS AV,,,D,7/29/2024 10:20:33 AM,1/29/2025 2:42:43 PM,,,2,,,,,,,
2843704,2021-213200196,2,False,4313,11/16/2021 8:00:00 AM,800,P6,1368,4313,San Jose,43,True,True,E,HIT OBJECT,,Tuesday,,,,,False,False,True,,I,FIXED OBJECT,,1.0,0.0,FOG/VISIBILITY,, NO UNUSUAL CONDITIONS - NO UNUSUAL CONDITIONS,, ,A,DAYLIGHT,37.172365,-121.472215,,,,,A,NO PEDESTRIANS INVOLVED,,A,22350,,1.0,HASSLER PKWY,FOOTH,,,A,,,SHILOH PL,,,D,7/29/2024 10:20:33 AM,1/29/2025 2:42:43 PM,,,2,,,,,,,
2843703,2021-213240666,2,False,4313,11/20/2021 5:45:00 PM,1745,T4,1368,4313,San Jose,43,True,True,D,BROADSIDE,,Saturday,,,,,False,False,True,,C,OTHER MOTOR VEHICLE,,1.0,0.0,CLOUDY,, NO UNUSUAL CONDITIONS - NO UNUSUAL CONDITIONS,, ,C,DARK-STREET LIGHTS,37.16456,-121.541694,,,,,A,NO PEDESTRIANS INVOLVED,,A,21801,,1.0,MERIDIAN AV,SOUTH,,,A,N,357.0,HILLSDALE AV,F,,D,7/29/2024 10:20:33 AM,1/29/2025 2:42:43 PM,,,2,,,,,,,
2843702,2021-213220014,2,False,4313,11/18/2021 12:17:00 AM,17,W1,1368,4313,San Jose,43,True,True,A,HEAD-ON,,Thursday,,,,,False,False,True,,I,FIXED OBJECT,,1.0,0.0,CLEAR,, ,, ,C,DARK-STREET LIGHTS,,,,,,,A,NO PEDESTRIANS INVOLVED,,A,22350,,1.0,PIEDMONT RD,DW,,,A,,,OLD PIEDMONT RD,,,D,7/29/2024 10:20:32 AM,1/29/2025 2:42:43 PM,,,2,,,,,,,
2843701,2021-213240465,2,False,4313,11/20/2021 1:40:00 PM,1340,2,1368,4313,San Jose,43,True,True,B,SIDE SWIPE,,Saturday,,,,,False,False,False,,C,OTHER MOTOR VEHICLE,,1.0,0.0,CLEAR,, NO UNUSUAL CONDITIONS - NO UNUSUAL CONDITIONS,, ,A,DAYLIGHT,,,,,,,A,NO PEDESTRIANS INVOLVED,,A,22107,,1.0,MERIDIAN AV,SAM,,,A,,,ISABEL DR,,,A,7/29/2024 10:20:32 AM,1/29/2025 2:42:43 PM,,,2,,,,,,,
2843655,2021-213220975,2,False,4313,11/18/2021 10:58:00 PM,2258,F3,1368,4313,San Jose,43,True,True,D,BROADSIDE,,Thursday,,,,,False,False,False,,C,OTHER MOTOR VEHICLE,,1.0,0.0,CLEAR,, NO UNUSUAL CONDITIONS - NO UNUSUAL CONDITIONS,, ,C,DARK-STREET LIGHTS,,,,,,,A,NO PEDESTRIANS INVOLVED,,A,22107,,1.0,THE ALAMEDA,WESTE,,,A,,,SCHIELE AV,,,A,7/29/2024 10:20:27 AM,1/29/2025 2:42:42 PM,,,2,,,,,,,
2843654,2021-213190803,2,False,4313,11/15/2021 8:23:00 PM,2023,X3,1368,4313,San Jose,43,True,True,D,BROADSIDE,,Monday,,,,,False,False,True,,C,OTHER MOTOR VEHICLE,,1.0,0.0,CLEAR,, NO UNUSUAL CONDITIONS - NO UNUSUAL CONDITIONS,, ,C,DARK-STREET LIGHTS,,,,,,,A,NO PEDESTRIANS INVOLVED,,A,21453,,1.0,BRANHAM LN,XRAY,,,A,,,SNELL AV,,,A,7/29/2024 10:20:27 AM,1/29/2025 2:42:42 PM,,,2,,,,,,,
2843653,2021-213210692,2,False,4313,11/17/2021 5:22:00 PM,1722,X3,1368,4313,San Jose,43,True,True,G,VEHICLE/PEDESTRAIN,,Wednesday,,,,,False,False,False,,B,PEDESTRIAN,,1.0,0.0,CLEAR,, NO UNUSUAL CONDITIONS - NO UNUSUAL CONDITIONS,, ,C,DARK-STREET LIGHTS,,,,,,,D,CROSSING - NOT IN CROSSWALK,,A,21954A,,1.0,BRANHAM LN,XRAY,,,A,,,MONTEREY RD,,,D,7/29/2024 10:20:27 AM,1/29/2025 2:42:42 PM,,,2,,,,,,,
2843652,2021-213200176,2,False,4313,11/16/2021 7:32:00 AM,732,4,1368,4313,San Jose,43,True,True,G,VEHICLE/PEDESTRAIN,,Tuesday,,,,,False,False,False,,G,BICYCLE,,1.0,0.0,CLEAR,, NO UNUSUAL CONDITIONS - NO UNUSUAL CONDITIONS,, ,A,DAYLIGHT,,,,,,,C,CROSSING IN CROSS WALK - NOT AT INTERSECTION,,A,21950,,1.0,PIEDMONT RD,WILLI,,,A,,,ROCKPORT AV ,,,D,7/29/2024 10:20:27 AM,1/29/2025 2:42:42 PM,,,2,,,,,,,