Collision Id,	Report Number,	Report Version,	Is Preliminary,	NCIC Code,Crash Date Time,	Crash Time Description,	Beat,City Id,	City Code,	City Name,County Code,	City Is Active,	City Is Incorporated,	Collision Type Code,Collision Type Description,	Collision Type Other Desc,	Day Of Week,	DispatchNotified,	HasPhotographs,	HitRun,	IsAttachmentsMailed,	IsDeleted,	IsHighwayRelated,	IsTowAway,	JudicialDistrict,	MotorVehicleInvolvedWithCode,	MotorVehicleInvolvedWithDesc,MotorVehicleInvolvedWithOtherDesc,	NumberInjured,	NumberKilled,Weather 1, Weather 2, Road Condition 1, Road Condition 2, Special Condition,LightingCode, LightingDescription,Latitude,Longitude,MilepostDirection,MilepostDistance,MilepostMarker,MilepostUnitOfMeasure,	PedestrianActionCode,PedestrianActionDesc,PreparedDate,	Primary Collision Factor Code,Primary Collision Factor Violation,PrimaryCollisionFactorIsCited,	PrimaryCollisionPartyNumber,	PrimaryRoad,	ReportingDistrict,	ReportingDistrictCode,ReviewedDate,	RoadwaySurfaceCode,SecondaryDirection,	SecondaryDistance,	SecondaryRoad,	SecondaryUnitOfMeasure,	SketchDesc,	TrafficControlDeviceCode,CreatedDate,	ModifiedDate,IsCountyRoad,IsFreeway,CHP555Version,	IsAdditonalObjectStruck,NotificationDate,	NotificationTimeDescription,	HasDigitalMediaFiles,	EvidenceNumber,	IsLocationReferToNarrative,	IsAOIOneSameAsLocation
2859879,2021-213110821,2,False,4313,11/7/2021 7:25:00 PM,1925,3,1368,4313,San Jose,43,True,True,E,HIT OBJECT,,Sunday,,,,,False,False,True,,I,FIXED OBJECT,,1.0,0.0,CLEAR,, NO UNUSUAL CONDITIONS - NO UNUSUAL CONDITIONS,, ,C,DARK-STREET LIGHTS,,,,,,,A,NO PEDESTRIANS INVOLVED,,A,22350,,1.0,EVANS LN,TOM,,,A,N,17.0,POLE #15M284,F,,D,7/29/2024 10:51:52 AM,1/29/2025 2:52:49 PM,,,2,,,,,,,
2859878,2021-213100591,2,False,4313,11/6/2021 4:18:00 PM,1618,K5,1368,4313,San Jose,43,True,True,C,REAR END,,Saturday,,,,,False,False,False,,C,OTHER MOTOR VEHICLE,,2.0,0.0,CLEAR,, NO UNUSUAL CONDITIONS - NO UNUSUAL CONDITIONS,, ,A,DAYLIGHT,37.203238,-121.51476,,,,,A,NO PEDESTRIANS INVOLVED,,A,12500,,1.0,PEACH CT,SANJO,,,A,E,78.0,S 24TH ST,F,,D,7/29/2024 10:51:52 AM,1/29/2025 2:52:49 PM,,,2,,,,,,,
2859877,2021-213090844,2,False,4313,11/5/2021 7:28:00 PM,1928,E4,1368,4313,San Jose,43,True,True,D,BROADSIDE,,Friday,,,,,False,False,True,,C,OTHER MOTOR VEHICLE,,1.0,0.0,CLEAR,, ,, ,C,DARK-STREET LIGHTS,37.194107,-121.525427,,,,,A,NO PEDESTRIANS INVOLVED,,A,22350,,1.0,E REED ST,DE,,,A,,,S 3RD ST,,,A,7/29/2024 10:51:52 AM,1/29/2025 2:52:49 PM,,,2,,,,,,,
2859876,2021-213090609,2,False,4313,11/5/2021 4:11:00 PM,1611,C3,1368,4313,San Jose,43,True,True,C,REAR END,,Friday,,,,,False,False,False,,C,OTHER MOTOR VEHICLE,,1.0,0.0,CLEAR,, NO UNUSUAL CONDITIONS - NO UNUSUAL CONDITIONS,, ,A,DAYLIGHT,37.19257,-121.492567,,,,,A,NO PEDESTRIANS INVOLVED,,A,21703,,1.0,TULLY CT,CHARL,,,A,,,HURAN DR,,,A,7/29/2024 10:51:52 AM,1/29/2025 2:52:49 PM,,,2,,,,,,,
2859875,2021-213080737,2,False,4313,11/4/2021 5:00:00 PM,1700,X3,1368,4313,San Jose,43,True,True,G,VEHICLE/PEDESTRAIN,,Thursday,,,,,False,False,False,,G,BICYCLE,,1.0,0.0,CLEAR,, NO UNUSUAL CONDITIONS - NO UNUSUAL CONDITIONS,, ,A,DAYLIGHT,,,,,,,A,NO PEDESTRIANS INVOLVED,,A,216511,,1.0,MONTEREY RD,XRAY,,,A,N,80.0,SOUTHSIDE DR,F,,D,7/29/2024 10:51:52 AM,1/29/2025 2:52:49 PM,,,2,,,,,,,
2859874,2021-213081027,2,False,4313,11/4/2021 10:46:00 PM,2246,R2,1368,4313,San Jose,43,True,True,D,BROADSIDE,,Thursday,,,,,False,False,True,,C,OTHER MOTOR VEHICLE,,1.0,0.0,CLEAR,, NO UNUSUAL CONDITIONS - NO UNUSUAL CONDITIONS,, ,C,DARK-STREET LIGHTS,,,,,,,A,NO PEDESTRIANS INVOLVED,,A,21453A,,1.0,MONTAGUE EXPWY,CENTR,,,A,,,OAKLAND RD,,,A,7/29/2024 10:51:52 AM,1/29/2025 2:52:48 PM,,,2,,,,,,,
2859873,2021-213080648,2,False,4313,11/4/2021 4:40:00 PM,1640,L6,1368,4313,San Jose,43,True,True,B,SIDE SWIPE,,Thursday,,,,,False,False,False,,C,OTHER MOTOR VEHICLE,,2.0,0.0,CLEAR,, NO UNUSUAL CONDITIONS - NO UNUSUAL CONDITIONS,, ,A,DAYLIGHT,,,,,,,A,NO PEDESTRIANS INVOLVED,,A,21801A,,1.0,FLORY DR,LINCO,,,A,,,MAYHEW CT,,,D,7/29/2024 10:51:52 AM,1/29/2025 2:52:48 PM,,,2,,,,,,,
2859867,2021-213160316,2,False,4313,11/12/2021 6:29:00 AM,629,3,1368,4313,San Jose,43,True,True,C,REAR END,,Friday,,,,,False,False,False,,C,OTHER MOTOR VEHICLE,,2.0,0.0,CLEAR,, NO UNUSUAL CONDITIONS - NO UNUSUAL CONDITIONS,, ,A,DAYLIGHT,,,,,,,A,NO PEDESTRIANS INVOLVED,,A,21703,,1.0,S 4TH ST,EDWAR,,,A,N,41.0,CARLOS ST,F,,A,7/29/2024 10:51:51 AM,1/29/2025 2:52:48 PM,,,2,,,,,,,
2859865,2021-213330858,2,False,4313,11/29/2021 7:46:00 PM,1946,X4,1368,4313,San Jose,43,True,True,D,BROADSIDE,,Monday,,,,,False,False,True,,C,OTHER MOTOR VEHICLE,,2.0,0.0,CLEAR,, NO UNUSUAL CONDITIONS - NO UNUSUAL CONDITIONS,, ,C,DARK-STREET LIGHTS,,,,,,,A,NO PEDESTRIANS INVOLVED,,A,22350,,1.0,SNELL RD,XRAY,,,A,,,WONG CT,,,A,7/29/2024 10:51:50 AM,1/29/2025 2:52:48 PM,,,2,,,,,,,
2859862,2021-213240617,2,False,4313,11/20/2021 4:49:00 PM,1649,F2,1368,4313,San Jose,43,True,True,B,SIDE SWIPE,,Saturday,,,,,False,False,True,,C,OTHER MOTOR VEHICLE,,1.0,0.0,CLEAR,, NO UNUSUAL CONDITIONS - NO UNUSUAL CONDITIONS,, ,C,DARK-STREET LIGHTS,,,,,,,A,NO PEDESTRIANS INVOLVED,,A,22107,,1.0,STEVENS CREEK BL,FRANK,,,A,,,N MONROE ST,,,A,7/29/2024 10:51:50 AM,1/29/2025 2:52:48 PM,,,2,,,,,,,
2859861,2021-213190690,2,False,4313,11/15/2021 5:29:00 PM,1729,T1,1368,4313,San Jose,43,True,True,C,REAR END,,Monday,,,,,False,False,True,,C,OTHER MOTOR VEHICLE,,1.0,0.0,CLEAR,, NO UNUSUAL CONDITIONS - NO UNUSUAL CONDITIONS,, ,B,DUSK-DAWN,,,,,,,A,NO PEDESTRIANS INVOLVED,,A,22350,,1.0,UNION AV,TOM,,,A,,,RT 85,,,A,7/29/2024 10:51:50 AM,1/29/2025 2:52:48 PM,,,2,,,,,,,
2859860,2021-213210607,2,False,4313,11/17/2021 2:00:00 PM,1400,C2,1368,4313,San Jose,43,True,True,G,VEHICLE/PEDESTRAIN,,Wednesday,,,,,False,False,False,,B,PEDESTRIAN,,1.0,0.0,CLEAR,, NO UNUSUAL CONDITIONS - NO UNUSUAL CONDITIONS,, ,A,DAYLIGHT,37.20406,-121.503996,,,,,B,CROSSING IN CROSS WALK AT INTERSECTION,,A,22450,,1.0,SCOTTY ST,FOOTH,,,,N,8.0,TERILYN AV,F,,D,7/29/2024 10:51:50 AM,1/29/2025 2:52:48 PM,,,2,,,,,,,
2859859,2021-213340741,2,False,4313,11/30/2021 4:32:00 PM,1632,4,1368,4313,San Jose,43,True,True,G,VEHICLE/PEDESTRAIN,,Tuesday,,,,,False,False,False,,B,PEDESTRIAN,,1.0,0.0,CLEAR,, NO UNUSUAL CONDITIONS - NO UNUSUAL CONDITIONS,, ,A,DAYLIGHT,37.18129,-121.51404,,,,,,,,A,22100A,,1.0,MONTEREY RD,LINCO,,,A,,,CURTNER AV,,,D,7/29/2024 10:51:50 AM,1/29/2025 2:52:48 PM,,,2,,,,,,,
2859858,2021-213200917,2,False,4313,11/16/2021 7:11:00 PM,1911,L1,1368,4313,San Jose,43,True,True,C,REAR END,,Tuesday,,,,,False,False,False,,B,PEDESTRIAN,,1.0,0.0,CLEAR,, ,, ,C,DARK-STREET LIGHTS,37.184948,-121.515504,,,,,F,NOT IN ROAD,,A,22106,,1.0,S 7TH ST,DL,,,A,,,PHELAN AV,,,D,7/29/2024 10:51:49 AM,1/29/2025 2:52:48 PM,,,2,,,,,,,
2859857,2021-213270147,2,False,4313,11/23/2021 5:56:00 AM,556,R3,1368,4313,San Jose,43,True,True,D,BROADSIDE,,Tuesday,,,,,False,False,True,,C,OTHER MOTOR VEHICLE,,1.0,0.0,CLEAR,, NO UNUSUAL CONDITIONS - NO UNUSUAL CONDITIONS,, ,A,DAYLIGHT,,,,,,,A,NO PEDESTRIANS INVOLVED,,A,21453,,1.0,NORTH 1ST ST,ROBER,,,A,S,44.0,SKYPORT DR,F,,D,7/29/2024 10:51:49 AM,1/29/2025 2:52:48 PM,,,2,,,,,,,
2859856,2021-213310348,2,False,4313,11/27/2021 11:16:00 AM,1116,2,1368,4313,San Jose,43,True,True,D,BROADSIDE,,Saturday,,,,,False,False,True,,C,OTHER MOTOR VEHICLE,,2.0,0.0,CLEAR,, NO UNUSUAL CONDITIONS - NO UNUSUAL CONDITIONS,, ,A,DAYLIGHT,,,,,,,A,NO PEDESTRIANS INVOLVED,,A,21453,,1.0,STORY RD,LINCO,,,A,,,REMILLARD CT,,,A,7/29/2024 10:51:49 AM,1/29/2025 2:52:48 PM,,,2,,,,,,,
2859855,2021-3160643,2,False,4313,11/12/2021 4:40:00 PM,1640,C3,1368,4313,San Jose,43,True,True,G,VEHICLE/PEDESTRAIN,,Friday,,,,,False,False,False,,B,PEDESTRIAN,,1.0,0.0,CLEAR,, NO UNUSUAL CONDITIONS - NO UNUSUAL CONDITIONS,, ,A,DAYLIGHT,,,,,,,D,CROSSING - NOT IN CROSSWALK,,A,21950B,,2.0,FOLEY AV,FOOTH,,,A,S,62.0,LIGHT POLE #12P346,F,,D,7/29/2024 10:51:49 AM,1/29/2025 2:52:48 PM,,,2,,,,,,,
2859854,2021-213190706,2,False,4313,11/15/2021 5:43:00 PM,1743,N2,1368,4313,San Jose,43,True,True,G,VEHICLE/PEDESTRAIN,,Monday,,,,,False,False,False,,B,PEDESTRIAN,,1.0,0.0,CLEAR,, NO UNUSUAL CONDITIONS - NO UNUSUAL CONDITIONS,, ,C,DARK-STREET LIGHTS,,,,,,,B,CROSSING IN CROSS WALK AT INTERSECTION,,A,29150A,,1.0,STEVENS CREEK BL,NORA,,,A,,,ALBANY DR,,,A,7/29/2024 10:51:49 AM,1/29/2025 2:52:48 PM,,,2,,,,,,,
2859853,2021-213160606,2,False,4313,11/12/2021 3:57:00 PM,1557,Y3,1368,4313,San Jose,43,True,True,D,BROADSIDE,,Friday,,,,,False,False,False,,G,BICYCLE,,1.0,0.0,CLEAR,, NO UNUSUAL CONDITIONS - NO UNUSUAL CONDITIONS,, ,A,DAYLIGHT,,,,,,,,,,A,22450,,1.0,CALPINE DR,DY,,,A,,,BANGOR AV,,,A,7/29/2024 10:51:49 AM,1/29/2025 2:52:48 PM,,,2,,,,,,,
2859852,2021-213170816,2,False,4313,11/13/2021 7:18:00 PM,1918,2,1368,4313,San Jose,43,True,True,E,HIT OBJECT,,Saturday,,,,,False,False,True,,I,FIXED OBJECT,,1.0,0.0,CLEAR,, NO UNUSUAL CONDITIONS - NO UNUSUAL CONDITIONS,, ,C,DARK-STREET LIGHTS,,,,,,,A,NO PEDESTRIANS INVOLVED,,A,21651A,,1.0,ST JAMES,EDWAR,,,A,W,30.0,TERRAINE ST,F,,A,7/29/2024 10:51:49 AM,1/29/2025 2:52:48 PM,,,2,,,,,,,
2859706,2021-213170258,2,False,4313,11/13/2021 8:40:00 AM,840,4,1368,4313,San Jose,43,True,True,D,BROADSIDE,,Saturday,,,,,False,False,False,,B,PEDESTRIAN,,0.0,0.0,CLEAR,, NO UNUSUAL CONDITIONS - NO UNUSUAL CONDITIONS,, ,A,DAYLIGHT,,,,,,,E,IN ROAD - INCLUDES SHOULDER,,A,21954A,,1.0,FOXWORTHY AV,TOM,,,A,,,ROSS AV,,,A,7/29/2024 10:51:30 AM,1/29/2025 2:52:42 PM,,,2,,,,,,,
2859562,2021-213420636,2,False,4313,12/8/2021 5:30:00 PM,1730,T5,1368,4313,San Jose,43,True,True,B,SIDE SWIPE,,Wednesday,,,,,False,False,True,,C,OTHER MOTOR VEHICLE,,1.0,0.0,CLEAR,, NO UNUSUAL CONDITIONS - NO UNUSUAL CONDITIONS,, ,A,DAYLIGHT,,,,,,,A,NO PEDESTRIANS INVOLVED,,A,21801,,,HILLSDALE AV,TOM,,,A,,,DOW DR,,,D,7/29/2024 10:51:14 AM,1/29/2025 2:52:36 PM,,,2,,,,,,,
2859561,2021-213400210,2,False,4313,12/6/2021 8:34:00 AM,834,C2,1368,4313,San Jose,43,True,True,C,REAR END,,Monday,,,,,False,False,True,,C,OTHER MOTOR VEHICLE,,1.0,0.0,CLEAR,, NO UNUSUAL CONDITIONS - NO UNUSUAL CONDITIONS,, ,A,DAYLIGHT,,,,,,,A,NO PEDESTRIANS INVOLVED,,A,22350,,1.0,STORY RD,CHARL,,,A,,,KNOX AV,,,D,7/29/2024 10:51:14 AM,1/29/2025 2:52:36 PM,,,2,,,,,,,
2859560,2021-213460803,2,False,4313,12/12/2021 9:55:00 PM,2155,F3,1368,4313,San Jose,43,True,True,D,BROADSIDE,,Sunday,,,F,,False,False,False,,C,OTHER MOTOR VEHICLE,,2.0,0.0,RAINING,, NO UNUSUAL CONDITIONS - NO UNUSUAL CONDITIONS,, ,C,DARK-STREET LIGHTS,,,,,,,A,NO PEDESTRIANS INVOLVED,,A,21453A,,1.0,W SAN CARLOS ST,WESTE,,,B,,,LINCOLN AV,,,A,7/29/2024 10:51:14 AM,1/29/2025 2:52:36 PM,,,2,,,,,,,
2859559,2021-213400802,2,False,4313,12/6/2021 7:12:00 PM,1912,2,1368,4313,San Jose,43,True,True,,,,Monday,,,,,False,False,True,,I,FIXED OBJECT,,1.0,0.0,CLEAR,, NO UNUSUAL CONDITIONS - NO UNUSUAL CONDITIONS,, ,C,DARK-STREET LIGHTS,,,,,,,A,NO PEDESTRIANS INVOLVED,,A,22350,,1.0,FOREST AV,FRANK,,,A,,,N MONROE ST,,,A,7/29/2024 10:51:14 AM,1/29/2025 2:52:36 PM,,,2,,,,,,,
2859558,2021-213460802,2,False,4313,12/12/2021 9:57:00 PM,2157,1,1368,4313,San Jose,43,True,True,E,HIT OBJECT,,Sunday,,,,,False,False,True,,I,FIXED OBJECT,,2.0,0.0,CLOUDY,RAINING, NO UNUSUAL CONDITIONS - NO UNUSUAL CONDITIONS,, ,C,DARK-STREET LIGHTS,,,,,,,A,NO PEDESTRIANS INVOLVED,,A,22350,,1.0,MONTGOMERY ST,EDWAR,,,B,,,W SANTA CLARA ST,,,A,7/29/2024 10:51:13 AM,1/29/2025 2:52:36 PM,,,2,,,,,,,
2859557,2021-213460500,2,False,4313,12/12/2021 2:39:00 PM,1439,Y5,1368,4313,San Jose,43,True,True,D,BROADSIDE,,Sunday,,,,,False,False,True,,C,OTHER MOTOR VEHICLE,,2.0,0.0,RAINING,, NO UNUSUAL CONDITIONS - NO UNUSUAL CONDITIONS,, ,A,DAYLIGHT,,,,,,,A,NO PEDESTRIANS INVOLVED,,A,21453A,,1.0,SILVER CREEK VALLEY RD,YELLO,,,B,,,SILVER CREEK VALLEY PL,,,A,7/29/2024 10:51:13 AM,1/29/2025 2:52:36 PM,,,2,,,,,,,
2859555,2021-213370937,2,False,4313,12/3/2021 10:13:00 PM,2213,4,1368,4313,San Jose,43,True,True,B,SIDE SWIPE,,Friday,,,,,False,False,True,,C,OTHER MOTOR VEHICLE,,1.0,0.0,CLEAR,, NO UNUSUAL CONDITIONS - NO UNUSUAL CONDITIONS,, ,C,DARK-STREET LIGHTS,,,,,,,A,NO PEDESTRIANS INVOLVED,,A,23152,,1.0,MONTEREY RD,LINCO,,,A,,,MONTECITO VISTA DR,,,A,7/29/2024 10:51:13 AM,1/29/2025 2:52:36 PM,,,2,,,,,,,
2859270,2021-213260610,2,False,4313,11/22/2021 3:00:00 PM,1500,L4,1368,4313,San Jose,43,True,True,B,SIDE SWIPE,,Monday,,,,,False,False,True,,C,OTHER MOTOR VEHICLE,,2.0,0.0,CLEAR,, NO UNUSUAL CONDITIONS - NO UNUSUAL CONDITIONS,, ,A,DAYLIGHT,37.181281,-121.511715,,,,,A,NO PEDESTRIANS INVOLVED,,A,21801A,,1.0,S 7TH ST,WESTE,,,A,,,TULLY RD,,,D,7/29/2024 10:50:38 AM,1/29/2025 2:52:25 PM,,,2,,,,,,,
2859269,2021-213400620,2,False,4313,12/6/2021 4:22:00 PM,1622,R4,1368,4313,San Jose,43,True,True,C,REAR END,,Monday,,,,,False,False,False,,C,OTHER MOTOR VEHICLE,,1.0,0.0,CLEAR,, NO UNUSUAL CONDITIONS - NO UNUSUAL CONDITIONS,, ,A,DAYLIGHT,37.22256,-121.533191,,,,,A,NO PEDESTRIANS INVOLVED,,A,22350,,1.0,OAKLAND RD,ROBER,,,A,,,CHARLES ST,,,A,7/29/2024 10:50:37 AM,1/29/2025 2:52:24 PM,,,2,,,,,,,
2859268,2021-213120299,2,False,4313,11/8/2021 10:38:00 AM,1038,2,1368,4313,San Jose,43,True,True,A,HEAD-ON,,Monday,,,,,False,False,True,,D,MOTOR VEHICLE ON OTHER ROADWAY,,2.0,0.0,CLEAR,, NO UNUSUAL CONDITIONS - NO UNUSUAL CONDITIONS,, ,A,DAYLIGHT,,,,,,,A,NO PEDESTRIANS INVOLVED,,A,21453A,,1.0,HOSTETTER RD,R,,,A,,,RT 680,,,A,7/29/2024 10:50:37 AM,1/29/2025 2:52:24 PM,,,2,,,,,,,
2859267,2021-213400338,2,False,4313,12/6/2021 11:00:00 AM,1100,S1,1368,4313,San Jose,43,True,True,D,BROADSIDE,,Monday,,,,,False,False,True,,C,OTHER MOTOR VEHICLE,,1.0,0.0,CLOUDY,, NO UNUSUAL CONDITIONS - NO UNUSUAL CONDITIONS,, ,A,DAYLIGHT,37.182994,-121.555455,,,,,A,NO PEDESTRIANS INVOLVED,,A,22107,,1.0,S BASCOM AV,WESTE,,,A,,,LINDAIRE AV,,,D,7/29/2024 10:50:37 AM,1/29/2025 2:52:24 PM,,,2,,,,,,,
2857169,2021-213600446,2,False,4313,12/25/2021 4:09:00 PM,1609,T2,1368,4313,San Jose,43,True,True,A,HEAD-ON,,Saturday,,,,,False,False,True,,I,FIXED OBJECT,,1.0,0.0,CLOUDY,, OTHER* - OTHER*,, ,A,DAYLIGHT,,,,,,,A,NO PEDESTRIANS INVOLVED,,A,22107,,1.0,LEIGH AV,DT,,,B,E,3.0,CURTNER AV,F,,A,7/29/2024 10:46:13 AM,1/29/2025 2:51:03 PM,,,2,,,,,,,
2857054,2021-213500234,2,False,4313,12/16/2021 9:15:00 AM,915,R1,1368,4313,San Jose,43,True,True,D,BROADSIDE,,Thursday,,,,,False,False,True,,C,OTHER MOTOR VEHICLE,,0.0,0.0,CLEAR,, NO UNUSUAL CONDITIONS - NO UNUSUAL CONDITIONS,, ,A,DAYLIGHT,,,,,,,A,NO PEDESTRIANS INVOLVED,,A,21453A,,1.0,MONTAGUE EXPWY,CENTR,,,B,W,45.0,N 1ST ST,F,,A,7/29/2024 10:45:58 AM,1/29/2025 2:50:58 PM,,,2,,,,,,,
2856865,2021-213460669,2,False,4313,12/12/2021 6:22:00 PM,1822,X3,1368,4313,San Jose,43,True,True,C,REAR END,,Sunday,,,F,,False,False,True,,C,OTHER MOTOR VEHICLE,,2.0,0.0,RAINING,, NO UNUSUAL CONDITIONS - NO UNUSUAL CONDITIONS,, ,C,DARK-STREET LIGHTS,,,,,,,A,NO PEDESTRIANS INVOLVED,,A,21703,,1.0,MONTEREY RD,X-RAY,,,B,,,SKYWAY DR,,,A,7/29/2024 10:45:34 AM,1/29/2025 2:50:51 PM,,,2,,,,,,,
2856836,2021-213280624,2,False,4313,11/24/2021 2:36:00 PM,1436,L1,1368,4313,San Jose,43,True,True,D,BROADSIDE,,Wednesday,,,,,False,False,True,,C,OTHER MOTOR VEHICLE,,1.0,0.0,CLEAR,, NO UNUSUAL CONDITIONS - NO UNUSUAL CONDITIONS,, ,A,DAYLIGHT,,,,,,,A,NO PEDESTRIANS INVOLVED,,A,21802,,1.0,KEYES ST,WESTE,,,A,,,S 6TH ST,,,A,7/29/2024 10:45:31 AM,1/29/2025 2:50:50 PM,,,2,,,,,,,
2856788,2021-213370617,2,False,4313,12/3/2021 4:15:00 PM,1615,W1,1368,4313,San Jose,43,True,True,D,BROADSIDE,,Friday,,,,,False,True,True,,C,OTHER MOTOR VEHICLE,,1.0,0.0,CLEAR,, NO UNUSUAL CONDITIONS - NO UNUSUAL CONDITIONS,, ,A,DAYLIGHT,,,,,,,A,NO PEDESTRIANS INVOLVED,,A,21453A,,1.0,HOSTETTER RD,FOOTH,,,A,,,RT 680,,,A,7/29/2024 10:45:25 AM,1/29/2025 2:50:48 PM,,,2,,,,,,,
2856784,2021-213380979,2,False,4313,12/4/2021 10:55:00 PM,2255,L5,1368,4313,San Jose,43,True,True,E,HIT OBJECT,,Saturday,,,,,False,False,True,,J,OTHER OBJECT,,1.0,0.0,CLEAR,, NO UNUSUAL CONDITIONS - NO UNUSUAL CONDITIONS,, ,C,DARK-STREET LIGHTS,,,,,,,A,NO PEDESTRIANS INVOLVED,,A,21651A,,1.0,MONTEREY RD,LINCO,,,A,,,FEHREN DR,,,A,7/29/2024 10:45:25 AM,1/29/2025 2:50:48 PM,,,2,,,,,,,
2856781,2021-3130757,2,False,4313,11/9/2021 6:28:00 PM,1828,P2,1368,4313,San Jose,43,True,True,D,BROADSIDE,,Tuesday,,,,,False,False,True,,C,OTHER MOTOR VEHICLE,,2.0,0.0,CLEAR,, NO UNUSUAL CONDITIONS - NO UNUSUAL CONDITIONS,, ,A,DAYLIGHT,,,,,,,A,NO PEDESTRIANS INVOLVED,,A,21453A,,1.0,E CAPITOL EXPWY,FOOTH,,,A,,,TULLY RD,,,A,7/29/2024 10:45:24 AM,1/29/2025 2:50:48 PM,,,2,,,,,,,
2856687,2021-213070379,2,False,4313,11/3/2021 11:30:00 AM,1130,N3,1368,4313,San Jose,43,True,True,C,REAR END,,Wednesday,,,,,False,True,False,,C,OTHER MOTOR VEHICLE,,2.0,0.0,CLEAR,, NO UNUSUAL CONDITIONS - NO UNUSUAL CONDITIONS,, ,A,DAYLIGHT,,,,,,,A,NO PEDESTRIANS INVOLVED,,A,22350,,1.0,SARATOGA AV,DISTR,,,A,N,38.0,RT 280,F,,,7/29/2024 10:45:13 AM,1/29/2025 2:50:44 PM,,,2,,,,,,,
2856246,2021-213530618,2,False,4313,12/19/2021 4:13:00 PM,1613,X1,1368,4313,San Jose,43,True,True,C,REAR END,,Sunday,,,,,False,False,False,,G,BICYCLE,,1.0,0.0,CLEAR,, NO UNUSUAL CONDITIONS - NO UNUSUAL CONDITIONS,, ,A,DAYLIGHT,,,,,,,,,,A,22107,,1.0,SNELL AV,SOUTH,,,A,,,BRANHAM LN,,,D,7/29/2024 10:44:18 AM,1/29/2025 2:50:28 PM,,,2,,,,,,,
2854152,2021-213020068,2,False,4313,10/29/2021 1:28:00 AM,128,A2,1368,4313,San Jose,43,True,True,E,HIT OBJECT,,Friday,,,,,False,False,True,,I,FIXED OBJECT,,1.0,0.0,CLEAR,, NO UNUSUAL CONDITIONS - NO UNUSUAL CONDITIONS,, ,C,DARK-STREET LIGHTS,,,,,,,A,NO PEDESTRIANS INVOLVED,,A,22350,,1.0,CANTO DR,ADAM,,,A,,,CAMDEN AV,,,D,7/29/2024 10:39:56 AM,1/29/2025 2:49:10 PM,,,2,,,,,,,
2854150,2021-213020543,2,False,4313,10/29/2021 2:37:00 PM,1437,2,1368,4313,San Jose,43,True,True,A,HEAD-ON,,Friday,,,,,False,False,False,,I,FIXED OBJECT,,2.0,0.0,CLEAR,, NO UNUSUAL CONDITIONS - NO UNUSUAL CONDITIONS,, ,A,DAYLIGHT,37.233958,-121.494358,,,,,A,NO PEDESTRIANS INVOLVED,,A,22107,,1.0,PENITENCIA CREEK RD,WILLI,,,A,,,PENITENCIA CREEK RD 3636,,,D,7/29/2024 10:39:56 AM,1/29/2025 2:49:10 PM,,,2,,,,,,,
2854055,2021-213010134,2,False,4313,10/28/2021 5:37:00 AM,537,R1,1368,4313,San Jose,43,True,True,G,VEHICLE/PEDESTRAIN,,Thursday,,,,,False,False,False,,B,PEDESTRIAN,,1.0,0.0,CLEAR,, LOOSE MATERIAL ON ROADWAY* - LOOSE MATERIAL ON ROADWAY*,, ,C,DARK-STREET LIGHTS,,,,,,,E,IN ROAD - INCLUDES SHOULDER,,A,21954A,,1.0,DIXION LANDING RD,CENTR,,,A,,,DIXION LANDING RD  1601,,,D,7/29/2024 10:39:45 AM,1/29/2025 2:49:07 PM,,,2,,,,,,,
2854051,2021-213010592,2,False,4313,10/28/2021 3:24:00 PM,1524,M1,1368,4313,San Jose,43,True,True,B,SIDE SWIPE,,Thursday,,,,,False,False,False,,C,OTHER MOTOR VEHICLE,,1.0,0.0,CLEAR,, NO UNUSUAL CONDITIONS - NO UNUSUAL CONDITIONS,, ,A,DAYLIGHT,,,,,,,A,NO PEDESTRIANS INVOLVED,,A,21750,,1.0,MCKEE RD,FOOTH,,,A,,,N KING RD,,,A,7/29/2024 10:39:45 AM,1/29/2025 2:49:06 PM,,,2,,,,,,,
2854044,2021-213270712,2,False,4313,11/23/2021 3:56:00 PM,1556,3,1368,4313,San Jose,43,True,True,D,BROADSIDE,,Tuesday,,,,,False,False,True,,F,TRAIN,,1.0,0.0,CLEAR,, NO UNUSUAL CONDITIONS - NO UNUSUAL CONDITIONS,, ,A,DAYLIGHT,,,,,,,A,NO PEDESTRIANS INVOLVED,,A,21435,,1.0,N 1ST ST,ROBER,,,A,,,E ROSEMARY ST,,,D,7/29/2024 10:39:44 AM,1/29/2025 2:49:06 PM,,,2,,,,,,,
2853951,2021-213060680,2,False,4313,11/2/2021 4:32:00 PM,1632,M5,1368,4313,San Jose,43,True,True,D,BROADSIDE,,Tuesday,,,,,False,False,True,,C,OTHER MOTOR VEHICLE,,1.0,0.0,CLEAR,, NO UNUSUAL CONDITIONS - NO UNUSUAL CONDITIONS,, ,A,DAYLIGHT,37.215675,-121.501943,,,,,A,NO PEDESTRIANS INVOLVED,,A,21453,,,N CAPITOL AV,DM,,,A,,,MADDEN AV,,,A,7/29/2024 10:39:31 AM,1/29/2025 2:49:03 PM,,,2,,,,,,,
2853948,2021-213060645,2,False,4313,11/2/2021 4:01:00 PM,1601,T1,1368,4313,San Jose,43,True,True,C,REAR END,,Tuesday,,,,,False,False,False,,C,OTHER MOTOR VEHICLE,,1.0,0.0,CLEAR,, NO UNUSUAL CONDITIONS - NO UNUSUAL CONDITIONS,, ,A,DAYLIGHT,37.152782,-121.562782,,,,,A,NO PEDESTRIANS INVOLVED,,A,22350,,1.0,S BASCOM AV,SOUTH,,,A,,,CAMDEN AV,,,A,7/29/2024 10:39:31 AM,1/29/2025 2:49:03 PM,,,2,,,,,,,
2853946,2021-213070481,2,False,4313,11/3/2021 1:30:00 PM,1330,E2,1368,4313,San Jose,43,True,True,B,SIDE SWIPE,,Wednesday,,,,,False,False,False,,G,BICYCLE,,1.0,0.0,CLEAR,, NO UNUSUAL CONDITIONS - NO UNUSUAL CONDITIONS,, ,A,DAYLIGHT,,,,,,,B,CROSSING IN CROSS WALK AT INTERSECTION,,A,21950,,1.0,N 3RD ST,EDWAR,,,A,,,E ST JAMES ST,,,A,7/29/2024 10:39:31 AM,1/29/2025 2:49:03 PM,,,2,,,,,,,